PC1,PC2,Probability,Free_Energy_kJ_mol,Sampled
-3.6964434,-3.82039705,0.0,,False
-3.6964434,-3.74333115,0.0,,False
-3.6964434,-3.66626525,0.0,,False
-3.6964434,-3.58919935,0.0,,False
-3.6964434,-3.51213345,0.0,,False
-3.6964434,-3.43506755,0.0,,False
-3.6964434,-3.35800165,0.0,,False
-3.6964434,-3.28093575,0.0,,False
-3.6964434,-3.20386985,0.0,,False
-3.6964434,-3.1268039499999998,0.0,,False
-3.6964434,-3.0497380499999998,0.0,,False
-3.6964434,-2.9726721499999997,0.0,,False
-3.6964434,-2.8956062499999997,0.0,,False
-3.6964434,-2.8185403499999997,0.0,,False
-3.6964434,-2.7414744499999997,0.0,,False
-3.6964434,-2.6644085499999997,0.0,,False
-3.6964434,-2.5873426499999996,0.0,,False
-3.6964434,-2.5102767499999996,0.0,,False
-3.6964434,-2.4332108499999996,0.0,,False
-3.6964434,-2.3561449499999996,0.0,,False
-3.6964434,-2.2790790499999996,0.0,,False
-3.6964434,-2.2020131499999995,0.0,,False
-3.6964434,-2.1249472499999995,0.0,,False
-3.6964434,-2.04788135,0.0,,False
-3.6964434,-1.97081545,0.0,,False
-3.6964434,-1.89374955,0.0,,False
-3.6964434,-1.8166836499999999,0.0,,False
-3.6964434,-1.7396177499999999,0.0,,False
-3.6964434,-1.6625518499999998,0.0,,False
-3.6964434,-1.5854859499999998,0.0,,False
-3.6964434,-1.5084200499999998,0.0,,False
-3.6964434,-1.4313541499999998,0.0,,False
-3.6964434,-1.3542882499999997,0.0,,False
-3.6964434,-1.2772223499999997,0.0,,False
-3.6964434,-1.2001564499999997,0.0,,False
-3.6964434,-1.1230905499999997,0.0,,False
-3.6964434,-1.0460246499999997,0.0,,False
-3.6964434,-0.9689587499999996,0.0,,False
-3.6964434,-0.8918928499999996,0.0,,False
-3.6964434,-0.8148269499999996,0.0,,False
-3.6964434,-0.7377610499999996,0.0,,False
-3.6964434,-0.6606951499999996,0.0,,False
-3.6964434,-0.5836292499999995,0.0,,False
-3.6964434,-0.5065633499999995,0.0,,False
-3.6964434,-0.4294974499999995,0.0,,False
-3.6964434,-0.3524315499999995,0.0,,False
-3.6964434,-0.27536564999999946,0.0,,False
-3.6964434,-0.19829974999999966,0.0,,False
-3.6964434,-0.12123384999999987,0.0,,False
-3.6964434,-0.044167949999999845,0.0,,False
-3.6964434,0.032897950000000176,0.0,,False
-3.6964434,0.1099638500000002,0.0,,False
-3.6964434,0.18702975000000022,0.0,,False
-3.6964434,0.26409565000000024,0.0,,False
-3.6964434,0.34116155000000026,0.0,,False
-3.6964434,0.4182274500000003,0.0,,False
-3.6964434,0.4952933500000003,0.0,,False
-3.6964434,0.5723592500000003,0.0,,False
-3.6964434,0.6494251500000003,0.0,,False
-3.6964434,0.7264910500000004,0.0,,False
-3.6964434,0.8035569500000004,0.0,,False
-3.6964434,0.8806228500000004,0.0,,False
-3.6964434,0.9576887500000004,0.0,,False
-3.6964434,1.0347546500000004,0.0,,False
-3.6964434,1.1118205500000005,0.0,,False
-3.6964434,1.1888864500000005,0.0,,False
-3.6964434,1.2659523500000005,0.0,,False
-3.6964434,1.3430182500000005,0.0,,False
-3.6964434,1.4200841500000005,0.0,,False
-3.6964434,1.4971500500000006,0.0,,False
-3.6964434,1.5742159500000006,0.0,,False
-3.6964434,1.6512818500000006,2.3575287191659068e-08,27.131800755395062,False
-3.6964434,1.7283477500000006,9.51094966797575e-06,12.165768042995062,True
-3.6964434,1.8054136500000006,7.027694065077865e-05,7.177090472195061,True
-3.6964434,1.8824795500000007,9.51094966797575e-06,12.165768042995062,True
-3.6964434,1.9595454500000007,4.7143612601123855e-08,25.403225175241015,False
-3.6964434,2.0366113500000007,9.508141084584553e-06,12.16650473000358,True
-3.6964434,2.1136772500000007,7.025619483232477e-05,7.177826912036133,True
-3.6964434,2.1907431500000007,9.51094966797575e-06,12.165768042995062,True
-3.6964434,2.2678090500000008,4.432110564553902e-08,25.557219518635215,False
-3.6964434,2.344874950000001,5.617166782392568e-09,30.70960948228901,False
-3.6964434,2.421940850000001,1.1330703707162456e-06,17.472505340650244,False
-3.6964434,2.499006750000001,8.375077675650502e-06,12.483006478425555,True
-3.6964434,2.576072650000001,2.266126817868103e-06,15.74357676988901,True
-3.6964434,2.653138550000001,8.375077675650502e-06,12.483006478425555,True
-3.6964434,2.730204450000001,1.1330634089340514e-06,17.47252066635034,False
-3.6964434,2.807270350000001,2.808583391196284e-09,32.438553378750335,False
-3.6964434,2.884336250000001,0.0,,False
-3.6964434,2.961402150000001,0.0,,False
-3.6964434,3.038468050000001,0.0,,False
-3.6964434,3.115533950000001,0.0,,False
-3.6964434,3.192599850000001,0.0,,False
-3.6964434,3.269665750000001,0.0,,False
-3.6964434,3.346731650000001,0.0,,False
-3.6964434,3.423797550000001,0.0,,False
-3.6964434,3.5008634500000007,0.0,,False
-3.6964434,3.5779293500000002,0.0,,False
-3.6964434,3.6549952500000003,0.0,,False
-3.6964434,3.7320611500000003,0.0,,False
-3.6964434,3.80912705,0.0,,False
-3.6136702000000005,-3.82039705,0.0,,False
-3.6136702000000005,-3.74333115,0.0,,False
-3.6136702000000005,-3.66626525,0.0,,False
-3.6136702000000005,-3.58919935,0.0,,False
-3.6136702000000005,-3.51213345,0.0,,False
-3.6136702000000005,-3.43506755,0.0,,False
-3.6136702000000005,-3.35800165,0.0,,False
-3.6136702000000005,-3.28093575,0.0,,False
-3.6136702000000005,-3.20386985,0.0,,False
-3.6136702000000005,-3.1268039499999998,0.0,,False
-3.6136702000000005,-3.0497380499999998,0.0,,False
-3.6136702000000005,-2.9726721499999997,0.0,,False
-3.6136702000000005,-2.8956062499999997,0.0,,False
-3.6136702000000005,-2.8185403499999997,0.0,,False
-3.6136702000000005,-2.7414744499999997,0.0,,False
-3.6136702000000005,-2.6644085499999997,0.0,,False
-3.6136702000000005,-2.5873426499999996,0.0,,False
-3.6136702000000005,-2.5102767499999996,0.0,,False
-3.6136702000000005,-2.4332108499999996,0.0,,False
-3.6136702000000005,-2.3561449499999996,0.0,,False
-3.6136702000000005,-2.2790790499999996,0.0,,False
-3.6136702000000005,-2.2020131499999995,0.0,,False
-3.6136702000000005,-2.1249472499999995,0.0,,False
-3.6136702000000005,-2.04788135,0.0,,False
-3.6136702000000005,-1.97081545,0.0,,False
-3.6136702000000005,-1.89374955,0.0,,False
-3.6136702000000005,-1.8166836499999999,0.0,,False
-3.6136702000000005,-1.7396177499999999,0.0,,False
-3.6136702000000005,-1.6625518499999998,0.0,,False
-3.6136702000000005,-1.5854859499999998,0.0,,False
-3.6136702000000005,-1.5084200499999998,0.0,,False
-3.6136702000000005,-1.4313541499999998,0.0,,False
-3.6136702000000005,-1.3542882499999997,0.0,,False
-3.6136702000000005,-1.2772223499999997,0.0,,False
-3.6136702000000005,-1.2001564499999997,0.0,,False
-3.6136702000000005,-1.1230905499999997,0.0,,False
-3.6136702000000005,-1.0460246499999997,0.0,,False
-3.6136702000000005,-0.9689587499999996,0.0,,False
-3.6136702000000005,-0.8918928499999996,0.0,,False
-3.6136702000000005,-0.8148269499999996,0.0,,False
-3.6136702000000005,-0.7377610499999996,0.0,,False
-3.6136702000000005,-0.6606951499999996,0.0,,False
-3.6136702000000005,-0.5836292499999995,0.0,,False
-3.6136702000000005,-0.5065633499999995,0.0,,False
-3.6136702000000005,-0.4294974499999995,0.0,,False
-3.6136702000000005,-0.3524315499999995,0.0,,False
-3.6136702000000005,-0.27536564999999946,0.0,,False
-3.6136702000000005,-0.19829974999999966,0.0,,False
-3.6136702000000005,-0.12123384999999987,0.0,,False
-3.6136702000000005,-0.044167949999999845,0.0,,False
-3.6136702000000005,0.032897950000000176,0.0,,False
-3.6136702000000005,0.1099638500000002,0.0,,False
-3.6136702000000005,0.18702975000000022,0.0,,False
-3.6136702000000005,0.26409565000000024,0.0,,False
-3.6136702000000005,0.34116155000000026,6.961782194276772e-12,47.404586091150335,False
-3.6136702000000005,0.4182274500000003,2.808583391196284e-09,32.438553378750335,False
-3.6136702000000005,0.4952933500000003,2.075278023607423e-08,27.449875807950338,False
-3.6136702000000005,0.5723592500000003,2.808583391196284e-09,32.438553378750335,False
-3.6136702000000005,0.6494251500000003,6.961782194276772e-12,47.404586091150335,False
-3.6136702000000005,0.7264910500000004,0.0,,False
-3.6136702000000005,0.8035569500000004,0.0,,False
-3.6136702000000005,0.8806228500000004,6.961782194276772e-12,47.404586091150335,False
-3.6136702000000005,0.9576887500000004,2.808583391196284e-09,32.438553378750335,False
-3.6136702000000005,1.0347546500000004,2.075278023607423e-08,27.449875807950338,False
-3.6136702000000005,1.1118205500000005,2.8155451733905604e-09,32.43237818129086,False
-3.6136702000000005,1.1888864500000005,2.8225069555848376e-09,32.42621823392928,False
-3.6136702000000005,1.2659523500000005,2.356832540946479e-08,27.13253744240358,False
-3.6136702000000005,1.3430182500000005,2.6369947018466797e-08,26.852370006723515,False
-3.6136702000000005,1.4200841500000005,2.356832540946479e-08,27.13253744240358,False
-3.6136702000000005,1.4971500500000006,2.8155451733905604e-09,32.43237818129086,False
-3.6136702000000005,1.5742159500000006,6.961782194276772e-12,47.404586091150335,False
-3.6136702000000005,1.6512818500000006,5.624128564586845e-09,30.70651997257919,False
-3.6136702000000005,1.7283477500000006,2.268935401259299e-06,15.740487260179187,True
-3.6136702000000005,1.8054136500000006,1.6765290964754684e-05,10.751809689379186,True
-3.6136702000000005,1.8824795500000007,2.268935401259299e-06,15.740487260179187,True
-3.6136702000000005,1.9595454500000007,8.439673737977405e-09,29.694123640520246,False
-3.6136702000000005,2.0366113500000007,1.1358719923252478e-06,17.46634546889086,False
-3.6136702000000005,2.1136772500000007,8.395830455886577e-06,12.47683334925893,True
-3.6136702000000005,2.1907431500000007,2.2689423630414932e-06,15.740479606802767,True
-3.6136702000000005,2.2678090500000008,8.377893220823892e-06,12.482168069090571,True
-3.6136702000000005,2.344874950000001,1.1745689694061999e-06,17.382783586533247,False
-3.6136702000000005,2.421940850000001,8.37789322082389e-06,12.482168069090571,True
-3.6136702000000005,2.499006750000001,6.188673432345665e-05,7.494215424770722,True
-3.6136702000000005,2.576072650000001,1.6765290964754684e-05,10.751809689379186,True
-3.6136702000000005,2.653138550000001,6.188672736167447e-05,7.49421570536469,True
-3.6136702000000005,2.730204450000001,8.372276054041499e-06,12.483841021436866,True
-3.6136702000000005,2.807270350000001,2.075278023607423e-08,27.449875807950338,False
-3.6136702000000005,2.884336250000001,0.0,,False
-3.6136702000000005,2.961402150000001,0.0,,False
-3.6136702000000005,3.038468050000001,0.0,,False
-3.6136702000000005,3.115533950000001,0.0,,False
-3.6136702000000005,3.192599850000001,0.0,,False
-3.6136702000000005,3.269665750000001,0.0,,False
-3.6136702000000005,3.346731650000001,0.0,,False
-3.6136702000000005,3.423797550000001,0.0,,False
-3.6136702000000005,3.5008634500000007,0.0,,False
-3.6136702000000005,3.5779293500000002,0.0,,False
-3.6136702000000005,3.6549952500000003,0.0,,False
-3.6136702000000005,3.7320611500000003,0.0,,False
-3.6136702000000005,3.80912705,0.0,,False
-3.5308970000000004,-3.82039705,0.0,,False
-3.5308970000000004,-3.74333115,0.0,,False
-3.5308970000000004,-3.66626525,0.0,,False
-3.5308970000000004,-3.58919935,0.0,,False
-3.5308970000000004,-3.51213345,0.0,,False
-3.5308970000000004,-3.43506755,0.0,,False
-3.5308970000000004,-3.35800165,0.0,,False
-3.5308970000000004,-3.28093575,0.0,,False
-3.5308970000000004,-3.20386985,0.0,,False
-3.5308970000000004,-3.1268039499999998,0.0,,False
-3.5308970000000004,-3.0497380499999998,0.0,,False
-3.5308970000000004,-2.9726721499999997,0.0,,False
-3.5308970000000004,-2.8956062499999997,0.0,,False
-3.5308970000000004,-2.8185403499999997,0.0,,False
-3.5308970000000004,-2.7414744499999997,0.0,,False
-3.5308970000000004,-2.6644085499999997,0.0,,False
-3.5308970000000004,-2.5873426499999996,0.0,,False
-3.5308970000000004,-2.5102767499999996,0.0,,False
-3.5308970000000004,-2.4332108499999996,0.0,,False
-3.5308970000000004,-2.3561449499999996,0.0,,False
-3.5308970000000004,-2.2790790499999996,0.0,,False
-3.5308970000000004,-2.2020131499999995,0.0,,False
-3.5308970000000004,-2.1249472499999995,0.0,,False
-3.5308970000000004,-2.04788135,0.0,,False
-3.5308970000000004,-1.97081545,0.0,,False
-3.5308970000000004,-1.89374955,0.0,,False
-3.5308970000000004,-1.8166836499999999,0.0,,False
-3.5308970000000004,-1.7396177499999999,0.0,,False
-3.5308970000000004,-1.6625518499999998,0.0,,False
-3.5308970000000004,-1.5854859499999998,0.0,,False
-3.5308970000000004,-1.5084200499999998,0.0,,False
-3.5308970000000004,-1.4313541499999998,0.0,,False
-3.5308970000000004,-1.3542882499999997,0.0,,False
-3.5308970000000004,-1.2772223499999997,0.0,,False
-3.5308970000000004,-1.2001564499999997,0.0,,False
-3.5308970000000004,-1.1230905499999997,0.0,,False
-3.5308970000000004,-1.0460246499999997,0.0,,False
-3.5308970000000004,-0.9689587499999996,0.0,,False
-3.5308970000000004,-0.8918928499999996,0.0,,False
-3.5308970000000004,-0.8148269499999996,0.0,,False
-3.5308970000000004,-0.7377610499999996,0.0,,False
-3.5308970000000004,-0.6606951499999996,0.0,,False
-3.5308970000000004,-0.5836292499999995,0.0,,False
-3.5308970000000004,-0.5065633499999995,0.0,,False
-3.5308970000000004,-0.4294974499999995,0.0,,False
-3.5308970000000004,-0.3524315499999995,0.0,,False
-3.5308970000000004,-0.27536564999999946,0.0,,False
-3.5308970000000004,-0.19829974999999966,0.0,,False
-3.5308970000000004,-0.12123384999999987,0.0,,False
-3.5308970000000004,-0.044167949999999845,0.0,,False
-3.5308970000000004,0.032897950000000176,0.0,,False
-3.5308970000000004,0.1099638500000002,0.0,,False
-3.5308970000000004,0.18702975000000022,0.0,,False
-3.5308970000000004,0.26409565000000024,0.0,,False
-3.5308970000000004,0.34116155000000026,2.815545173390561e-09,32.43237818129086,False
-3.5308970000000004,0.4182274500000003,1.1358719923252478e-06,17.46634546889086,False
-3.5308970000000004,0.4952933500000003,8.393021872495381e-06,12.477667898090859,True
-3.5308970000000004,0.5723592500000003,1.1358719923252478e-06,17.46634546889086,False
-3.5308970000000004,0.6494251500000003,2.815545173390561e-09,32.43237818129086,False
-3.5308970000000004,0.7264910500000004,0.0,,False
-3.5308970000000004,0.8035569500000004,0.0,,False
-3.5308970000000004,0.8806228500000004,2.808583391196284e-09,32.438553378750335,False
-3.5308970000000004,0.9576887500000004,1.1330634089340514e-06,17.47252066635034,False
-3.5308970000000004,1.0347546500000004,8.372283015823695e-06,12.483838947325118,True
-3.5308970000000004,1.1118205500000005,1.1414961208898345e-06,17.45402553655285,False
-3.5308970000000004,1.1888864500000005,1.1830016813619831e-06,17.36493968421442,False
-3.5308970000000004,1.2659523500000005,9.537326576776412e-06,12.158860017526733,True
-3.5308970000000004,1.3430182500000005,1.066478674249246e-05,11.880157212079906,True
-3.5308970000000004,1.4200841500000005,9.534517993385216e-06,12.159594666816638,True
-3.5308970000000004,1.4971500500000006,1.159454241299101e-06,17.415089845876285,False
-3.5308970000000004,1.5742159500000006,1.1248257129173691e-08,28.97757607611786,False
-3.5308970000000004,1.6512818500000006,6.508084766380752e-08,24.59897108805531,False
-3.5308970000000004,1.7283477500000006,8.401447622668967e-06,12.475165088791236,True
-3.5308970000000004,1.8054136500000006,6.188674128523885e-05,7.494215144176787,True
-3.5308970000000004,1.8824795500000007,8.375091599214889e-06,12.483002331591441,True
-3.5308970000000004,1.9595454500000007,2.3575287191659068e-08,27.131800755395062,False
-3.5308970000000004,2.0366113500000007,2.3561363627270515e-08,27.133274347052172,False
-3.5308970000000004,2.1136772500000007,4.431414386334474e-08,25.55761135018022,False
-3.5308970000000004,2.1907431500000007,8.37789322082389e-06,12.482168069090571,True
-3.5308970000000004,2.2678090500000008,6.299623636876343e-05,7.4498931799406405,True
-3.5308970000000004,2.344874950000001,1.6747346767909808e-05,10.75448085545078,True
-3.5308970000000004,2.421940850000001,2.2896881814953733e-06,15.71777653563224,True
-3.5308970000000004,2.499006750000001,9.51094966797575e-06,12.165768042995062,True
-3.5308970000000004,2.576072650000001,1.063839591012741e-05,11.886337294323518,True
-3.5308970000000004,2.653138550000001,9.508141084584553e-06,12.16650473000358,True
-3.5308970000000004,2.730204450000001,1.135878954107442e-06,17.46633018108533,False
-3.5308970000000004,2.807270350000001,5.617166782392568e-09,30.70960948228901,False
-3.5308970000000004,2.884336250000001,2.075278023607423e-08,27.449875807950338,False
-3.5308970000000004,2.961402150000001,2.808583391196284e-09,32.438553378750335,False
-3.5308970000000004,3.038468050000001,6.961782194276772e-12,47.404586091150335,False
-3.5308970000000004,3.115533950000001,0.0,,False
-3.5308970000000004,3.192599850000001,0.0,,False
-3.5308970000000004,3.269665750000001,0.0,,False
-3.5308970000000004,3.346731650000001,0.0,,False
-3.5308970000000004,3.423797550000001,0.0,,False
-3.5308970000000004,3.5008634500000007,0.0,,False
-3.5308970000000004,3.5779293500000002,0.0,,False
-3.5308970000000004,3.6549952500000003,0.0,,False
-3.5308970000000004,3.7320611500000003,0.0,,False
-3.5308970000000004,3.80912705,0.0,,False
-3.4481238000000003,-3.82039705,0.0,,False
-3.4481238000000003,-3.74333115,0.0,,False
-3.4481238000000003,-3.66626525,0.0,,False
-3.4481238000000003,-3.58919935,0.0,,False
-3.4481238000000003,-3.51213345,0.0,,False
-3.4481238000000003,-3.43506755,0.0,,False
-3.4481238000000003,-3.35800165,0.0,,False
-3.4481238000000003,-3.28093575,0.0,,False
-3.4481238000000003,-3.20386985,0.0,,False
-3.4481238000000003,-3.1268039499999998,0.0,,False
-3.4481238000000003,-3.0497380499999998,0.0,,False
-3.4481238000000003,-2.9726721499999997,0.0,,False
-3.4481238000000003,-2.8956062499999997,0.0,,False
-3.4481238000000003,-2.8185403499999997,0.0,,False
-3.4481238000000003,-2.7414744499999997,0.0,,False
-3.4481238000000003,-2.6644085499999997,0.0,,False
-3.4481238000000003,-2.5873426499999996,0.0,,False
-3.4481238000000003,-2.5102767499999996,0.0,,False
-3.4481238000000003,-2.4332108499999996,0.0,,False
-3.4481238000000003,-2.3561449499999996,0.0,,False
-3.4481238000000003,-2.2790790499999996,0.0,,False
-3.4481238000000003,-2.2020131499999995,0.0,,False
-3.4481238000000003,-2.1249472499999995,0.0,,False
-3.4481238000000003,-2.04788135,0.0,,False
-3.4481238000000003,-1.97081545,0.0,,False
-3.4481238000000003,-1.89374955,0.0,,False
-3.4481238000000003,-1.8166836499999999,0.0,,False
-3.4481238000000003,-1.7396177499999999,0.0,,False
-3.4481238000000003,-1.6625518499999998,0.0,,False
-3.4481238000000003,-1.5854859499999998,0.0,,False
-3.4481238000000003,-1.5084200499999998,0.0,,False
-3.4481238000000003,-1.4313541499999998,0.0,,False
-3.4481238000000003,-1.3542882499999997,0.0,,False
-3.4481238000000003,-1.2772223499999997,0.0,,False
-3.4481238000000003,-1.2001564499999997,0.0,,False
-3.4481238000000003,-1.1230905499999997,0.0,,False
-3.4481238000000003,-1.0460246499999997,0.0,,False
-3.4481238000000003,-0.9689587499999996,0.0,,False
-3.4481238000000003,-0.8918928499999996,0.0,,False
-3.4481238000000003,-0.8148269499999996,0.0,,False
-3.4481238000000003,-0.7377610499999996,0.0,,False
-3.4481238000000003,-0.6606951499999996,0.0,,False
-3.4481238000000003,-0.5836292499999995,0.0,,False
-3.4481238000000003,-0.5065633499999995,0.0,,False
-3.4481238000000003,-0.4294974499999995,0.0,,False
-3.4481238000000003,-0.3524315499999995,0.0,,False
-3.4481238000000003,-0.27536564999999946,0.0,,False
-3.4481238000000003,-0.19829974999999966,0.0,,False
-3.4481238000000003,-0.12123384999999987,0.0,,False
-3.4481238000000003,-0.044167949999999845,0.0,,False
-3.4481238000000003,0.032897950000000176,0.0,,False
-3.4481238000000003,0.1099638500000002,0.0,,False
-3.4481238000000003,0.18702975000000022,0.0,,False
-3.4481238000000003,0.26409565000000024,0.0,,False
-3.4481238000000003,0.34116155000000026,2.3561363627270515e-08,27.133274347052172,False
-3.4481238000000003,0.4182274500000003,9.505332501193357e-06,12.167241634652175,True
-3.4481238000000003,0.4952933500000003,7.02354350903065e-05,7.178564063852173,True
-3.4481238000000003,0.5723592500000003,9.505332501193357e-06,12.167241634652175,True
-3.4481238000000003,0.6494251500000003,2.3561363627270515e-08,27.133274347052172,False
-3.4481238000000003,0.7264910500000004,6.961782194276772e-12,47.404586091150335,False
-3.4481238000000003,0.8035569500000004,2.808583391196284e-09,32.438553378750335,False
-3.4481238000000003,0.8806228500000004,4.1512522254342735e-08,25.72051356785078,False
-3.4481238000000003,0.9576887500000004,8.377886259041698e-06,12.482170141813402,True
-3.4481238000000003,1.0347546500000004,6.188954290684786e-05,7.4941022276598925,True
-3.4481238000000003,1.1118205500000005,1.0664772818928069e-05,11.880160468601598,True
-3.4481238000000003,1.1888864500000005,2.62970003747487e-05,9.628997693896228,True
-3.4481238000000003,1.2659523500000005,8.205121551501349e-05,6.790717643169136,True
-3.4481238000000003,1.3430182500000005,8.92601499714314e-05,6.580665613544138,True
-3.4481238000000003,1.4200841500000005,8.092096765125283e-05,6.825315771870246,True
-3.4481238000000003,1.4971500500000006,1.793315007088079e-05,10.583840356598865,True
-3.4481238000000003,1.5742159500000006,3.4491424227944746e-06,14.695821031695976,True
-3.4481238000000003,1.6512818500000006,1.789165147219084e-05,10.589619124719947,True
-3.4481238000000003,1.7283477500000006,1.1812971841315803e-05,11.625108874875743,True
-3.4481238000000003,1.8054136500000006,9.516566834758142e-06,12.164295321384293,True
-3.4481238000000003,1.8824795500000007,1.1387153846274154e-06,17.46010927197213,False
-3.4481238000000003,1.9595454500000007,1.1442977424988366e-06,17.44791107710606,False
-3.4481238000000003,2.0366113500000007,8.434534394749722e-06,12.465361119524992,True
-3.4481238000000003,2.1136772500000007,1.1471132876722272e-06,17.44178129334403,False
-3.4481238000000003,2.1907431500000007,1.1802139833173696e-06,17.37082443412011,False
-3.4481238000000003,2.2678090500000008,1.677090813153708e-05,10.750974107680726,True
-3.4481238000000003,2.344874950000001,6.301980469417291e-05,7.448960165566195,True
-3.4481238000000003,2.421940850000001,8.401454584451163e-06,12.47516302188123,True
-3.4481238000000003,2.499006750000001,8.413788576295841e-06,12.471503822967442,True
-3.4481238000000003,2.576072650000001,6.186878316482958e-05,7.494939049420826,True
-3.4481238000000003,2.653138550000001,8.393028834277574e-06,12.477665829105886,True
-3.4481238000000003,2.730204450000001,2.6369947018466797e-08,26.852370006723515,False
-3.4481238000000003,2.807270350000001,1.1330703707162456e-06,17.472505340650244,False
-3.4481238000000003,2.884336250000001,8.372269092259306e-06,12.48384309555034,True
-3.4481238000000003,2.961402150000001,1.1330634089340514e-06,17.47252066635034,False
-3.4481238000000003,3.038468050000001,2.808583391196284e-09,32.438553378750335,False
-3.4481238000000003,3.115533950000001,0.0,,False
-3.4481238000000003,3.192599850000001,0.0,,False
-3.4481238000000003,3.269665750000001,0.0,,False
-3.4481238000000003,3.346731650000001,0.0,,False
-3.4481238000000003,3.423797550000001,0.0,,False
-3.4481238000000003,3.5008634500000007,0.0,,False
-3.4481238000000003,3.5779293500000002,0.0,,False
-3.4481238000000003,3.6549952500000003,0.0,,False
-3.4481238000000003,3.7320611500000003,0.0,,False
-3.4481238000000003,3.80912705,0.0,,False
-3.3653506,-3.82039705,0.0,,False
-3.3653506,-3.74333115,0.0,,False
-3.3653506,-3.66626525,0.0,,False
-3.3653506,-3.58919935,0.0,,False
-3.3653506,-3.51213345,0.0,,False
-3.3653506,-3.43506755,0.0,,False
-3.3653506,-3.35800165,0.0,,False
-3.3653506,-3.28093575,0.0,,False
-3.3653506,-3.20386985,0.0,,False
-3.3653506,-3.1268039499999998,0.0,,False
-3.3653506,-3.0497380499999998,0.0,,False
-3.3653506,-2.9726721499999997,0.0,,False
-3.3653506,-2.8956062499999997,0.0,,False
-3.3653506,-2.8185403499999997,0.0,,False
-3.3653506,-2.7414744499999997,0.0,,False
-3.3653506,-2.6644085499999997,0.0,,False
-3.3653506,-2.5873426499999996,0.0,,False
-3.3653506,-2.5102767499999996,0.0,,False
-3.3653506,-2.4332108499999996,0.0,,False
-3.3653506,-2.3561449499999996,0.0,,False
-3.3653506,-2.2790790499999996,0.0,,False
-3.3653506,-2.2020131499999995,0.0,,False
-3.3653506,-2.1249472499999995,0.0,,False
-3.3653506,-2.04788135,0.0,,False
-3.3653506,-1.97081545,0.0,,False
-3.3653506,-1.89374955,0.0,,False
-3.3653506,-1.8166836499999999,0.0,,False
-3.3653506,-1.7396177499999999,0.0,,False
-3.3653506,-1.6625518499999998,0.0,,False
-3.3653506,-1.5854859499999998,0.0,,False
-3.3653506,-1.5084200499999998,0.0,,False
-3.3653506,-1.4313541499999998,0.0,,False
-3.3653506,-1.3542882499999997,0.0,,False
-3.3653506,-1.2772223499999997,0.0,,False
-3.3653506,-1.2001564499999997,0.0,,False
-3.3653506,-1.1230905499999997,0.0,,False
-3.3653506,-1.0460246499999997,0.0,,False
-3.3653506,-0.9689587499999996,0.0,,False
-3.3653506,-0.8918928499999996,0.0,,False
-3.3653506,-0.8148269499999996,0.0,,False
-3.3653506,-0.7377610499999996,0.0,,False
-3.3653506,-0.6606951499999996,0.0,,False
-3.3653506,-0.5836292499999995,0.0,,False
-3.3653506,-0.5065633499999995,0.0,,False
-3.3653506,-0.4294974499999995,0.0,,False
-3.3653506,-0.3524315499999995,0.0,,False
-3.3653506,-0.27536564999999946,0.0,,False
-3.3653506,-0.19829974999999966,0.0,,False
-3.3653506,-0.12123384999999987,0.0,,False
-3.3653506,-0.044167949999999845,0.0,,False
-3.3653506,0.032897950000000176,0.0,,False
-3.3653506,0.1099638500000002,0.0,,False
-3.3653506,0.18702975000000022,0.0,,False
-3.3653506,0.26409565000000024,0.0,,False
-3.3653506,0.34116155000000026,2.3561363627270515e-08,27.133274347052172,False
-3.3653506,0.4182274500000003,9.505339462975551e-06,12.167239807778996,True
-3.3653506,0.4952933500000003,7.02382436736977e-05,7.1784643219140785,True
-3.3653506,0.5723592500000003,9.526085281429432e-06,12.16180173671537,True
-3.3653506,0.6494251500000003,2.6369947018466797e-08,26.852370006723515,False
-3.3653506,0.7264910500000004,2.815545173390561e-09,32.43237818129086,False
-3.3653506,0.8035569500000004,1.1330703707162456e-06,17.472505340650244,False
-3.3653506,0.8806228500000004,8.380694842432895e-06,12.48133408552584,True
-3.3653506,0.9576887500000004,3.419943007038228e-06,14.717027253301948,True
-3.3653506,1.0347546500000004,1.679166091177315e-05,10.747889452797601,True
-3.3653506,1.1118205500000005,1.9037048872969566e-05,10.434838380686848,True
-3.3653506,1.1888864500000005,0.00013439672198180486,5.559880168064034,True
-3.3653506,1.2659523500000005,0.0001049075201024879,6.177769881502366,True
-3.3653506,1.3430182500000005,9.160648628863478e-05,6.515945152692416,True
-3.3653506,1.4200841500000005,9.76974999113545e-05,6.355374864360054,True
-3.3653506,1.4971500500000006,8.212472907463309e-05,6.7884838477647556,True
-3.3653506,1.5742159500000006,3.473044903478292e-05,8.935167634477184,True
-3.3653506,1.6512818500000006,0.0001355920576550115,5.537793386409308,True
-3.3653506,1.7283477500000006,9.538705894962304e-05,6.415072000345463,True
-3.3653506,1.8054136500000006,1.0706299264746802e-05,11.870466883330474,True
-3.3653506,1.8824795500000007,8.19393097931795e-08,24.024403786715457,False
-3.3653506,1.9595454500000007,1.180065177303551e-05,11.627711645838856,True
-3.3653506,2.0366113500000007,8.702991850903522e-05,6.643780339055418,True
-3.3653506,2.1136772500000007,1.2936530727142951e-05,11.398480954560863,True
-3.3653506,2.1907431500000007,9.569320652359466e-06,12.150506470485038,True
-3.3653506,2.2678090500000008,1.1815780424706999e-05,11.624515905899742,True
-3.3653506,2.344874950000001,1.788604126719064e-05,10.590401386010113,True
-3.3653506,2.421940850000001,2.2745734533882743e-06,15.734296793838006,True
-3.3653506,2.499006750000001,1.1622419393437146e-06,17.409099857389172,False
-3.3653506,2.576072650000001,8.395830455886577e-06,12.47683334925893,True
-3.3653506,2.653138550000001,1.135878954107442e-06,17.46633018108533,False
-3.3653506,2.730204450000001,2.356832540946479e-08,27.13253744240358,False
-3.3653506,2.807270350000001,8.372269092259306e-06,12.48384309555034,True
-3.3653506,2.884336250000001,6.186316599804719e-05,7.495165524750339,True
-3.3653506,2.961402150000001,8.372269092259306e-06,12.48384309555034,True
-3.3653506,3.038468050000001,2.075278023607423e-08,27.449875807950338,False
-3.3653506,3.115533950000001,0.0,,False
-3.3653506,3.192599850000001,0.0,,False
-3.3653506,3.269665750000001,0.0,,False
-3.3653506,3.346731650000001,0.0,,False
-3.3653506,3.423797550000001,0.0,,False
-3.3653506,3.5008634500000007,0.0,,False
-3.3653506,3.5779293500000002,0.0,,False
-3.3653506,3.6549952500000003,0.0,,False
-3.3653506,3.7320611500000003,0.0,,False
-3.3653506,3.80912705,0.0,,False
-3.2825774,-3.82039705,0.0,,False
-3.2825774,-3.74333115,0.0,,False
-3.2825774,-3.66626525,0.0,,False
-3.2825774,-3.58919935,0.0,,False
-3.2825774,-3.51213345,0.0,,False
-3.2825774,-3.43506755,0.0,,False
-3.2825774,-3.35800165,0.0,,False
-3.2825774,-3.28093575,0.0,,False
-3.2825774,-3.20386985,0.0,,False
-3.2825774,-3.1268039499999998,0.0,,False
-3.2825774,-3.0497380499999998,0.0,,False
-3.2825774,-2.9726721499999997,0.0,,False
-3.2825774,-2.8956062499999997,0.0,,False
-3.2825774,-2.8185403499999997,0.0,,False
-3.2825774,-2.7414744499999997,0.0,,False
-3.2825774,-2.6644085499999997,0.0,,False
-3.2825774,-2.5873426499999996,0.0,,False
-3.2825774,-2.5102767499999996,0.0,,False
-3.2825774,-2.4332108499999996,0.0,,False
-3.2825774,-2.3561449499999996,0.0,,False
-3.2825774,-2.2790790499999996,0.0,,False
-3.2825774,-2.2020131499999995,0.0,,False
-3.2825774,-2.1249472499999995,0.0,,False
-3.2825774,-2.04788135,0.0,,False
-3.2825774,-1.97081545,0.0,,False
-3.2825774,-1.89374955,0.0,,False
-3.2825774,-1.8166836499999999,0.0,,False
-3.2825774,-1.7396177499999999,0.0,,False
-3.2825774,-1.6625518499999998,0.0,,False
-3.2825774,-1.5854859499999998,0.0,,False
-3.2825774,-1.5084200499999998,0.0,,False
-3.2825774,-1.4313541499999998,0.0,,False
-3.2825774,-1.3542882499999997,0.0,,False
-3.2825774,-1.2772223499999997,0.0,,False
-3.2825774,-1.2001564499999997,0.0,,False
-3.2825774,-1.1230905499999997,0.0,,False
-3.2825774,-1.0460246499999997,0.0,,False
-3.2825774,-0.9689587499999996,0.0,,False
-3.2825774,-0.8918928499999996,0.0,,False
-3.2825774,-0.8148269499999996,0.0,,False
-3.2825774,-0.7377610499999996,0.0,,False
-3.2825774,-0.6606951499999996,0.0,,False
-3.2825774,-0.5836292499999995,0.0,,False
-3.2825774,-0.5065633499999995,0.0,,False
-3.2825774,-0.4294974499999995,0.0,,False
-3.2825774,-0.3524315499999995,0.0,,False
-3.2825774,-0.27536564999999946,0.0,,False
-3.2825774,-0.19829974999999966,0.0,,False
-3.2825774,-0.12123384999999987,0.0,,False
-3.2825774,-0.044167949999999845,0.0,,False
-3.2825774,0.032897950000000176,6.961782194276772e-12,47.404586091150335,False
-3.2825774,0.1099638500000002,2.808583391196284e-09,32.438553378750335,False
-3.2825774,0.18702975000000022,2.075278023607423e-08,27.449875807950338,False
-3.2825774,0.26409565000000024,2.808583391196284e-09,32.438553378750335,False
-3.2825774,0.34116155000000026,2.822506955584838e-09,32.42621823392928,False
-3.2825774,0.4182274500000003,1.1386805757164441e-06,17.460185521529283,False
-3.2825774,0.4952933500000003,9.526085281429432e-06,12.16180173671537,True
-3.2825774,0.5723592500000003,9.508141084584553e-06,12.16650473000358,True
-3.2825774,0.6494251500000003,1.1358928776718304e-06,17.46629960575536,False
-3.2825774,0.7264910500000004,2.917853040966308e-08,26.5999224987652,False
-3.2825774,0.8035569500000004,8.416583236122648e-06,12.470675459988922,True
-3.2825774,0.8806228500000004,6.302261327756409e-05,7.448849003647875,True
-3.2825774,0.9576887500000004,2.512244532890689e-05,9.742972004231476,True
-3.2825774,1.0347546500000004,6.306693438320964e-05,7.447095458497977,True
-3.2825774,1.1118205500000005,1.070239102307571e-05,11.871377586298301,True
-3.2825774,1.1888864500000005,2.748282456306627e-05,9.518981465213411,True
-3.2825774,1.2659523500000005,8.324546545350466e-05,6.7546743813631585,True
-3.2825774,1.3430182500000005,3.924759490419422e-05,8.63017642514813,True
-3.2825774,1.4200841500000005,0.00010114944395575797,6.26876369652269,True
-3.2825774,1.4971500500000006,0.0001095065704727814,6.070749401292407,True
-3.2825774,1.5742159500000006,9.617918759725642e-05,6.394443643255253,True
-3.2825774,1.6512818500000006,7.159796981216842e-05,7.1306384322237735,True
-3.2825774,1.7283477500000006,0.00014625401492876622,5.348986566373101,True
-3.2825774,1.8054136500000006,2.017463675218831e-05,10.290068983076983,True
-3.2825774,1.8824795500000007,9.643926908476757e-06,12.131135022425353,True
-3.2825774,1.9595454500000007,3.802975575494701e-05,8.70880114283429,True
-3.2825774,2.0366113500000007,0.0002130195617778243,4.411017747740822,True
-3.2825774,2.1136772500000007,4.6422777627442396e-05,8.211376768724952,True
-3.2825774,2.1907431500000007,8.096530964224496e-05,6.823949331767122,True
-3.2825774,2.2678090500000008,8.812990210767073e-05,6.61245160381556,True
-3.2825774,2.344874950000001,7.150424951422178e-05,7.133905610170709,True
-3.2825774,2.421940850000001,9.587257887422148e-06,12.145835327973606,True
-3.2825774,2.499006750000001,9.534545840513992e-06,12.15958738170039,True
-3.2825774,2.576072650000001,9.52609920499382e-06,12.16179809093011,True
-3.2825774,2.653138550000001,1.1386875374986383e-06,17.46017027143138,False
-3.2825774,2.730204450000001,8.432711955783128e-09,29.696182038738886,False
-3.2825774,2.807270350000001,1.1538161891701255e-06,17.427248597192733,False
-3.2825774,2.884336250000001,8.375077675650502e-06,12.483006478425555,True
-3.2825774,2.961402150000001,1.1330703707162456e-06,17.472505340650244,False
-3.2825774,3.038468050000001,2.808583391196284e-09,32.438553378750335,False
-3.2825774,3.115533950000001,0.0,,False
-3.2825774,3.192599850000001,0.0,,False
-3.2825774,3.269665750000001,0.0,,False
-3.2825774,3.346731650000001,0.0,,False
-3.2825774,3.423797550000001,0.0,,False
-3.2825774,3.5008634500000007,0.0,,False
-3.2825774,3.5779293500000002,0.0,,False
-3.2825774,3.6549952500000003,0.0,,False
-3.2825774,3.7320611500000003,0.0,,False
-3.2825774,3.80912705,0.0,,False
-3.1998042,-3.82039705,0.0,,False
-3.1998042,-3.74333115,0.0,,False
-3.1998042,-3.66626525,0.0,,False
-3.1998042,-3.58919935,0.0,,False
-3.1998042,-3.51213345,0.0,,False
-3.1998042,-3.43506755,0.0,,False
-3.1998042,-3.35800165,0.0,,False
-3.1998042,-3.28093575,0.0,,False
-3.1998042,-3.20386985,0.0,,False
-3.1998042,-3.1268039499999998,0.0,,False
-3.1998042,-3.0497380499999998,0.0,,False
-3.1998042,-2.9726721499999997,0.0,,False
-3.1998042,-2.8956062499999997,0.0,,False
-3.1998042,-2.8185403499999997,0.0,,False
-3.1998042,-2.7414744499999997,0.0,,False
-3.1998042,-2.6644085499999997,0.0,,False
-3.1998042,-2.5873426499999996,0.0,,False
-3.1998042,-2.5102767499999996,0.0,,False
-3.1998042,-2.4332108499999996,0.0,,False
-3.1998042,-2.3561449499999996,0.0,,False
-3.1998042,-2.2790790499999996,0.0,,False
-3.1998042,-2.2020131499999995,0.0,,False
-3.1998042,-2.1249472499999995,0.0,,False
-3.1998042,-2.04788135,0.0,,False
-3.1998042,-1.97081545,0.0,,False
-3.1998042,-1.89374955,0.0,,False
-3.1998042,-1.8166836499999999,0.0,,False
-3.1998042,-1.7396177499999999,0.0,,False
-3.1998042,-1.6625518499999998,0.0,,False
-3.1998042,-1.5854859499999998,0.0,,False
-3.1998042,-1.5084200499999998,0.0,,False
-3.1998042,-1.4313541499999998,0.0,,False
-3.1998042,-1.3542882499999997,0.0,,False
-3.1998042,-1.2772223499999997,0.0,,False
-3.1998042,-1.2001564499999997,0.0,,False
-3.1998042,-1.1230905499999997,0.0,,False
-3.1998042,-1.0460246499999997,0.0,,False
-3.1998042,-0.9689587499999996,0.0,,False
-3.1998042,-0.8918928499999996,0.0,,False
-3.1998042,-0.8148269499999996,0.0,,False
-3.1998042,-0.7377610499999996,0.0,,False
-3.1998042,-0.6606951499999996,0.0,,False
-3.1998042,-0.5836292499999995,0.0,,False
-3.1998042,-0.5065633499999995,0.0,,False
-3.1998042,-0.4294974499999995,0.0,,False
-3.1998042,-0.3524315499999995,0.0,,False
-3.1998042,-0.27536564999999946,0.0,,False
-3.1998042,-0.19829974999999966,0.0,,False
-3.1998042,-0.12123384999999987,0.0,,False
-3.1998042,-0.044167949999999845,0.0,,False
-3.1998042,0.032897950000000176,2.808583391196284e-09,32.438553378750335,False
-3.1998042,0.1099638500000002,1.1330634089340514e-06,17.47252066635034,False
-3.1998042,0.18702975000000022,8.372269092259306e-06,12.48384309555034,True
-3.1998042,0.26409565000000024,1.1330634089340514e-06,17.47252066635034,False
-3.1998042,0.34116155000000026,2.815545173390561e-09,32.43237818129086,False
-3.1998042,0.4182274500000003,2.3561363627270515e-08,27.133274347052172,False
-3.1998042,0.4952933500000003,8.39302187249538e-06,12.477667898090859,True
-3.1998042,0.5723592500000003,6.186597458143838e-05,7.495052284515208,True
-3.1998042,0.6494251500000003,8.37789322082389e-06,12.482168069090571,True
-3.1998042,0.7264910500000004,2.2896951432775673e-06,15.71776895162273,True
-3.1998042,0.8035569500000004,1.7901169918862126e-05,10.588292477065703,True
-3.1998042,0.8806228500000004,1.903984353279638e-05,10.434472235869341,True
-3.1998042,0.9576887500000004,6.529435030043241e-05,7.3605197018170685,True
-3.1998042,1.0347546500000004,2.6266743071405726e-05,9.631869330071957,True
-3.1998042,1.1118205500000005,1.411390827994035e-05,11.18121016420147,True
-3.1998042,1.1888864500000005,3.810046769295761e-05,8.704167514498403,True
-3.1998042,1.2659523500000005,9.999562776658784e-05,6.297380256841717,True
-3.1998042,1.3430182500000005,0.0001023144805549285,6.240198163412514,True
-3.1998042,1.4200841500000005,0.00018093451176755677,4.818215682147246,True
-3.1998042,1.4971500500000006,0.0002060014155808177,4.494580492383834,True
-3.1998042,1.5742159500000006,0.00019875550699599456,4.583896726021084,True
-3.1998042,1.6512818500000006,0.00023778027779450126,4.136732662409171,True
-3.1998042,1.7283477500000006,0.0001396474806221599,5.464284100835093,True
-3.1998042,1.8054136500000006,2.4805051045886882e-05,9.77468597320347,True
-3.1998042,1.8824795500000007,7.876597259715197e-05,6.892642681459348,True
-3.1998042,1.9595454500000007,9.270368218922567e-05,6.486247272841225,True
-3.1998042,2.0366113500000007,0.00017408339141991553,4.914498922554178,True
-3.1998042,2.1136772500000007,9.278104829625878e-05,6.484166483849764,True
-3.1998042,2.1907431500000007,8.819108167544565e-05,6.610720640527756,True
-3.1998042,2.2678090500000008,8.543531189905514e-05,6.689906766432834,True
-3.1998042,2.344874950000001,5.370629745463099e-05,7.847851759933459,True
-3.1998042,2.421940850000001,3.089150538941094e-05,9.227343395854229,True
-3.1998042,2.499006750000001,7.252403753708635e-05,7.0985828360206655,True
-3.1998042,2.576072650000001,7.024107314243546e-05,7.178363842302195,True
-3.1998042,2.653138550000001,8.395830455886575e-06,12.47683334925893,True
-3.1998042,2.730204450000001,1.15382315095232e-06,17.427233547143064,False
-3.1998042,2.807270350000001,8.375084637432696e-06,12.483004405007637,True
-3.1998042,2.884336250000001,1.156624772561322e-06,17.42118433322631,False
-3.1998042,2.961402150000001,2.6369947018466797e-08,26.852370006723515,False
-3.1998042,3.038468050000001,2.8155451733905604e-09,32.43237818129086,False
-3.1998042,3.115533950000001,6.961782194276772e-12,47.404586091150335,False
-3.1998042,3.192599850000001,0.0,,False
-3.1998042,3.269665750000001,0.0,,False
-3.1998042,3.346731650000001,0.0,,False
-3.1998042,3.423797550000001,0.0,,False
-3.1998042,3.5008634500000007,0.0,,False
-3.1998042,3.5779293500000002,0.0,,False
-3.1998042,3.6549952500000003,0.0,,False
-3.1998042,3.7320611500000003,0.0,,False
-3.1998042,3.80912705,0.0,,False
-3.1170310000000003,-3.82039705,0.0,,False
-3.1170310000000003,-3.74333115,0.0,,False
-3.1170310000000003,-3.66626525,0.0,,False
-3.1170310000000003,-3.58919935,0.0,,False
-3.1170310000000003,-3.51213345,0.0,,False
-3.1170310000000003,-3.43506755,0.0,,False
-3.1170310000000003,-3.35800165,0.0,,False
-3.1170310000000003,-3.28093575,0.0,,False
-3.1170310000000003,-3.20386985,0.0,,False
-3.1170310000000003,-3.1268039499999998,0.0,,False
-3.1170310000000003,-3.0497380499999998,0.0,,False
-3.1170310000000003,-2.9726721499999997,0.0,,False
-3.1170310000000003,-2.8956062499999997,0.0,,False
-3.1170310000000003,-2.8185403499999997,0.0,,False
-3.1170310000000003,-2.7414744499999997,0.0,,False
-3.1170310000000003,-2.6644085499999997,0.0,,False
-3.1170310000000003,-2.5873426499999996,0.0,,False
-3.1170310000000003,-2.5102767499999996,0.0,,False
-3.1170310000000003,-2.4332108499999996,0.0,,False
-3.1170310000000003,-2.3561449499999996,0.0,,False
-3.1170310000000003,-2.2790790499999996,0.0,,False
-3.1170310000000003,-2.2020131499999995,0.0,,False
-3.1170310000000003,-2.1249472499999995,0.0,,False
-3.1170310000000003,-2.04788135,0.0,,False
-3.1170310000000003,-1.97081545,0.0,,False
-3.1170310000000003,-1.89374955,0.0,,False
-3.1170310000000003,-1.8166836499999999,0.0,,False
-3.1170310000000003,-1.7396177499999999,0.0,,False
-3.1170310000000003,-1.6625518499999998,0.0,,False
-3.1170310000000003,-1.5854859499999998,0.0,,False
-3.1170310000000003,-1.5084200499999998,0.0,,False
-3.1170310000000003,-1.4313541499999998,0.0,,False
-3.1170310000000003,-1.3542882499999997,0.0,,False
-3.1170310000000003,-1.2772223499999997,0.0,,False
-3.1170310000000003,-1.2001564499999997,0.0,,False
-3.1170310000000003,-1.1230905499999997,0.0,,False
-3.1170310000000003,-1.0460246499999997,0.0,,False
-3.1170310000000003,-0.9689587499999996,0.0,,False
-3.1170310000000003,-0.8918928499999996,0.0,,False
-3.1170310000000003,-0.8148269499999996,0.0,,False
-3.1170310000000003,-0.7377610499999996,0.0,,False
-3.1170310000000003,-0.6606951499999996,0.0,,False
-3.1170310000000003,-0.5836292499999995,0.0,,False
-3.1170310000000003,-0.5065633499999995,0.0,,False
-3.1170310000000003,-0.4294974499999995,0.0,,False
-3.1170310000000003,-0.3524315499999995,0.0,,False
-3.1170310000000003,-0.27536564999999946,0.0,,False
-3.1170310000000003,-0.19829974999999966,0.0,,False
-3.1170310000000003,-0.12123384999999987,0.0,,False
-3.1170310000000003,-0.044167949999999845,0.0,,False
-3.1170310000000003,0.032897950000000176,2.075278023607423e-08,27.449875807950338,False
-3.1170310000000003,0.1099638500000002,8.372269092259306e-06,12.48384309555034,True
-3.1170310000000003,0.18702975000000022,6.186316599804719e-05,7.495165524750339,True
-3.1170310000000003,0.26409565000000024,8.372269092259306e-06,12.48384309555034,True
-3.1170310000000003,0.34116155000000026,2.075278023607423e-08,27.449875807950338,False
-3.1170310000000003,0.4182274500000003,2.808583391196284e-09,32.438553378750335,False
-3.1170310000000003,0.4952933500000003,1.1330634089340514e-06,17.47252066635034,False
-3.1170310000000003,0.5723592500000003,8.372269092259306e-06,12.48384309555034,True
-3.1170310000000003,0.6494251500000003,1.1745689694061999e-06,17.382783586533247,False
-3.1170310000000003,0.7264910500000004,1.6750162313083198e-05,10.754061545255052,True
-3.1170310000000003,0.8035569500000004,0.00012486782811698422,5.7433144283934565,True
-3.1170310000000003,0.8806228500000004,2.742726216207375e-05,9.524029408400994,True
-3.1170310000000003,0.9576887500000004,2.634413006378544e-05,9.624531321622728,True
-3.1170310000000003,1.0347546500000004,7.374963747541818e-05,7.056782655582619,True
-3.1170310000000003,1.1118205500000005,0.00010382723139650175,6.203588582586533,True
-3.1170310000000003,1.1888864500000005,0.0002142014707626886,4.39721651269695,True
-3.1170310000000003,1.2659523500000005,0.00017869867010016042,4.849230720378863,True
-3.1170310000000003,1.3430182500000005,0.00013694896128652663,5.5129559851633,True
-3.1170310000000003,1.4200841500000005,0.00021441801274050477,4.394696192829674,True
-3.1170310000000003,1.4971500500000006,0.0003069353963316928,3.499952301954557,True
-3.1170310000000003,1.5742159500000006,0.00020610690929245598,4.49330346376577,True
-3.1170310000000003,1.6512818500000006,0.00021555947405248367,4.381452718469051,True
-3.1170310000000003,1.7283477500000006,0.00030356929287697143,3.527458355994487,True
-3.1170310000000003,1.8054136500000006,5.939692655873298e-05,7.596641368613378,True
-3.1170310000000003,1.8824795500000007,9.890692027221029e-05,6.324686417333736,True
-3.1170310000000003,1.9595454500000007,4.262881308702272e-05,8.424043713767805,True
-3.1170310000000003,2.0366113500000007,0.00010343351497047095,6.213065180064721,True
-3.1170310000000003,2.1136772500000007,5.597416104473918e-05,7.744686135596235,True
-3.1170310000000003,2.1907431500000007,1.5379941967593214e-05,10.966937790241506,True
-3.1170310000000003,2.2678090500000008,4.422906471091399e-05,8.332122945892811,True
-3.1170310000000003,2.344874950000001,0.00027715170494782397,3.754555105169393,True
-3.1170310000000003,2.421940850000001,0.0001846180095052982,4.767945465280819,True
-3.1170310000000003,2.499006750000001,2.979715984290442e-05,9.317309601107398,True
-3.1170310000000003,2.576072650000001,9.566498145403878e-06,12.151242293571247,True
-3.1170310000000003,2.653138550000001,1.1773984381439789e-06,17.37678209433839,False
-3.1170310000000003,2.730204450000001,8.377886259041698e-06,12.482170141813402,True
-3.1170310000000003,2.807270350000001,6.186598154322058e-05,7.495052003827117,True
-3.1170310000000003,2.884336250000001,9.505332501193357e-06,12.167241634652175,True
-3.1170310000000003,2.961402150000001,8.39302187249538e-06,12.477667898090859,True
-3.1170310000000003,3.038468050000001,1.1330634089340514e-06,17.47252066635034,False
-3.1170310000000003,3.115533950000001,2.808583391196284e-09,32.438553378750335,False
-3.1170310000000003,3.192599850000001,0.0,,False
-3.1170310000000003,3.269665750000001,0.0,,False
-3.1170310000000003,3.346731650000001,0.0,,False
-3.1170310000000003,3.423797550000001,0.0,,False
-3.1170310000000003,3.5008634500000007,0.0,,False
-3.1170310000000003,3.5779293500000002,0.0,,False
-3.1170310000000003,3.6549952500000003,0.0,,False
-3.1170310000000003,3.7320611500000003,0.0,,False
-3.1170310000000003,3.80912705,0.0,,False
-3.0342578000000002,-3.82039705,0.0,,False
-3.0342578000000002,-3.74333115,0.0,,False
-3.0342578000000002,-3.66626525,0.0,,False
-3.0342578000000002,-3.58919935,0.0,,False
-3.0342578000000002,-3.51213345,0.0,,False
-3.0342578000000002,-3.43506755,0.0,,False
-3.0342578000000002,-3.35800165,0.0,,False
-3.0342578000000002,-3.28093575,0.0,,False
-3.0342578000000002,-3.20386985,0.0,,False
-3.0342578000000002,-3.1268039499999998,0.0,,False
-3.0342578000000002,-3.0497380499999998,0.0,,False
-3.0342578000000002,-2.9726721499999997,0.0,,False
-3.0342578000000002,-2.8956062499999997,0.0,,False
-3.0342578000000002,-2.8185403499999997,0.0,,False
-3.0342578000000002,-2.7414744499999997,0.0,,False
-3.0342578000000002,-2.6644085499999997,0.0,,False
-3.0342578000000002,-2.5873426499999996,0.0,,False
-3.0342578000000002,-2.5102767499999996,0.0,,False
-3.0342578000000002,-2.4332108499999996,0.0,,False
-3.0342578000000002,-2.3561449499999996,0.0,,False
-3.0342578000000002,-2.2790790499999996,0.0,,False
-3.0342578000000002,-2.2020131499999995,0.0,,False
-3.0342578000000002,-2.1249472499999995,0.0,,False
-3.0342578000000002,-2.04788135,0.0,,False
-3.0342578000000002,-1.97081545,0.0,,False
-3.0342578000000002,-1.89374955,0.0,,False
-3.0342578000000002,-1.8166836499999999,6.961782194276772e-12,47.404586091150335,False
-3.0342578000000002,-1.7396177499999999,2.808583391196284e-09,32.438553378750335,False
-3.0342578000000002,-1.6625518499999998,2.075278023607423e-08,27.449875807950338,False
-3.0342578000000002,-1.5854859499999998,2.8155451733905604e-09,32.43237818129086,False
-3.0342578000000002,-1.5084200499999998,2.8155451733905604e-09,32.43237818129086,False
-3.0342578000000002,-1.4313541499999998,2.075278023607423e-08,27.449875807950338,False
-3.0342578000000002,-1.3542882499999997,2.808583391196284e-09,32.438553378750335,False
-3.0342578000000002,-1.2772223499999997,6.961782194276772e-12,47.404586091150335,False
-3.0342578000000002,-1.2001564499999997,0.0,,False
-3.0342578000000002,-1.1230905499999997,0.0,,False
-3.0342578000000002,-1.0460246499999997,0.0,,False
-3.0342578000000002,-0.9689587499999996,0.0,,False
-3.0342578000000002,-0.8918928499999996,0.0,,False
-3.0342578000000002,-0.8148269499999996,0.0,,False
-3.0342578000000002,-0.7377610499999996,0.0,,False
-3.0342578000000002,-0.6606951499999996,0.0,,False
-3.0342578000000002,-0.5836292499999995,0.0,,False
-3.0342578000000002,-0.5065633499999995,0.0,,False
-3.0342578000000002,-0.4294974499999995,0.0,,False
-3.0342578000000002,-0.3524315499999995,0.0,,False
-3.0342578000000002,-0.27536564999999946,0.0,,False
-3.0342578000000002,-0.19829974999999966,0.0,,False
-3.0342578000000002,-0.12123384999999987,0.0,,False
-3.0342578000000002,-0.044167949999999845,0.0,,False
-3.0342578000000002,0.032897950000000176,2.808583391196284e-09,32.438553378750335,False
-3.0342578000000002,0.1099638500000002,1.1330634089340514e-06,17.47252066635034,False
-3.0342578000000002,0.18702975000000022,8.372269092259306e-06,12.48384309555034,True
-3.0342578000000002,0.26409565000000024,1.1330634089340514e-06,17.47252066635034,False
-3.0342578000000002,0.34116155000000026,2.808583391196284e-09,32.438553378750335,False
-3.0342578000000002,0.4182274500000003,6.961782194276772e-12,47.404586091150335,False
-3.0342578000000002,0.4952933500000003,2.808583391196284e-09,32.438553378750335,False
-3.0342578000000002,0.5723592500000003,2.075278023607423e-08,27.449875807950338,False
-3.0342578000000002,0.6494251500000003,8.425750173588853e-09,29.698242137008414,False
-3.0342578000000002,0.7264910500000004,2.2868865598863714e-06,15.720830432797337,True
-3.0342578000000002,0.8035569500000004,2.514037560218738e-05,9.741192391502027,True
-3.0342578000000002,0.8806228500000004,7.364305802906444e-05,7.060389961795333,True
-3.0342578000000002,0.9576887500000004,8.093219502303543e-05,6.824969719084156,True
-3.0342578000000002,1.0347546500000004,3.807968706559275e-05,8.705528339408014,True
-3.0342578000000002,1.1118205500000005,9.386592412856937e-05,6.455169728043415,True
-3.0342578000000002,1.1888864500000005,6.16490104596451e-05,7.503815311616252,True
-3.0342578000000002,1.2659523500000005,0.00015144811847163101,5.261938693116972,True
-3.0342578000000002,1.3430182500000005,0.00024004813442282726,4.113055354492548,True
-3.0342578000000002,1.4200841500000005,0.00025341707855308193,3.977869176738849,True
-3.0342578000000002,1.4971500500000006,0.00010136487931351206,6.263456724031787,True
-3.0342578000000002,1.5742159500000006,0.00011761139051623083,5.892650276756413,True
-3.0342578000000002,1.6512818500000006,0.00015100344069449655,5.269273274752307,True
-3.0342578000000002,1.7283477500000006,0.0002763300243144822,3.7619611360112217,True
-3.0342578000000002,1.8054136500000006,0.0001320314587456264,5.604169197940548,True
-3.0342578000000002,1.8824795500000007,0.00022274434226137872,4.29966880387075,True
-3.0342578000000002,1.9595454500000007,0.0001263397717539377,5.714083082486836,True
-3.0342578000000002,2.0366113500000007,0.000195451647958417,4.625707923994889,True
-3.0342578000000002,2.1136772500000007,0.00028783049283657926,3.660252355180958,True
-3.0342578000000002,2.1907431500000007,6.1006738399988714e-05,7.5299381597798805,True
-3.0342578000000002,2.2678090500000008,1.7630905324878855e-05,10.62623816165818,True
-3.0342578000000002,2.344874950000001,0.00013121296015097456,5.61968040519181,True
-3.0342578000000002,2.421940850000001,0.0002198112462917129,4.332732411481509,True
-3.0342578000000002,2.499006750000001,5.260805759001777e-05,7.899387222592691,True
-3.0342578000000002,2.576072650000001,4.650067415654752e-06,13.950622127927943,True
-3.0342578000000002,2.653138550000001,8.389148439735261e-06,12.478819316954809,True
-3.0342578000000002,2.730204450000001,2.2689493248236876e-06,15.740471953449827,True
-3.0342578000000002,2.807270350000001,8.41658323612265e-06,12.47067545998892,True
-3.0342578000000002,2.884336250000001,9.508141084584553e-06,12.16650473000358,True
-3.0342578000000002,2.961402150000001,6.186598154322058e-05,7.495052003827117,True
-3.0342578000000002,3.038468050000001,8.372269092259306e-06,12.48384309555034,True
-3.0342578000000002,3.115533950000001,2.075278023607423e-08,27.449875807950338,False
-3.0342578000000002,3.192599850000001,0.0,,False
-3.0342578000000002,3.269665750000001,0.0,,False
-3.0342578000000002,3.346731650000001,0.0,,False
-3.0342578000000002,3.423797550000001,0.0,,False
-3.0342578000000002,3.5008634500000007,0.0,,False
-3.0342578000000002,3.5779293500000002,0.0,,False
-3.0342578000000002,3.6549952500000003,0.0,,False
-3.0342578000000002,3.7320611500000003,0.0,,False
-3.0342578000000002,3.80912705,0.0,,False
-2.9514846000000006,-3.82039705,0.0,,False
-2.9514846000000006,-3.74333115,0.0,,False
-2.9514846000000006,-3.66626525,0.0,,False
-2.9514846000000006,-3.58919935,0.0,,False
-2.9514846000000006,-3.51213345,0.0,,False
-2.9514846000000006,-3.43506755,0.0,,False
-2.9514846000000006,-3.35800165,0.0,,False
-2.9514846000000006,-3.28093575,0.0,,False
-2.9514846000000006,-3.20386985,0.0,,False
-2.9514846000000006,-3.1268039499999998,0.0,,False
-2.9514846000000006,-3.0497380499999998,0.0,,False
-2.9514846000000006,-2.9726721499999997,0.0,,False
-2.9514846000000006,-2.8956062499999997,0.0,,False
-2.9514846000000006,-2.8185403499999997,0.0,,False
-2.9514846000000006,-2.7414744499999997,0.0,,False
-2.9514846000000006,-2.6644085499999997,0.0,,False
-2.9514846000000006,-2.5873426499999996,0.0,,False
-2.9514846000000006,-2.5102767499999996,0.0,,False
-2.9514846000000006,-2.4332108499999996,0.0,,False
-2.9514846000000006,-2.3561449499999996,0.0,,False
-2.9514846000000006,-2.2790790499999996,0.0,,False
-2.9514846000000006,-2.2020131499999995,0.0,,False
-2.9514846000000006,-2.1249472499999995,0.0,,False
-2.9514846000000006,-2.04788135,0.0,,False
-2.9514846000000006,-1.97081545,0.0,,False
-2.9514846000000006,-1.89374955,0.0,,False
-2.9514846000000006,-1.8166836499999999,2.808583391196284e-09,32.438553378750335,False
-2.9514846000000006,-1.7396177499999999,1.1330634089340514e-06,17.47252066635034,False
-2.9514846000000006,-1.6625518499999998,8.372269092259306e-06,12.48384309555034,True
-2.9514846000000006,-1.5854859499999998,1.1358719923252476e-06,17.46634546889086,False
-2.9514846000000006,-1.5084200499999998,1.1358719923252476e-06,17.46634546889086,False
-2.9514846000000006,-1.4313541499999998,8.372269092259306e-06,12.48384309555034,True
-2.9514846000000006,-1.3542882499999997,1.1330703707162456e-06,17.472505340650244,False
-2.9514846000000006,-1.2772223499999997,5.6241285645868454e-09,30.70651997257919,False
-2.9514846000000006,-1.2001564499999997,2.3561363627270515e-08,27.133274347052172,False
-2.9514846000000006,-1.1230905499999997,2.3561363627270515e-08,27.133274347052172,False
-2.9514846000000006,-1.0460246499999997,2.8155451733905604e-09,32.43237818129086,False
-2.9514846000000006,-0.9689587499999996,6.961782194276772e-12,47.404586091150335,False
-2.9514846000000006,-0.8918928499999996,0.0,,False
-2.9514846000000006,-0.8148269499999996,0.0,,False
-2.9514846000000006,-0.7377610499999996,0.0,,False
-2.9514846000000006,-0.6606951499999996,0.0,,False
-2.9514846000000006,-0.5836292499999995,0.0,,False
-2.9514846000000006,-0.5065633499999995,0.0,,False
-2.9514846000000006,-0.4294974499999995,0.0,,False
-2.9514846000000006,-0.3524315499999995,0.0,,False
-2.9514846000000006,-0.27536564999999946,0.0,,False
-2.9514846000000006,-0.19829974999999966,0.0,,False
-2.9514846000000006,-0.12123384999999987,0.0,,False
-2.9514846000000006,-0.044167949999999845,0.0,,False
-2.9514846000000006,0.032897950000000176,6.961782194276772e-12,47.404586091150335,False
-2.9514846000000006,0.1099638500000002,2.808583391196284e-09,32.438553378750335,False
-2.9514846000000006,0.18702975000000022,2.075278023607423e-08,27.449875807950338,False
-2.9514846000000006,0.26409565000000024,2.808583391196284e-09,32.438553378750335,False
-2.9514846000000006,0.34116155000000026,1.3923564388553544e-11,45.67564219468901,False
-2.9514846000000006,0.4182274500000003,2.8155451733905604e-09,32.43237818129086,False
-2.9514846000000006,0.4952933500000003,2.3561363627270515e-08,27.133274347052172,False
-2.9514846000000006,0.5723592500000003,2.356832540946479e-08,27.13253744240358,False
-2.9514846000000006,0.6494251500000003,5.6519756933639514e-09,30.69420005907189,False
-2.9514846000000006,0.7264910500000004,3.48096207564442e-08,26.15976990975913,False
-2.9514846000000006,0.8035569500000004,1.2452669838524001e-06,17.23699271210106,False
-2.9514846000000006,0.8806228500000004,1.7938788123009766e-05,10.583056277849664,True
-2.9514846000000006,0.9576887500000004,8.097091984724515e-05,6.82377650136375,True
-2.9514846000000006,1.0347546500000004,9.882496703885274e-05,6.326754056934387,True
-2.9514846000000006,1.1118205500000005,0.0001585274790453235,5.147985240527075,True
-2.9514846000000006,1.1888864500000005,0.0001274228760050972,5.6927903873495485,True
-2.9514846000000006,1.2659523500000005,0.0003581601873049592,3.1149684539244604,True
-2.9514846000000006,1.3430182500000005,0.00011807745126957638,5.882785448876859,True
-2.9514846000000006,1.4200841500000005,0.00019169916809312293,4.6740624608148105,True
-2.9514846000000006,1.4971500500000006,0.0002451693191804569,4.060400842473814,True
-2.9514846000000006,1.5742159500000006,0.00021451959124868972,4.393514803205128,True
-2.9514846000000006,1.6512818500000006,0.00028088021518528106,3.7212225814883557,True
-2.9514846000000006,1.7283477500000006,0.0003449651868955508,3.208598031126072,True
-2.9514846000000006,1.8054136500000006,0.00018559920356366717,4.754723842731507,True
-2.9514846000000006,1.8824795500000007,0.00015830767849301026,5.151446075712795,True
-2.9514846000000006,1.9595454500000007,0.0001889091701156786,4.710631942462155,True
-2.9514846000000006,2.0366113500000007,0.000216677401847964,4.368550085525072,True
-2.9514846000000006,2.1136772500000007,0.00021545961839297434,4.3826084623944475,True
-2.9514846000000006,2.1907431500000007,0.00021649120071487714,4.370694510277941,True
-2.9514846000000006,2.2678090500000008,4.0394680344737666e-05,8.558319673960588,True
-2.9514846000000006,2.344874950000001,0.00010852547942699777,6.093197385113706,True
-2.9514846000000006,2.421940850000001,7.499714611540618e-05,7.014942663197405,True
-2.9514846000000006,2.499006750000001,0.00020810768336548867,4.469206547465755,True
-2.9514846000000006,2.576072650000001,4.416510440687665e-05,8.335732656726043,True
-2.9514846000000006,2.653138550000001,6.307255154999202e-05,7.446873305745808,True
-2.9514846000000006,2.730204450000001,9.531709409994016e-06,12.1603295325441,True
-2.9514846000000006,2.807270350000001,8.419398781296042e-06,12.469841184496557,True
-2.9514846000000006,2.884336250000001,2.27175094643269e-06,15.737393928515054,True
-2.9514846000000006,2.961402150000001,8.395837417668771e-06,12.476831280966074,True
-2.9514846000000006,3.038468050000001,1.1358719923252478e-06,17.46634546889086,False
-2.9514846000000006,3.115533950000001,2.815545173390561e-09,32.43237818129086,False
-2.9514846000000006,3.192599850000001,6.961782194276772e-12,47.404586091150335,False
-2.9514846000000006,3.269665750000001,2.808583391196284e-09,32.438553378750335,False
-2.9514846000000006,3.346731650000001,2.075278023607423e-08,27.449875807950338,False
-2.9514846000000006,3.423797550000001,2.808583391196284e-09,32.438553378750335,False
-2.9514846000000006,3.5008634500000007,6.961782194276772e-12,47.404586091150335,False
-2.9514846000000006,3.5779293500000002,0.0,,False
-2.9514846000000006,3.6549952500000003,0.0,,False
-2.9514846000000006,3.7320611500000003,0.0,,False
-2.9514846000000006,3.80912705,0.0,,False
-2.8687114000000005,-3.82039705,0.0,,False
-2.8687114000000005,-3.74333115,0.0,,False
-2.8687114000000005,-3.66626525,0.0,,False
-2.8687114000000005,-3.58919935,0.0,,False
-2.8687114000000005,-3.51213345,0.0,,False
-2.8687114000000005,-3.43506755,0.0,,False
-2.8687114000000005,-3.35800165,0.0,,False
-2.8687114000000005,-3.28093575,0.0,,False
-2.8687114000000005,-3.20386985,0.0,,False
-2.8687114000000005,-3.1268039499999998,0.0,,False
-2.8687114000000005,-3.0497380499999998,0.0,,False
-2.8687114000000005,-2.9726721499999997,0.0,,False
-2.8687114000000005,-2.8956062499999997,0.0,,False
-2.8687114000000005,-2.8185403499999997,0.0,,False
-2.8687114000000005,-2.7414744499999997,0.0,,False
-2.8687114000000005,-2.6644085499999997,0.0,,False
-2.8687114000000005,-2.5873426499999996,0.0,,False
-2.8687114000000005,-2.5102767499999996,0.0,,False
-2.8687114000000005,-2.4332108499999996,0.0,,False
-2.8687114000000005,-2.3561449499999996,0.0,,False
-2.8687114000000005,-2.2790790499999996,0.0,,False
-2.8687114000000005,-2.2020131499999995,0.0,,False
-2.8687114000000005,-2.1249472499999995,0.0,,False
-2.8687114000000005,-2.04788135,6.961782194276772e-12,47.404586091150335,False
-2.8687114000000005,-1.97081545,2.808583391196284e-09,32.438553378750335,False
-2.8687114000000005,-1.89374955,2.075278023607423e-08,27.449875807950338,False
-2.8687114000000005,-1.8166836499999999,2.3561363627270515e-08,27.133274347052172,False
-2.8687114000000005,-1.7396177499999999,8.372276054041499e-06,12.483841021436866,True
-2.8687114000000005,-1.6625518499999998,6.186316599804719e-05,7.495165524750339,True
-2.8687114000000005,-1.5854859499999998,8.39302187249538e-06,12.477667898090859,True
-2.8687114000000005,-1.5084200499999998,8.39302187249538e-06,12.477667898090859,True
-2.8687114000000005,-1.4313541499999998,6.186316599804719e-05,7.495165524750339,True
-2.8687114000000005,-1.3542882499999997,8.3750776756505e-06,12.483006478425555,True
-2.8687114000000005,-1.2772223499999997,1.156624772561322e-06,17.42118433322631,False
-2.8687114000000005,-1.2001564499999997,9.505332501193357e-06,12.167241634652175,True
-2.8687114000000005,-1.1230905499999997,9.505332501193357e-06,12.167241634652175,True
-2.8687114000000005,-1.0460246499999997,1.1358719923252476e-06,17.46634546889086,False
-2.8687114000000005,-0.9689587499999996,2.808583391196284e-09,32.438553378750335,False
-2.8687114000000005,-0.8918928499999996,0.0,,False
-2.8687114000000005,-0.8148269499999996,0.0,,False
-2.8687114000000005,-0.7377610499999996,0.0,,False
-2.8687114000000005,-0.6606951499999996,0.0,,False
-2.8687114000000005,-0.5836292499999995,0.0,,False
-2.8687114000000005,-0.5065633499999995,0.0,,False
-2.8687114000000005,-0.4294974499999995,0.0,,False
-2.8687114000000005,-0.3524315499999995,0.0,,False
-2.8687114000000005,-0.27536564999999946,0.0,,False
-2.8687114000000005,-0.19829974999999966,0.0,,False
-2.8687114000000005,-0.12123384999999987,0.0,,False
-2.8687114000000005,-0.044167949999999845,0.0,,False
-2.8687114000000005,0.032897950000000176,0.0,,False
-2.8687114000000005,0.1099638500000002,0.0,,False
-2.8687114000000005,0.18702975000000022,6.961782194276772e-12,47.404586091150335,False
-2.8687114000000005,0.26409565000000024,2.808583391196284e-09,32.438553378750335,False
-2.8687114000000005,0.34116155000000026,2.3561363627270515e-08,27.133274347052172,False
-2.8687114000000005,0.4182274500000003,1.1386805757164441e-06,17.460185521529283,False
-2.8687114000000005,0.4952933500000003,9.505339462975551e-06,12.167239807778996,True
-2.8687114000000005,0.5723592500000003,9.508141084584553e-06,12.16650473000358,True
-2.8687114000000005,0.6494251500000003,2.2745525680416915e-06,15.73431969719561,True
-2.8687114000000005,0.7264910500000004,1.0644020038691996e-05,11.885018977608627,True
-2.8687114000000005,0.8035569500000004,1.9021927183080275e-05,10.436820494946618,True
-2.8687114000000005,0.8806228500000004,1.4098765704704475e-05,11.183887735024372,True
-2.8687114000000005,0.9576887500000004,3.70117114661047e-05,8.776483805588361,True
-2.8687114000000005,1.0347546500000004,9.271769725905286e-05,6.485870203784564,True
-2.8687114000000005,1.1118205500000005,9.280074318890814e-05,6.48363705976779,True
-2.8687114000000005,1.1888864500000005,6.777872105944577e-05,7.267374148325764,True
-2.8687114000000005,1.2659523500000005,0.00026671922594877933,3.85025916948487,True
-2.8687114000000005,1.3430182500000005,0.0002484703348257323,4.027040580495582,True
-2.8687114000000005,1.4200841500000005,0.00015614532949988688,5.185751462160427,True
-2.8687114000000005,1.4971500500000006,0.0002262910366441868,4.260265043052043,True
-2.8687114000000005,1.5742159500000006,0.00027592232066575296,3.7656440582042072,True
-2.8687114000000005,1.6512818500000006,0.0002954321053026402,3.5952316577193275,True
-2.8687114000000005,1.7283477500000006,0.0003121957082276302,3.457566075117127,True
-2.8687114000000005,1.8054136500000006,0.0005176933905708447,2.196047011298849,True
-2.8687114000000005,1.8824795500000007,0.00036678379407222673,3.0556225953147336,True
-2.8687114000000005,1.9595454500000007,0.000257577379003255,3.937252579386066,True
-2.8687114000000005,2.0366113500000007,0.00030931263402798166,3.480707889610137,True
-2.8687114000000005,2.1136772500000007,0.0001370611787850094,5.510912933220465,True
-2.8687114000000005,2.1907431500000007,0.00010847622003922318,6.094329814987611,True
-2.8687114000000005,2.2678090500000008,5.829138844935486e-05,7.643505285421533,True
-2.8687114000000005,2.344874950000001,0.0002833980878985701,3.698962398122611,True
-2.8687114000000005,2.421940850000001,0.00012965981733077347,5.649381550610036,True
-2.8687114000000005,2.499006750000001,0.00018474816423884362,4.766187589024139,True
-2.8687114000000005,2.576072650000001,9.383112146959513e-05,6.456094725267881,True
-2.8687114000000005,2.653138550000001,1.9089788767006503e-05,10.427937664273804,True
-2.8687114000000005,2.730204450000001,1.790116991886213e-05,10.5882924770657,True
-2.8687114000000005,2.807270350000001,6.300185353554583e-05,7.449670777886938,True
-2.8687114000000005,2.884336250000001,9.51094966797575e-06,12.165768042995062,True
-2.8687114000000005,2.961402150000001,8.413774652731454e-06,12.471507950729283,True
-2.8687114000000005,3.038468050000001,1.1358719923252478e-06,17.46634546889086,False
-2.8687114000000005,3.115533950000001,2.815545173390561e-09,32.43237818129086,False
-2.8687114000000005,3.192599850000001,2.808583391196284e-09,32.438553378750335,False
-2.8687114000000005,3.269665750000001,1.1330634089340514e-06,17.47252066635034,False
-2.8687114000000005,3.346731650000001,8.372269092259306e-06,12.48384309555034,True
-2.8687114000000005,3.423797550000001,1.1330634089340514e-06,17.47252066635034,False
-2.8687114000000005,3.5008634500000007,2.808583391196284e-09,32.438553378750335,False
-2.8687114000000005,3.5779293500000002,0.0,,False
-2.8687114000000005,3.6549952500000003,0.0,,False
-2.8687114000000005,3.7320611500000003,0.0,,False
-2.8687114000000005,3.80912705,0.0,,False
-2.7859382000000004,-3.82039705,0.0,,False
-2.7859382000000004,-3.74333115,0.0,,False
-2.7859382000000004,-3.66626525,0.0,,False
-2.7859382000000004,-3.58919935,0.0,,False
-2.7859382000000004,-3.51213345,0.0,,False
-2.7859382000000004,-3.43506755,0.0,,False
-2.7859382000000004,-3.35800165,0.0,,False
-2.7859382000000004,-3.28093575,0.0,,False
-2.7859382000000004,-3.20386985,0.0,,False
-2.7859382000000004,-3.1268039499999998,0.0,,False
-2.7859382000000004,-3.0497380499999998,0.0,,False
-2.7859382000000004,-2.9726721499999997,6.961782194276772e-12,47.404586091150335,False
-2.7859382000000004,-2.8956062499999997,2.808583391196284e-09,32.438553378750335,False
-2.7859382000000004,-2.8185403499999997,2.075278023607423e-08,27.449875807950338,False
-2.7859382000000004,-2.7414744499999997,2.808583391196284e-09,32.438553378750335,False
-2.7859382000000004,-2.6644085499999997,6.961782194276772e-12,47.404586091150335,False
-2.7859382000000004,-2.5873426499999996,0.0,,False
-2.7859382000000004,-2.5102767499999996,0.0,,False
-2.7859382000000004,-2.4332108499999996,0.0,,False
-2.7859382000000004,-2.3561449499999996,0.0,,False
-2.7859382000000004,-2.2790790499999996,0.0,,False
-2.7859382000000004,-2.2020131499999995,0.0,,False
-2.7859382000000004,-2.1249472499999995,0.0,,False
-2.7859382000000004,-2.04788135,2.808583391196284e-09,32.438553378750335,False
-2.7859382000000004,-1.97081545,1.1330634089340514e-06,17.47252066635034,False
-2.7859382000000004,-1.89374955,8.372269092259306e-06,12.48384309555034,True
-2.7859382000000004,-1.8166836499999999,1.1358719923252476e-06,17.46634546889086,False
-2.7859382000000004,-1.7396177499999999,1.135878954107442e-06,17.46633018108533,False
-2.7859382000000004,-1.6625518499999998,8.375077675650502e-06,12.483006478425555,True
-2.7859382000000004,-1.5854859499999998,1.156624772561322e-06,17.42118433322631,False
-2.7859382000000004,-1.5084200499999998,1.1386805757164441e-06,17.460185521529283,False
-2.7859382000000004,-1.4313541499999998,8.372276054041499e-06,12.483841021436866,True
-2.7859382000000004,-1.3542882499999997,1.1538161891701255e-06,17.427248597192733,False
-2.7859382000000004,-1.2772223499999997,8.395830455886575e-06,12.47683334925893,True
-2.7859382000000004,-1.2001564499999997,7.02354350903065e-05,7.178564063852173,True
-2.7859382000000004,-1.1230905499999997,7.02354350903065e-05,7.178564063852173,True
-2.7859382000000004,-1.0460246499999997,8.39302187249538e-06,12.477667898090859,True
-2.7859382000000004,-0.9689587499999996,2.075278023607423e-08,27.449875807950338,False
-2.7859382000000004,-0.8918928499999996,0.0,,False
-2.7859382000000004,-0.8148269499999996,0.0,,False
-2.7859382000000004,-0.7377610499999996,0.0,,False
-2.7859382000000004,-0.6606951499999996,0.0,,False
-2.7859382000000004,-0.5836292499999995,0.0,,False
-2.7859382000000004,-0.5065633499999995,0.0,,False
-2.7859382000000004,-0.4294974499999995,0.0,,False
-2.7859382000000004,-0.3524315499999995,0.0,,False
-2.7859382000000004,-0.27536564999999946,0.0,,False
-2.7859382000000004,-0.19829974999999966,0.0,,False
-2.7859382000000004,-0.12123384999999987,0.0,,False
-2.7859382000000004,-0.044167949999999845,0.0,,False
-2.7859382000000004,0.032897950000000176,0.0,,False
-2.7859382000000004,0.1099638500000002,0.0,,False
-2.7859382000000004,0.18702975000000022,2.808583391196284e-09,32.438553378750335,False
-2.7859382000000004,0.26409565000000024,1.1330634089340514e-06,17.47252066635034,False
-2.7859382000000004,0.34116155000000026,8.39302187249538e-06,12.477667898090859,True
-2.7859382000000004,0.4182274500000003,9.526085281429432e-06,12.16180173671537,True
-2.7859382000000004,0.4952933500000003,7.023824367369769e-05,7.1784643219140785,True
-2.7859382000000004,0.5723592500000003,7.025618787054257e-05,7.177827159203579,True
-2.7859382000000004,0.6494251500000003,1.6806817410573417e-05,10.745639026750915,True
-2.7859382000000004,0.7264910500000004,7.865763549321154e-05,6.896075832130904,True
-2.7859382000000004,0.8035569500000004,0.0001405830807173135,5.447628442259069,True
-2.7859382000000004,0.8806228500000004,9.881822236666167e-05,6.326924298039058,True
-2.7859382000000004,0.9576887500000004,0.00016910190072784917,4.986916934144912,True
-2.7859382000000004,1.0347546500000004,0.00011061997379797709,6.045516380977222,True
-2.7859382000000004,1.1118205500000005,5.377033433827246e-05,7.844879398429381,True
-2.7859382000000004,1.1888864500000005,0.00014021746404875907,5.454123959232448,True
-2.7859382000000004,1.2659523500000005,0.00013360532649893481,5.5746115046075,True
-2.7859382000000004,1.3430182500000005,0.00020337922534997745,4.526534715871921,True
-2.7859382000000004,1.4200841500000005,0.0003059667721204982,3.5078363626556457,True
-2.7859382000000004,1.4971500500000006,0.0003568667800628111,3.123992447467237,True
-2.7859382000000004,1.5742159500000006,0.0002620395438913764,3.8944116938734794,True
-2.7859382000000004,1.6512818500000006,0.00026149270614255735,3.8996224487110625,True
-2.7859382000000004,1.7283477500000006,0.00010822722007115369,6.1000619856531175,True
-2.7859382000000004,1.8054136500000006,0.00017732117992591692,4.86853270207213,True
-2.7859382000000004,1.8824795500000007,0.0003043070498539433,3.5214037800354148,True
-2.7859382000000004,1.9595454500000007,0.00041746285448561877,2.7327977578742577,True
-2.7859382000000004,2.0366113500000007,0.00019517519927039577,4.629238438114525,True
-2.7859382000000004,2.1136772500000007,0.00014773716505215567,5.323819074865548,True
-2.7859382000000004,2.1907431500000007,9.854690684687387e-05,6.333782178689878,True
-2.7859382000000004,2.2678090500000008,0.00012131565495777268,5.815300884523601,True
-2.7859382000000004,2.344874950000001,0.0002049098716559202,4.50783243671629,True
-2.7859382000000004,2.421940850000001,0.00012463852304156408,5.74789919909517,True
-2.7859382000000004,2.499006750000001,0.0001786392342664078,4.85006048461561,True
-2.7859382000000004,2.576072650000001,9.997203159404961e-05,6.2979689205167375,True
-2.7859382000000004,2.653138550000001,1.9131308251043038e-05,10.42251847392091,True
-2.7859382000000004,2.730204450000001,6.30310320659555e-05,7.448515823113749,True
-2.7859382000000004,2.807270350000001,1.6765311850101267e-05,10.751806582060759,True
-2.7859382000000004,2.884336250000001,9.526085281429432e-06,12.16180173671537,True
-2.7859382000000004,2.961402150000001,6.186597458143838e-05,7.495052284515208,True
-2.7859382000000004,3.038468050000001,8.372269092259306e-06,12.48384309555034,True
-2.7859382000000004,3.115533950000001,2.075278023607423e-08,27.449875807950338,False
-2.7859382000000004,3.192599850000001,2.075278023607423e-08,27.449875807950338,False
-2.7859382000000004,3.269665750000001,8.372269092259306e-06,12.48384309555034,True
-2.7859382000000004,3.346731650000001,6.186316599804719e-05,7.495165524750339,True
-2.7859382000000004,3.423797550000001,8.372269092259306e-06,12.48384309555034,True
-2.7859382000000004,3.5008634500000007,2.075278023607423e-08,27.449875807950338,False
-2.7859382000000004,3.5779293500000002,0.0,,False
-2.7859382000000004,3.6549952500000003,0.0,,False
-2.7859382000000004,3.7320611500000003,0.0,,False
-2.7859382000000004,3.80912705,0.0,,False
-2.7031650000000003,-3.82039705,0.0,,False
-2.7031650000000003,-3.74333115,0.0,,False
-2.7031650000000003,-3.66626525,6.961782194276772e-12,47.404586091150335,False
-2.7031650000000003,-3.58919935,2.808583391196284e-09,32.438553378750335,False
-2.7031650000000003,-3.51213345,2.075278023607423e-08,27.449875807950338,False
-2.7031650000000003,-3.43506755,2.8155451733905604e-09,32.43237818129086,False
-2.7031650000000003,-3.35800165,2.8155451733905604e-09,32.43237818129086,False
-2.7031650000000003,-3.28093575,2.075278023607423e-08,27.449875807950338,False
-2.7031650000000003,-3.20386985,2.808583391196284e-09,32.438553378750335,False
-2.7031650000000003,-3.1268039499999998,6.961782194276772e-12,47.404586091150335,False
-2.7031650000000003,-3.0497380499999998,0.0,,False
-2.7031650000000003,-2.9726721499999997,2.808583391196284e-09,32.438553378750335,False
-2.7031650000000003,-2.8956062499999997,1.1330634089340514e-06,17.47252066635034,False
-2.7031650000000003,-2.8185403499999997,8.372269092259306e-06,12.48384309555034,True
-2.7031650000000003,-2.7414744499999997,1.1330634089340514e-06,17.47252066635034,False
-2.7031650000000003,-2.6644085499999997,2.815545173390561e-09,32.43237818129086,False
-2.7031650000000003,-2.5873426499999996,2.808583391196284e-09,32.438553378750335,False
-2.7031650000000003,-2.5102767499999996,2.075278023607423e-08,27.449875807950338,False
-2.7031650000000003,-2.4332108499999996,2.808583391196284e-09,32.438553378750335,False
-2.7031650000000003,-2.3561449499999996,6.961782194276772e-12,47.404586091150335,False
-2.7031650000000003,-2.2790790499999996,0.0,,False
-2.7031650000000003,-2.2020131499999995,0.0,,False
-2.7031650000000003,-2.1249472499999995,0.0,,False
-2.7031650000000003,-2.04788135,2.075278023607423e-08,27.449875807950338,False
-2.7031650000000003,-1.97081545,8.372269092259306e-06,12.48384309555034,True
-2.7031650000000003,-1.89374955,6.186316599804719e-05,7.495165524750339,True
-2.7031650000000003,-1.8166836499999999,8.372276054041499e-06,12.483841021436866,True
-2.7031650000000003,-1.7396177499999999,2.6369947018466797e-08,26.852370006723515,False
-2.7031650000000003,-1.6625518499999998,1.1538161891701255e-06,17.427248597192733,False
-2.7031650000000003,-1.5854859499999998,8.375084637432696e-06,12.483004405007637,True
-2.7031650000000003,-1.5084200499999998,1.1358928776718306e-06,17.46629960575536,False
-2.7031650000000003,-1.4313541499999998,2.918549219185736e-08,26.599327438909793,False
-2.7031650000000003,-1.3542882499999997,4.9931310645737306e-08,25.259926051360882,False
-2.7031650000000003,-1.2772223499999997,1.162255862908103e-06,17.409069975591347,False
-2.7031650000000003,-1.2001564499999997,9.51096359154014e-06,12.165764391407945,True
-2.7031650000000003,-1.1230905499999997,9.526092243211624e-06,12.161799913822074,True
-2.7031650000000003,-1.0460246499999997,1.1386805757164441e-06,17.460185521529283,False
-2.7031650000000003,-0.9689587499999996,2.815545173390561e-09,32.43237818129086,False
-2.7031650000000003,-0.8918928499999996,0.0,,False
-2.7031650000000003,-0.8148269499999996,0.0,,False
-2.7031650000000003,-0.7377610499999996,0.0,,False
-2.7031650000000003,-0.6606951499999996,0.0,,False
-2.7031650000000003,-0.5836292499999995,0.0,,False
-2.7031650000000003,-0.5065633499999995,0.0,,False
-2.7031650000000003,-0.4294974499999995,0.0,,False
-2.7031650000000003,-0.3524315499999995,0.0,,False
-2.7031650000000003,-0.27536564999999946,0.0,,False
-2.7031650000000003,-0.19829974999999966,0.0,,False
-2.7031650000000003,-0.12123384999999987,0.0,,False
-2.7031650000000003,-0.044167949999999845,0.0,,False
-2.7031650000000003,0.032897950000000176,6.961782194276772e-12,47.404586091150335,False
-2.7031650000000003,0.1099638500000002,2.808583391196284e-09,32.438553378750335,False
-2.7031650000000003,0.18702975000000022,4.150556047214846e-08,25.720931911489014,False
-2.7031650000000003,0.26409565000000024,8.3750776756505e-06,12.483006478425555,True
-2.7031650000000003,0.34116155000000026,6.186598154322058e-05,7.495052003827117,True
-2.7031650000000003,0.4182274500000003,9.508141084584553e-06,12.16650473000358,True
-2.7031650000000003,0.4952933500000003,9.52608528142943e-06,12.16180173671537,True
-2.7031650000000003,0.5723592500000003,9.508141084584553e-06,12.16650473000358,True
-2.7031650000000003,0.6494251500000003,2.2829783182152805e-06,15.72509685266735,True
-2.7031650000000003,0.7264910500000004,1.4043203303711957e-05,11.193737197359127,True
-2.7031650000000003,0.8035569500000004,4.420097887700202e-05,8.333707375445485,True
-2.7031650000000003,0.8806228500000004,4.3739414790609394e-05,8.35989119670678,True
-2.7031650000000003,0.9576887500000004,0.00023819755558415932,4.132359213190796,True
-2.7031650000000003,1.0347546500000004,0.00017860892823058947,4.850483683549519,True
-2.7031650000000003,1.1118205500000005,0.0001474690176474934,5.3283504884659605,True
-2.7031650000000003,1.1888864500000005,6.938461769724822e-05,7.20896446909858,True
-2.7031650000000003,1.2659523500000005,9.746032905123417e-05,6.3614374934592455,True
-2.7031650000000003,1.3430182500000005,0.00016213536691947085,5.091853546142172,True
-2.7031650000000003,1.4200841500000005,0.0004698661226699624,2.437836609919916,True
-2.7031650000000003,1.4971500500000006,0.000427568899096859,2.673133488843288,True
-2.7031650000000003,1.5742159500000006,0.00042722673879631634,2.675130372580677,True
-2.7031650000000003,1.6512818500000006,0.00025762623154096745,3.9367795439590902,True
-2.7031650000000003,1.7283477500000006,0.00029873267175827765,3.5675194272927824,True
-2.7031650000000003,1.8054136500000006,0.00019681649334155684,4.608350406752229,True
-2.7031650000000003,1.8824795500000007,0.0002263976508994516,4.259090142577533,True
-2.7031650000000003,1.9595454500000007,0.00042761381497688895,2.6728714736741352,True
-2.7031650000000003,2.0366113500000007,0.0003880235769551653,2.915207421062379,True
-2.7031650000000003,2.1136772500000007,0.00046326290817974537,2.4731391852374465,True
-2.7031650000000003,2.1907431500000007,0.0001120380848443959,6.013743021984848,True
-2.7031650000000003,2.2678090500000008,0.0002534445760055091,3.9775985389364457,True
-2.7031650000000003,2.344874950000001,0.00026677862697362104,3.8497037172746844,True
-2.7031650000000003,2.421940850000001,0.00012136665111778735,5.814252586411058,True
-2.7031650000000003,2.499006750000001,0.0001691507463037794,4.986196541169696,True
-2.7031650000000003,2.576072650000001,0.00010111745684195711,6.269552621442554,True
-2.7031650000000003,2.653138550000001,2.8597943775155443e-05,9.41977270429012,True
-2.7031650000000003,2.730204450000001,1.0691156689510926e-05,11.873997276766756,True
-2.7031650000000003,2.807270350000001,1.1650574845171052e-06,17.403064598769443,False
-2.7031650000000003,2.884336250000001,1.1386875374986383e-06,17.46017027143138,False
-2.7031650000000003,2.961402150000001,8.372276054041499e-06,12.483841021436866,True
-2.7031650000000003,3.038468050000001,1.1330634089340514e-06,17.47252066635034,False
-2.7031650000000003,3.115533950000001,2.808583391196284e-09,32.438553378750335,False
-2.7031650000000003,3.192599850000001,2.808583391196284e-09,32.438553378750335,False
-2.7031650000000003,3.269665750000001,1.1330634089340514e-06,17.47252066635034,False
-2.7031650000000003,3.346731650000001,8.372269092259306e-06,12.48384309555034,True
-2.7031650000000003,3.423797550000001,1.1330634089340514e-06,17.47252066635034,False
-2.7031650000000003,3.5008634500000007,2.808583391196284e-09,32.438553378750335,False
-2.7031650000000003,3.5779293500000002,0.0,,False
-2.7031650000000003,3.6549952500000003,0.0,,False
-2.7031650000000003,3.7320611500000003,0.0,,False
-2.7031650000000003,3.80912705,0.0,,False
-2.6203918,-3.82039705,0.0,,False
-2.6203918,-3.74333115,0.0,,False
-2.6203918,-3.66626525,2.808583391196284e-09,32.438553378750335,False
-2.6203918,-3.58919935,1.1330634089340514e-06,17.47252066635034,False
-2.6203918,-3.51213345,8.372269092259306e-06,12.48384309555034,True
-2.6203918,-3.43506755,1.1358719923252476e-06,17.46634546889086,False
-2.6203918,-3.35800165,1.1358719923252476e-06,17.46634546889086,False
-2.6203918,-3.28093575,8.372269092259306e-06,12.48384309555034,True
-2.6203918,-3.20386985,1.1330634089340514e-06,17.47252066635034,False
-2.6203918,-3.1268039499999998,2.808583391196284e-09,32.438553378750335,False
-2.6203918,-3.0497380499999998,0.0,,False
-2.6203918,-2.9726721499999997,2.075278023607423e-08,27.449875807950338,False
-2.6203918,-2.8956062499999997,8.372269092259306e-06,12.48384309555034,True
-2.6203918,-2.8185403499999997,6.186316599804719e-05,7.495165524750339,True
-2.6203918,-2.7414744499999997,8.372269092259306e-06,12.48384309555034,True
-2.6203918,-2.6644085499999997,2.356832540946479e-08,27.13253744240358,False
-2.6203918,-2.5873426499999996,1.1358719923252478e-06,17.46634546889086,False
-2.6203918,-2.5102767499999996,8.393021872495381e-06,12.477667898090859,True
-2.6203918,-2.4332108499999996,1.1358719923252478e-06,17.46634546889086,False
-2.6203918,-2.3561449499999996,2.822506955584838e-09,32.42621823392928,False
-2.6203918,-2.2790790499999996,2.808583391196284e-09,32.438553378750335,False
-2.6203918,-2.2020131499999995,2.0759742018268505e-08,27.44903919082556,False
-2.6203918,-2.1249472499999995,5.624128564586845e-09,30.70651997257919,False
-2.6203918,-2.04788135,2.6376908800661072e-08,26.85171157720487,False
-2.6203918,-1.97081545,1.156624772561322e-06,17.42118433322631,False
-2.6203918,-1.89374955,8.375084637432696e-06,12.483004405007637,True
-2.6203918,-1.8166836499999999,1.1330703707162456e-06,17.472505340650244,False
-2.6203918,-1.7396177499999999,2.3561363627270515e-08,27.133274347052172,False
-2.6203918,-1.6625518499999998,8.372269092259306e-06,12.48384309555034,True
-2.6203918,-1.5854859499999998,6.186316599804719e-05,7.495165524750339,True
-2.6203918,-1.5084200499999998,8.377886259041698e-06,12.482170141813402,True
-2.6203918,-1.4313541499999998,2.2896881814953733e-06,15.71777653563224,True
-2.6203918,-1.3542882499999997,1.7877622478799244e-05,10.591575723793163,True
-2.6203918,-1.2772223499999997,1.0649637205474387e-05,11.883702987862598,True
-2.6203918,-1.2001564499999997,2.3368178705321087e-06,15.666955688689093,True
-2.6203918,-1.1230905499999997,8.407064789451362e-06,12.473497943341664,True
-2.6203918,-1.0460246499999997,1.1566456579079048e-06,17.421139292984282,False
-2.6203918,-0.9689587499999996,5.6241285645868454e-09,30.70651997257919,False
-2.6203918,-0.8918928499999996,6.961782194276772e-12,47.404586091150335,False
-2.6203918,-0.8148269499999996,0.0,,False
-2.6203918,-0.7377610499999996,0.0,,False
-2.6203918,-0.6606951499999996,0.0,,False
-2.6203918,-0.5836292499999995,0.0,,False
-2.6203918,-0.5065633499999995,0.0,,False
-2.6203918,-0.4294974499999995,0.0,,False
-2.6203918,-0.3524315499999995,0.0,,False
-2.6203918,-0.27536564999999946,0.0,,False
-2.6203918,-0.19829974999999966,0.0,,False
-2.6203918,-0.12123384999999987,0.0,,False
-2.6203918,-0.044167949999999845,0.0,,False
-2.6203918,0.032897950000000176,2.808583391196284e-09,32.438553378750335,False
-2.6203918,0.1099638500000002,1.1330634089340514e-06,17.47252066635034,False
-2.6203918,0.18702975000000022,8.375084637432696e-06,12.483004405007637,True
-2.6203918,0.26409565000000024,2.268935401259299e-06,15.740487260179187,True
-2.6203918,0.34116155000000026,8.395837417668771e-06,12.476831280966074,True
-2.6203918,0.4182274500000003,1.1386944992808326e-06,17.460155021426715,False
-2.6203918,0.4952933500000003,2.918549219185736e-08,26.599327438909793,False
-2.6203918,0.5723592500000003,4.432806742773329e-08,25.556827748632717,False
-2.6203918,0.6494251500000003,7.351355961959065e-08,24.295061931471345,False
-2.6203918,0.7264910500000004,2.5163950889379036e-05,9.738854431265779,True
-2.6203918,0.8035569500000004,0.0001856949917057798,4.75343684128415,True
-2.6203918,0.8806228500000004,4.7572713422070204e-05,8.150342509857682,True
-2.6203918,0.9576887500000004,0.0001713764463341087,4.953589870762296,True
-2.6203918,1.0347546500000004,7.003642908892248e-05,7.1856415875412,True
-2.6203918,1.1118205500000005,7.50527085163987e-05,7.013095391056022,True
-2.6203918,1.1888864500000005,0.0002188375439938627,4.343806179151211,True
-2.6203918,1.2659523500000005,0.00012629607383868793,5.714945964044122,True
-2.6203918,1.3430182500000005,0.00018568839181686727,4.753525495540781,True
-2.6203918,1.4200841500000005,0.0002598121001270249,3.9157052288424956,True
-2.6203918,1.4971500500000006,0.0004315806849307946,2.6498387659669387,True
-2.6203918,1.5742159500000006,0.0004226278003834205,2.7021265746416563,True
-2.6203918,1.6512818500000006,0.0003151406534981512,3.4341472343893953,True
-2.6203918,1.7283477500000006,0.00017014879186249556,4.971522363066778,True
-2.6203918,1.8054136500000006,0.00014276756669296084,5.409167573356308,True
-2.6203918,1.8824795500000007,0.00014847267341120977,5.311431837446304,True
-2.6203918,1.9595454500000007,0.0002633044431118384,3.8824001610101644,True
-2.6203918,2.0366113500000007,0.00033251068882158316,3.3003186047340525,True
-2.6203918,2.1136772500000007,0.0004860289666264328,2.3534770358212085,True
-2.6203918,2.1907431500000007,0.00021978948990400012,4.332979307345315,True
-2.6203918,2.2678090500000008,0.0002585191637613293,3.928149116516493,True
-2.6203918,2.344874950000001,0.00025226435506040955,3.989241110552535,True
-2.6203918,2.421940850000001,7.508299366687045e-05,7.01208908242497,True
-2.6203918,2.499006750000001,0.00010345426078892484,6.212564936881305,True
-2.6203918,2.576072650000001,0.00011667509902700703,5.912586898911595,True
-2.6203918,2.653138550000001,0.00014508225454275118,5.369051236959291,True
-2.6203918,2.730204450000001,2.632898748854956e-05,9.62596547686234,True
-2.6203918,2.807270350000001,1.2037683851624457e-06,17.321533322922136,False
-2.6203918,2.884336250000001,8.439673737977405e-09,29.694123640520246,False
-2.6203918,2.961402150000001,2.0759742018268505e-08,27.44903919082556,False
-2.6203918,3.038468050000001,2.808583391196284e-09,32.438553378750335,False
-2.6203918,3.115533950000001,6.961782194276772e-12,47.404586091150335,False
-2.6203918,3.192599850000001,6.961782194276772e-12,47.404586091150335,False
-2.6203918,3.269665750000001,2.808583391196284e-09,32.438553378750335,False
-2.6203918,3.346731650000001,2.075278023607423e-08,27.449875807950338,False
-2.6203918,3.423797550000001,2.808583391196284e-09,32.438553378750335,False
-2.6203918,3.5008634500000007,6.961782194276772e-12,47.404586091150335,False
-2.6203918,3.5779293500000002,0.0,,False
-2.6203918,3.6549952500000003,0.0,,False
-2.6203918,3.7320611500000003,0.0,,False
-2.6203918,3.80912705,0.0,,False
-2.5376186,-3.82039705,0.0,,False
-2.5376186,-3.74333115,0.0,,False
-2.5376186,-3.66626525,2.075278023607423e-08,27.449875807950338,False
-2.5376186,-3.58919935,8.372269092259306e-06,12.48384309555034,True
-2.5376186,-3.51213345,6.186316599804719e-05,7.495165524750339,True
-2.5376186,-3.43506755,8.39302187249538e-06,12.477667898090859,True
-2.5376186,-3.35800165,8.39302187249538e-06,12.477667898090859,True
-2.5376186,-3.28093575,6.186316599804719e-05,7.495165524750339,True
-2.5376186,-3.20386985,8.372269092259306e-06,12.48384309555034,True
-2.5376186,-3.1268039499999998,2.075278023607423e-08,27.449875807950338,False
-2.5376186,-3.0497380499999998,0.0,,False
-2.5376186,-2.9726721499999997,2.808583391196284e-09,32.438553378750335,False
-2.5376186,-2.8956062499999997,1.1330634089340514e-06,17.47252066635034,False
-2.5376186,-2.8185403499999997,8.372269092259306e-06,12.48384309555034,True
-2.5376186,-2.7414744499999997,1.1330634089340514e-06,17.47252066635034,False
-2.5376186,-2.6644085499999997,2.6376908800661072e-08,26.85171157720487,False
-2.5376186,-2.5873426499999996,9.508148046366747e-06,12.166502903670036,True
-2.5376186,-2.5102767499999996,7.025900341571597e-05,7.177727199569825,True
-2.5376186,-2.4332108499999996,9.531709409994016e-06,12.1603295325441,True
-2.5376186,-2.3561449499999996,5.274685581912786e-08,25.123096873777197,False
-2.5376186,-2.2790790499999996,1.1566317343435161e-06,17.421169319721937,False
-2.5376186,-2.2020131499999995,8.377893220823892e-06,12.482168069090571,True
-2.5376186,-2.1249472499999995,2.2689423630414932e-06,15.740479606802767,True
-2.5376186,-2.04788135,9.508148046366747e-06,12.166502903670036,True
-2.5376186,-1.97081545,9.508141084584553e-06,12.16650473000358,True
-2.5376186,-1.89374955,1.156624772561322e-06,17.42118433322631,False
-2.5376186,-1.8166836499999999,5.617166782392568e-09,30.70960948228901,False
-2.5376186,-1.7396177499999999,2.815545173390561e-09,32.43237818129086,False
-2.5376186,-1.6625518499999998,1.1330634089340514e-06,17.47252066635034,False
-2.5376186,-1.5854859499999998,8.372269092259306e-06,12.48384309555034,True
-2.5376186,-1.5084200499999998,1.174575931188394e-06,17.382768802393418,False
-2.5376186,-1.4313541499999998,1.677090813153708e-05,10.750974107680726,True
-2.5376186,-1.3542882499999997,0.00013212497799715435,5.602403057324103,True
-2.5376186,-1.2772223499999997,8.090020790923456e-05,6.825955760175803,True
-2.5376186,-1.2001564499999997,3.355695883831003e-05,9.02090438699069,True
-2.5376186,-1.1230905499999997,6.53066703687127e-05,7.360049101754619,True
-2.5376186,-1.0460246499999997,1.6752970896474394e-05,10.753643342070454,True
-2.5376186,-0.9689587499999996,1.15382315095232e-06,17.427233547143064,False
-2.5376186,-0.8918928499999996,2.808583391196284e-09,32.438553378750335,False
-2.5376186,-0.8148269499999996,6.961782194276772e-12,47.404586091150335,False
-2.5376186,-0.7377610499999996,2.808583391196284e-09,32.438553378750335,False
-2.5376186,-0.6606951499999996,2.075278023607423e-08,27.449875807950338,False
-2.5376186,-0.5836292499999995,2.808583391196284e-09,32.438553378750335,False
-2.5376186,-0.5065633499999995,6.961782194276772e-12,47.404586091150335,False
-2.5376186,-0.4294974499999995,0.0,,False
-2.5376186,-0.3524315499999995,0.0,,False
-2.5376186,-0.27536564999999946,0.0,,False
-2.5376186,-0.19829974999999966,0.0,,False
-2.5376186,-0.12123384999999987,0.0,,False
-2.5376186,-0.044167949999999845,0.0,,False
-2.5376186,0.032897950000000176,2.075278023607423e-08,27.449875807950338,False
-2.5376186,0.1099638500000002,8.372269092259306e-06,12.48384309555034,True
-2.5376186,0.18702975000000022,6.186598154322058e-05,7.495052003827117,True
-2.5376186,0.26409565000000024,9.508141084584553e-06,12.16650473000358,True
-2.5376186,0.34116155000000026,8.413774652731454e-06,12.471507950729283,True
-2.5376186,0.4182274500000003,1.1386805757164441e-06,17.460185521529283,False
-2.5376186,0.4952933500000003,1.135878954107442e-06,17.46633018108533,False
-2.5376186,0.5723592500000003,8.375077675650502e-06,12.483006478425555,True
-2.5376186,0.6494251500000003,2.2745525680416915e-06,15.73431969719561,True
-2.5376186,0.7264910500000004,1.1774281826017045e-05,11.633291776851568,True
-2.5376186,0.8035569500000004,2.6302638426877675e-05,9.628462967328758,True
-2.5376186,0.8806228500000004,2.2527675970889608e-05,10.014897550812073,True
-2.5376186,0.9576887500000004,0.00016575827986382177,5.036731160395036,True
-2.5376186,1.0347546500000004,0.0002321194852201157,4.196833214484134,True
-2.5376186,1.1118205500000005,0.00025237202720326097,3.9881766973808475,True
-2.5376186,1.1888864500000005,0.0002205219278512074,4.32468086224008,True
-2.5376186,1.2659523500000005,0.00013047669054170032,5.633716196702521,True
-2.5376186,1.3430182500000005,0.00023231870619148283,4.194693318862227,True
-2.5376186,1.4200841500000005,0.00021654121415276163,4.37011833882205,True
-2.5376186,1.4971500500000006,0.0002549860135718959,3.9624740386955644,True
-2.5376186,1.5742159500000006,0.0005106904147962028,2.2300188883531655,True
-2.5376186,1.6512818500000006,0.0005141019181295031,2.2134116670819015,True
-2.5376186,1.7283477500000006,0.00035030631755765486,3.170273861742104,True
-2.5376186,1.8054136500000006,0.0003665578575456712,3.0571595658599464,True
-2.5376186,1.8824795500000007,0.0003491457775816403,3.17855114777994,True
-2.5376186,1.9595454500000007,0.0004830836877973034,2.3686384224824244,True
-2.5376186,2.0366113500000007,0.0003981605020601443,2.850880687711803,True
-2.5376186,2.1136772500000007,0.0006517541787295176,1.6216399316092787,True
-2.5376186,2.1907431500000007,0.00021802760953976342,4.35305504334111,True
-2.5376186,2.2678090500000008,8.820630637792027e-05,6.610290072179868,True
-2.5376186,2.344874950000001,0.00012244030654009753,5.7922837492660175,True
-2.5376186,2.421940850000001,0.00022371807240635766,4.288788529794322,True
-2.5376186,2.499006750000001,0.00011566936088288063,5.934181279344745,True
-2.5376186,2.576072650000001,0.00015466106579465312,5.209575197632221,True
-2.5376186,2.653138550000001,0.0001228087039449144,5.78479007070149,True
-2.5376186,2.730204450000001,8.432296646144619e-05,6.72259567097198,True
-2.5376186,2.807270350000001,1.790960263081791e-05,10.58711774447053,True
-2.5376186,2.884336250000001,1.1566317343435161e-06,17.421169319721937,False
-2.5376186,2.961402150000001,5.617166782392568e-09,30.70960948228901,False
-2.5376186,3.038468050000001,2.075278023607423e-08,27.449875807950338,False
-2.5376186,3.115533950000001,2.808583391196284e-09,32.438553378750335,False
-2.5376186,3.192599850000001,6.961782194276772e-12,47.404586091150335,False
-2.5376186,3.269665750000001,0.0,,False
-2.5376186,3.346731650000001,0.0,,False
-2.5376186,3.423797550000001,0.0,,False
-2.5376186,3.5008634500000007,0.0,,False
-2.5376186,3.5779293500000002,0.0,,False
-2.5376186,3.6549952500000003,0.0,,False
-2.5376186,3.7320611500000003,0.0,,False
-2.5376186,3.80912705,0.0,,False
-2.4548454000000004,-3.82039705,0.0,,False
-2.4548454000000004,-3.74333115,0.0,,False
-2.4548454000000004,-3.66626525,2.808583391196284e-09,32.438553378750335,False
-2.4548454000000004,-3.58919935,1.1330634089340514e-06,17.47252066635034,False
-2.4548454000000004,-3.51213345,8.372269092259306e-06,12.48384309555034,True
-2.4548454000000004,-3.43506755,1.1358719923252476e-06,17.46634546889086,False
-2.4548454000000004,-3.35800165,1.1358719923252476e-06,17.46634546889086,False
-2.4548454000000004,-3.28093575,8.372269092259306e-06,12.48384309555034,True
-2.4548454000000004,-3.20386985,1.1330634089340514e-06,17.47252066635034,False
-2.4548454000000004,-3.1268039499999998,2.808583391196284e-09,32.438553378750335,False
-2.4548454000000004,-3.0497380499999998,0.0,,False
-2.4548454000000004,-2.9726721499999997,1.3923564388553544e-11,45.67564219468901,False
-2.4548454000000004,-2.8956062499999997,5.624128564586845e-09,30.70651997257919,False
-2.4548454000000004,-2.8185403499999997,4.432110564553902e-08,25.557219518635215,False
-2.4548454000000004,-2.7414744499999997,2.918549219185736e-08,26.599327438909793,False
-2.4548454000000004,-2.6644085499999997,5.2753817601322144e-08,25.122767680743543,False
-2.4548454000000004,-2.5873426499999996,1.0664772818928069e-05,11.880160468601598,True
-2.4548454000000004,-2.5102767499999996,7.974640564362883e-05,6.861786247554135,True
-2.4548454000000004,-2.4332108499999996,2.0152161123276548e-05,10.29284935948568,True
-2.4548454000000004,-2.3561449499999996,1.0727024197854098e-05,11.86564308447576,True
-2.4548454000000004,-2.2790790499999996,1.7886027343626252e-05,10.59040332775338,True
-2.4548454000000004,-2.2020131499999995,6.30198046941729e-05,7.448960165566196,True
-2.4548454000000004,-2.1249472499999995,1.6768106509928074e-05,10.751390827941133,True
-2.4548454000000004,-2.04788135,7.025899645393377e-05,7.177727446727389,True
-2.4548454000000004,-1.97081545,7.025618787054257e-05,7.177827159203579,True
-2.4548454000000004,-1.89374955,8.395830455886575e-06,12.47683334925893,True
-2.4548454000000004,-1.8166836499999999,2.0759742018268505e-08,27.44903919082556,False
-2.4548454000000004,-1.7396177499999999,6.961782194276772e-12,47.404586091150335,False
-2.4548454000000004,-1.6625518499999998,2.808583391196284e-09,32.438553378750335,False
-2.4548454000000004,-1.5854859499999998,2.0759742018268505e-08,27.44903919082556,False
-2.4548454000000004,-1.5084200499999998,1.404291695598142e-08,28.424069971072754,False
-2.4548454000000004,-1.4313541499999998,3.422765513993813e-06,14.714969504108328,True
-2.4548454000000004,-1.3542882499999997,2.6299801996357705e-05,9.62873196696482,True
-2.4548454000000004,-1.2772223499999997,2.9675437821314782e-05,9.3275198961124,True
-2.4548454000000004,-1.2001564499999997,0.00013552977842895667,5.5389393324094485,True
-2.4548454000000004,-1.1230905499999997,4.2997224415403966e-05,8.402579487167342,True
-2.4548454000000004,-1.0460246499999997,6.417360695977863e-05,7.403705420864909,True
-2.4548454000000004,-0.9689587499999996,8.377886259041698e-06,12.482170141813402,True
-2.4548454000000004,-0.8918928499999996,2.075278023607423e-08,27.449875807950338,False
-2.4548454000000004,-0.8148269499999996,2.808583391196284e-09,32.438553378750335,False
-2.4548454000000004,-0.7377610499999996,1.1330634089340514e-06,17.47252066635034,False
-2.4548454000000004,-0.6606951499999996,8.372269092259306e-06,12.48384309555034,True
-2.4548454000000004,-0.5836292499999995,1.1330634089340514e-06,17.47252066635034,False
-2.4548454000000004,-0.5065633499999995,2.808583391196284e-09,32.438553378750335,False
-2.4548454000000004,-0.4294974499999995,6.961782194276772e-12,47.404586091150335,False
-2.4548454000000004,-0.3524315499999995,2.808583391196284e-09,32.438553378750335,False
-2.4548454000000004,-0.27536564999999946,2.075278023607423e-08,27.449875807950338,False
-2.4548454000000004,-0.19829974999999966,2.8155451733905604e-09,32.43237818129086,False
-2.4548454000000004,-0.12123384999999987,2.8155451733905604e-09,32.43237818129086,False
-2.4548454000000004,-0.044167949999999845,2.075278023607423e-08,27.449875807950338,False
-2.4548454000000004,0.032897950000000176,5.617166782392568e-09,30.70960948228901,False
-2.4548454000000004,0.1099638500000002,1.1330703707162456e-06,17.472505340650244,False
-2.4548454000000004,0.18702975000000022,8.39302187249538e-06,12.477667898090859,True
-2.4548454000000004,0.26409565000000024,9.505346424757746e-06,12.167237980907158,True
-2.4548454000000004,0.34116155000000026,6.187159174822078e-05,7.494825819466725,True
-2.4548454000000004,0.4182274500000003,8.434527432967527e-06,12.46536317832868,True
-2.4548454000000004,0.4952933500000003,8.398639039277773e-06,12.475999079554608,True
-2.4548454000000004,0.5723592500000003,6.188393270184766e-05,7.494328346412182,True
-2.4548454000000004,0.6494251500000003,1.674457299342958e-05,10.754894013808562,True
-2.4548454000000004,0.7264910500000004,6.190357886202164e-05,7.4935365996665135,True
-2.4548454000000004,0.8035569500000004,1.0750599485045757e-05,11.860167173573812,True
-2.4548454000000004,0.8806228500000004,2.0192573987250998e-05,10.287852256023276,True
-2.4548454000000004,0.9576887500000004,3.089327697056199e-05,9.227200353395911,True
-2.4548454000000004,1.0347546500000004,5.558718232911726e-05,7.761990693998557,True
-2.4548454000000004,1.1118205500000005,0.00023835631495907662,4.1306972827962305,True
-2.4548454000000004,1.1888864500000005,0.0003065871285167163,3.502784139341861,True
-2.4548454000000004,1.2659523500000005,0.00020895076131466415,4.459121990161903,True
-2.4548454000000004,1.3430182500000005,0.0005005422275105301,2.280084255910995,True
-2.4548454000000004,1.4200841500000005,0.0003383603754376202,3.256818532091349,True
-2.4548454000000004,1.4971500500000006,0.00019040856943436602,4.6909121721207345,True
-2.4548454000000004,1.5742159500000006,0.0003068985043305264,3.500252126220998,True
-2.4548454000000004,1.6512818500000006,0.00037754394041995517,2.9835002787265688,True
-2.4548454000000004,1.7283477500000006,0.0005755516658470879,1.9317821864581854,True
-2.4548454000000004,1.8054136500000006,0.0005358452894667663,2.1100863013190785,True
-2.4548454000000004,1.8824795500000007,0.0006006600404119101,1.8252736254286916,True
-2.4548454000000004,1.9595454500000007,0.000402696643052205,2.8226239793001695,True
-2.4548454000000004,2.0366113500000007,0.0004646519090084562,2.4656716005764383,True
-2.4548454000000004,2.1136772500000007,0.00021266180382316043,4.415210413073715,True
-2.4548454000000004,2.1907431500000007,0.0004626947576852167,2.476200145893717,True
-2.4548454000000004,2.2678090500000008,0.000321424005029668,3.384903795396934,True
-2.4548454000000004,2.344874950000001,6.452090597618944e-05,7.390242787689012,True
-2.4548454000000004,2.421940850000001,0.0001546611006035641,5.209574636242019,True
-2.4548454000000004,2.499006750000001,5.711676378569109e-05,7.694281820319533,True
-2.4548454000000004,2.576072650000001,4.991623419410021e-05,8.030397402900917,True
-2.4548454000000004,2.653138550000001,0.0001618295873870966,5.096562191097381,True
-2.4548454000000004,2.730204450000001,9.878624221464301e-05,6.327731661722957,True
-2.4548454000000004,2.807270350000001,7.142125231684186e-05,7.136802548073637,True
-2.4548454000000004,2.884336250000001,8.39865296284216e-06,12.475994944353923,True
-2.4548454000000004,2.961402150000001,1.1566317343435161e-06,17.421169319721937,False
-2.4548454000000004,3.038468050000001,8.395830455886577e-06,12.47683334925893,True
-2.4548454000000004,3.115533950000001,1.156624772561322e-06,17.42118433322631,False
-2.4548454000000004,3.192599850000001,5.6241285645868454e-09,30.70651997257919,False
-2.4548454000000004,3.269665750000001,6.961782194276772e-12,47.404586091150335,False
-2.4548454000000004,3.346731650000001,0.0,,False
-2.4548454000000004,3.423797550000001,0.0,,False
-2.4548454000000004,3.5008634500000007,0.0,,False
-2.4548454000000004,3.5779293500000002,0.0,,False
-2.4548454000000004,3.6549952500000003,0.0,,False
-2.4548454000000004,3.7320611500000003,0.0,,False
-2.4548454000000004,3.80912705,0.0,,False
-2.3720722000000003,-3.82039705,0.0,,False
-2.3720722000000003,-3.74333115,0.0,,False
-2.3720722000000003,-3.66626525,6.961782194276772e-12,47.404586091150335,False
-2.3720722000000003,-3.58919935,2.808583391196284e-09,32.438553378750335,False
-2.3720722000000003,-3.51213345,2.075278023607423e-08,27.449875807950338,False
-2.3720722000000003,-3.43506755,2.8155451733905604e-09,32.43237818129086,False
-2.3720722000000003,-3.35800165,2.8155451733905604e-09,32.43237818129086,False
-2.3720722000000003,-3.28093575,2.075278023607423e-08,27.449875807950338,False
-2.3720722000000003,-3.20386985,2.808583391196284e-09,32.438553378750335,False
-2.3720722000000003,-3.1268039499999998,6.961782194276772e-12,47.404586091150335,False
-2.3720722000000003,-3.0497380499999998,0.0,,False
-2.3720722000000003,-2.9726721499999997,2.808583391196284e-09,32.438553378750335,False
-2.3720722000000003,-2.8956062499999997,1.135878954107442e-06,17.46633018108533,False
-2.3720722000000003,-2.8185403499999997,9.51094966797575e-06,12.165768042995062,True
-2.3720722000000003,-2.7414744499999997,1.066195727375468e-05,11.880819071541506,True
-2.3720722000000003,-2.6644085499999997,1.0667588364101461e-05,11.879502039512706,True
-2.3720722000000003,-2.5873426499999996,1.903985745636077e-05,10.434470411795845,True
-2.3720722000000003,-2.5102767499999996,7.981426722755506e-05,6.859664549419049,True
-2.3720722000000003,-2.4332108499999996,8.20596343034049e-05,6.7904617269947645,True
-2.3720722000000003,-2.3561449499999996,9.540218760129453e-05,6.414676422676424,True
-2.3720722000000003,-2.2790790499999996,7.365819364251811e-05,7.0598773612928545,True
-2.3720722000000003,-2.2020131499999995,1.6773730638492664e-05,10.750554351269797,True
-2.3720722000000003,-2.1249472499999995,2.2953053482777656e-06,15.711664804442979,True
-2.3720722000000003,-2.04788135,1.066195727375468e-05,11.880819071541506,True
-2.3720722000000003,-1.97081545,1.7880410176843857e-05,10.591186806235214,True
-2.3720722000000003,-1.89374955,2.2689423630414932e-06,15.740479606802767,True
-2.3720722000000003,-1.8166836499999999,5.617166782392568e-09,30.70960948228901,False
-2.3720722000000003,-1.7396177499999999,0.0,,False
-2.3720722000000003,-1.6625518499999998,0.0,,False
-2.3720722000000003,-1.5854859499999998,2.8225069555848376e-09,32.42621823392928,False
-2.3720722000000003,-1.5084200499999998,1.1594472795169067e-06,17.415104822832564,False
-2.3720722000000003,-1.4313541499999998,1.679447645694654e-05,10.747471249092461,True
-2.3720722000000003,-1.3542882499999997,6.420559407357949e-05,7.402462436026316,True
-2.3720722000000003,-1.2772223499999997,2.7432886290638337e-05,9.523517981346656,True
-2.3720722000000003,-1.2001564499999997,8.814222913773321e-05,6.612102736538283,True
-2.3720722000000003,-1.1230905499999997,7.365819364251811e-05,7.0598773612928545,True
-2.3720722000000003,-1.0460246499999997,1.6773716714928275e-05,10.750556421775272,True
-2.3720722000000003,-0.9689587499999996,1.15382315095232e-06,17.427233547143064,False
-2.3720722000000003,-0.8918928499999996,2.808583391196284e-09,32.438553378750335,False
-2.3720722000000003,-0.8148269499999996,2.0766703800462783e-08,27.448202854213406,False
-2.3720722000000003,-0.7377610499999996,8.37789322082389e-06,12.482168069090571,True
-2.3720722000000003,-0.6606951499999996,6.190748014191054e-05,7.493379406701344,True
-2.3720722000000003,-0.5836292499999995,8.398639039277773e-06,12.475999079554608,True
-2.3720722000000003,-0.5065633499999995,2.3575287191659068e-08,27.131800755395062,False
-2.3720722000000003,-0.4294974499999995,2.815545173390561e-09,32.43237818129086,False
-2.3720722000000003,-0.3524315499999995,1.1330634089340514e-06,17.47252066635034,False
-2.3720722000000003,-0.27536564999999946,8.372269092259306e-06,12.48384309555034,True
-2.3720722000000003,-0.19829974999999966,1.1358719923252476e-06,17.46634546889086,False
-2.3720722000000003,-0.12123384999999987,1.1358719923252476e-06,17.46634546889086,False
-2.3720722000000003,-0.044167949999999845,8.372269092259306e-06,12.48384309555034,True
-2.3720722000000003,0.032897950000000176,1.1330912560628285e-06,17.47245936411493,False
-2.3720722000000003,0.1099638500000002,1.404291695598142e-08,28.424069971072754,False
-2.3720722000000003,0.18702975000000022,8.58197043354932e-08,23.90899126584201,False
-2.3720722000000003,0.26409565000000024,1.149914909281229e-06,17.43569673859992,False
-2.3720722000000003,0.34116155000000026,1.0638423757256185e-05,11.886330765135934,True
-2.3720722000000003,0.4182274500000003,1.788041713862605e-05,10.59118583505839,True
-2.3720722000000003,0.4952933500000003,3.4048213171489356e-06,14.728080727832339,True
-2.3720722000000003,0.5723592500000003,8.407078713015751e-06,12.473493812285367,True
-2.3720722000000003,0.6494251500000003,2.321682257078427e-06,15.683164116075174,True
-2.3720722000000003,0.7264910500000004,1.0732648326418686e-05,11.864335657037802,True
-2.3720722000000003,0.8035569500000004,3.466929731413678e-05,8.939563418499556,True
-2.3720722000000003,0.8806228500000004,0.00013438163510082652,5.560160189065895,True
-2.3720722000000003,0.9576887500000004,7.996410989196763e-05,6.854986088092012,True
-2.3720722000000003,1.0347546500000004,7.28544641678034e-05,7.087244194195149,True
-2.3720722000000003,1.1118205500000005,0.0004212781248099656,2.710105072956275,True
-2.3720722000000003,1.1888864500000005,0.00015042564774633735,5.278835809895338,True
-2.3720722000000003,1.2659523500000005,0.00034571075974318524,3.203212837092285,True
-2.3720722000000003,1.3430182500000005,0.00020075739511072683,4.558899140537401,True
-2.3720722000000003,1.4200841500000005,0.0005341019949322315,2.1182144980688773,True
-2.3720722000000003,1.4971500500000006,0.0004320288362524092,2.6472500003358235,True
-2.3720722000000003,1.5742159500000006,0.00027450371215707604,3.7785013645387346,True
-2.3720722000000003,1.6512818500000006,0.0003972036424268563,2.856882299083131,True
-2.3720722000000003,1.7283477500000006,0.0003876326147233883,2.917721917436919,True
-2.3720722000000003,1.8054136500000006,0.000572181709844953,1.946429902200117,True
-2.3720722000000003,1.8824795500000007,0.0005525422070019171,2.033549154754545,True
-2.3720722000000003,1.9595454500000007,0.0004523520205557432,2.532589370365137,True
-2.3720722000000003,2.0366113500000007,0.00026223086426913235,3.8925911911236395,True
-2.3720722000000003,2.1136772500000007,0.00028899738314413955,3.6501605276391853,True
-2.3720722000000003,2.1907431500000007,0.0003834677689175841,2.944666885099245,True
-2.3720722000000003,2.2678090500000008,0.00021177507669121063,4.425632698208584,True
-2.3720722000000003,2.344874950000001,3.55809417050178e-05,8.874821215324253,True
-2.3720722000000003,2.421940850000001,5.993592636998069e-05,7.574108474369251,True
-2.3720722000000003,2.499006750000001,0.00019974102447822955,4.571559256070356,True
-2.3720722000000003,2.576072650000001,0.00011445329331478449,5.960543853224034,True
-2.3720722000000003,2.653138550000001,0.0001523601502413752,5.24696264878279,True
-2.3720722000000003,2.730204450000001,3.6938218791831696e-05,8.781441638208202,True
-2.3720722000000003,2.807270350000001,1.0688341144337534e-05,11.874654254177846,True
-2.3720722000000003,2.884336250000001,1.1622489011259086e-06,17.40908491644551,False
-2.3720722000000003,2.961402150000001,9.51094966797575e-06,12.165768042995062,True
-2.3720722000000003,3.038468050000001,7.136849849924056e-05,7.138645620122656,True
-2.3720722000000003,3.115533950000001,1.787760159345266e-05,10.591578637780218,True
-2.3720722000000003,3.192599850000001,1.156624772561322e-06,17.42118433322631,False
-2.3720722000000003,3.269665750000001,2.808583391196284e-09,32.438553378750335,False
-2.3720722000000003,3.346731650000001,0.0,,False
-2.3720722000000003,3.423797550000001,0.0,,False
-2.3720722000000003,3.5008634500000007,0.0,,False
-2.3720722000000003,3.5779293500000002,0.0,,False
-2.3720722000000003,3.6549952500000003,0.0,,False
-2.3720722000000003,3.7320611500000003,0.0,,False
-2.3720722000000003,3.80912705,0.0,,False
-2.2892990000000006,-3.82039705,0.0,,False
-2.2892990000000006,-3.74333115,0.0,,False
-2.2892990000000006,-3.66626525,0.0,,False
-2.2892990000000006,-3.58919935,6.961782194276772e-12,47.404586091150335,False
-2.2892990000000006,-3.51213345,2.808583391196284e-09,32.438553378750335,False
-2.2892990000000006,-3.43506755,2.075278023607423e-08,27.449875807950338,False
-2.2892990000000006,-3.35800165,2.808583391196284e-09,32.438553378750335,False
-2.2892990000000006,-3.28093575,6.961782194276772e-12,47.404586091150335,False
-2.2892990000000006,-3.20386985,0.0,,False
-2.2892990000000006,-3.1268039499999998,0.0,,False
-2.2892990000000006,-3.0497380499999998,6.961782194276772e-12,47.404586091150335,False
-2.2892990000000006,-2.9726721499999997,2.3561363627270515e-08,27.133274347052172,False
-2.2892990000000006,-2.8956062499999997,8.416583236122648e-06,12.470675459988922,True
-2.2892990000000006,-2.8185403499999997,7.13920807482144e-05,7.137821553435514,True
-2.2892990000000006,-2.7414744499999997,8.700915876701697e-05,6.6443753988632155,True
-2.2892990000000006,-2.6644085499999997,7.982941676457313e-05,6.859191144183923,True
-2.2892990000000006,-2.5873426499999996,7.254759890071363e-05,7.097772615289829,True
-2.2892990000000006,-2.5102767499999996,2.7515897411582637e-05,9.515981581005931,True
-2.2892990000000006,-2.4332108499999996,3.807407686059255e-05,8.70589585248235,True
-2.2892990000000006,-2.3561449499999996,0.00014388132954989093,5.389784168023385,True
-2.2892990000000006,-2.2790790499999996,2.741493513201127e-05,9.5251507270654,True
-2.2892990000000006,-2.2020131499999995,1.2301383321809127e-06,17.267481822092623,False
-2.2892990000000006,-2.1249472499999995,1.1914413550999604e-06,17.34720795187131,False
-2.2892990000000006,-2.04788135,1.6815243160747005e-05,10.744388854956748,True
-2.2892990000000006,-1.97081545,6.304897626280037e-05,7.447805815126622,True
-2.2892990000000006,-1.89374955,8.40146850801555e-06,12.475158888066359,True
-2.2892990000000006,-1.8166836499999999,2.358921075604762e-08,27.13032803378429,False
-2.2892990000000006,-1.7396177499999999,5.624128564586845e-09,30.70651997257919,False
-2.2892990000000006,-1.6625518499999998,4.151252225434274e-08,25.72051356785078,False
-2.2892990000000006,-1.5854859499999998,3.479569719205565e-08,26.160767824521166,False
-2.2892990000000006,-1.5084200499999998,1.0661978159101262e-05,11.880814185470621,True
-2.2892990000000006,-1.4313541499999998,7.976713753851832e-05,6.861137871638495,True
-2.2892990000000006,-1.3542882499999997,2.7406516343619877e-05,9.525916825372196,True
-2.2892990000000006,-1.2772223499999997,6.416690405828073e-05,7.4039659669241935,True
-2.2892990000000006,-1.2001564499999997,1.7924738244271592e-05,10.585010640000265,True
-2.2892990000000006,-1.1230905499999997,9.555263811839094e-06,12.154173219834801,True
-2.2892990000000006,-1.0460246499999997,1.159454241299101e-06,17.415089845876285,False
-2.2892990000000006,-0.9689587499999996,8.439673737977405e-09,29.694123640520246,False
-2.2892990000000006,-0.8918928499999996,2.356832540946479e-08,27.13253744240358,False
-2.2892990000000006,-0.8148269499999996,3.198711380085936e-08,26.370692891402012,False
-2.2892990000000006,-0.7377610499999996,3.4048143553667408e-06,14.728085827971077,True
-2.2892990000000006,-0.6606951499999996,2.6249877647494158e-05,9.633471416492036,True
-2.2892990000000006,-0.5836292499999995,1.177145931906146e-05,11.633889786365197,True
-2.2892990000000006,-0.5065633499999995,1.1414891591076403e-06,17.45404074912868,False
-2.2892990000000006,-0.4294974499999995,2.3561363627270515e-08,27.133274347052172,False
-2.2892990000000006,-0.3524315499999995,8.372269092259306e-06,12.48384309555034,True
-2.2892990000000006,-0.27536564999999946,6.186316599804719e-05,7.495165524750339,True
-2.2892990000000006,-0.19829974999999966,8.39302187249538e-06,12.477667898090859,True
-2.2892990000000006,-0.12123384999999987,8.39302187249538e-06,12.477667898090859,True
-2.2892990000000006,-0.044167949999999845,6.186316599804719e-05,7.495165524750339,True
-2.2892990000000006,0.032897950000000176,8.380694842432894e-06,12.48133408552584,True
-2.2892990000000006,0.1099638500000002,3.419943007038228e-06,14.717027253301948,True
-2.2892990000000006,0.18702975000000022,2.511681423856011e-05,9.743531162437064,True
-2.2892990000000006,0.26409565000000024,3.4435043706654982e-06,14.69990167463543,True
-2.2892990000000006,0.34116155000000026,1.677372367671047e-05,10.750555386522318,True
-2.2892990000000006,0.4182274500000003,0.00012373477166983235,5.766051489182404,True
-2.2892990000000006,0.4952933500000003,1.7909609592600103e-05,10.587116774876714,True
-2.2892990000000006,0.5723592500000003,1.0735470833374269e-05,11.863679773906211,True
-2.2892990000000006,0.6494251500000003,2.024360495617663e-05,10.281556478531426,True
-2.2892990000000006,0.7264910500000004,3.696739732224136e-05,8.779472068161697,True
-2.2892990000000006,0.8035569500000004,0.0001366740970568021,5.517967293374569,True
-2.2892990000000006,0.8806228500000004,3.694948097252526e-05,8.780681249282324,True
-2.2892990000000006,0.9576887500000004,3.0951613146034734e-05,9.222494702599048,True
-2.2892990000000006,1.0347546500000004,0.00012584619966839758,5.723846810115164,True
-2.2892990000000006,1.1118205500000005,0.00030138734702503205,3.545451499329536,True
-2.2892990000000006,1.1888864500000005,0.00020188275851261314,4.544955946521045,True
-2.2892990000000006,1.2659523500000005,0.00017780304817179032,4.86176355878254,True
-2.2892990000000006,1.3430182500000005,0.0003196263304485419,3.3988934025683353,True
-2.2892990000000006,1.4200841500000005,0.000294460623775579,3.603447409918149,True
-2.2892990000000006,1.4971500500000006,0.00031616720707855337,3.4260352661165103,True
-2.2892990000000006,1.5742159500000006,0.0003484867641050316,3.1832636669516554,True
-2.2892990000000006,1.6512818500000006,0.0001512648851976609,5.264958358029405,True
-2.2892990000000006,1.7283477500000006,0.0003340790437910451,3.2885812026806303,True
-2.2892990000000006,1.8054136500000006,0.00013686839921723916,5.5144237452752565,True
-2.2892990000000006,1.8824795500000007,0.0001904019083035613,4.69099943398927,True
-2.2892990000000006,1.9595454500000007,0.0003484688199081867,3.183392108152787,True
-2.2892990000000006,2.0366113500000007,0.00019300515214422753,4.657126965087653,True
-2.2892990000000006,2.1136772500000007,0.00034012570149920826,3.2438386601370954,True
-2.2892990000000006,2.1907431500000007,0.00037860795847641417,2.9764804636280924,True
-2.2892990000000006,2.2678090500000008,0.00018346884168434464,4.7835201763600494,True
-2.2892990000000006,2.344874950000001,0.00011522922149959521,5.943690718970682,True
-2.2892990000000006,2.421940850000001,0.00015584409532314392,5.190568165960266,True
-2.2892990000000006,2.499006750000001,6.32313109249093e-05,7.440602715643543,True
-2.2892990000000006,2.576072650000001,8.661831358041712e-05,6.655605211075954,True
-2.2892990000000006,2.653138550000001,4.418585718711273e-05,8.334560864938702,True
-2.2892990000000006,2.730204450000001,6.534147302768694e-05,7.358720194631853,True
-2.2892990000000006,2.807270350000001,8.43064007664302e-06,12.466513049365428,True
-2.2892990000000006,2.884336250000001,7.069801444620008e-08,24.39247181135594,False
-2.2892990000000006,2.961402150000001,9.528907788385017e-06,12.161062792482005,True
-2.2892990000000006,3.038468050000001,7.8607711144348e-05,6.897659502615874,True
-2.2892990000000006,3.115533950000001,7.136849849924054e-05,7.138645620122656,True
-2.2892990000000006,3.192599850000001,8.395830455886575e-06,12.47683334925893,True
-2.2892990000000006,3.269665750000001,2.075278023607423e-08,27.449875807950338,False
-2.2892990000000006,3.346731650000001,0.0,,False
-2.2892990000000006,3.423797550000001,0.0,,False
-2.2892990000000006,3.5008634500000007,0.0,,False
-2.2892990000000006,3.5779293500000002,0.0,,False
-2.2892990000000006,3.6549952500000003,0.0,,False
-2.2892990000000006,3.7320611500000003,0.0,,False
-2.2892990000000006,3.80912705,0.0,,False
-2.2065258000000005,-3.82039705,0.0,,False
-2.2065258000000005,-3.74333115,0.0,,False
-2.2065258000000005,-3.66626525,0.0,,False
-2.2065258000000005,-3.58919935,2.808583391196284e-09,32.438553378750335,False
-2.2065258000000005,-3.51213345,1.1330634089340514e-06,17.47252066635034,False
-2.2065258000000005,-3.43506755,8.372269092259306e-06,12.48384309555034,True
-2.2065258000000005,-3.35800165,1.1330634089340514e-06,17.47252066635034,False
-2.2065258000000005,-3.28093575,2.808583391196284e-09,32.438553378750335,False
-2.2065258000000005,-3.20386985,0.0,,False
-2.2065258000000005,-3.1268039499999998,0.0,,False
-2.2065258000000005,-3.0497380499999998,2.808583391196284e-09,32.438553378750335,False
-2.2065258000000005,-2.9726721499999997,1.1358719923252476e-06,17.46634546889086,False
-2.2065258000000005,-2.8956062499999997,9.528900826602822e-06,12.161064614836684,True
-2.2065258000000005,-2.8185403499999997,1.9024707919342697e-05,10.436455884604335,True
-2.2065258000000005,-2.7414744499999997,7.59271290437774e-05,6.984202454636585,True
-2.2065258000000005,-2.6644085499999997,4.416228886170327e-05,8.33589167700889,True
-2.2065258000000005,-2.5873426499999996,2.3619240781133708e-05,9.896872746094141,True
-2.2065258000000005,-2.5102767499999996,8.935439542594047e-05,6.578033351834176,True
-2.2065258000000005,-2.4332108499999996,9.157060485672722e-05,6.516922354021118,True
-2.2065258000000005,-2.3561449499999996,8.930728662225031e-05,6.579348746579755,True
-2.2065258000000005,-2.2790790499999996,2.021443338754916e-05,10.285153478813543,True
-2.2065258000000005,-2.2020131499999995,1.0699568516120125e-05,11.872035496953567,True
-2.2065258000000005,-2.1249472499999995,2.0172927827077012e-05,10.290280279011867,True
-2.2065258000000005,-2.04788135,8.201813570471495e-05,6.791723464845713,True
-2.2065258000000005,-1.97081545,2.8542374412380727e-05,9.424624229970862,True
-2.2065258000000005,-1.89374955,1.0688327220773145e-05,11.874657503522982,True
-2.2065258000000005,-1.8166836499999999,1.1471202494544214e-06,17.441766155353008,False
-2.2065258000000005,-1.7396177499999999,2.271757908214884e-06,15.737386284624,True
-2.2065258000000005,-1.6625518499999998,1.677090813153708e-05,10.750974107680726,True
-2.2065258000000005,-1.5854859499999998,3.467065734292769e-06,14.682892875082047,True
-2.2065258000000005,-1.5084200499999998,2.626111894284114e-05,9.632403464968311,True
-2.2065258000000005,-1.4313541499999998,0.00013437035899656856,5.56036950043722,True
-2.2065258000000005,-1.3542882499999997,2.7409317965228872e-05,9.525661855488567,True
-2.2065258000000005,-1.2772223499999997,9.581640720639757e-06,12.147297187380024,True
-2.2065258000000005,-1.2001564499999997,2.316065090296034e-06,15.68920632698975,True
-2.2065258000000005,-1.1230905499999997,8.401454584451165e-06,12.47516302188123,True
-2.2065258000000005,-1.0460246499999997,1.1386944992808326e-06,17.460155021426715,False
-2.2065258000000005,-0.9689587499999996,1.1386944992808323e-06,17.460155021426715,False
-2.2065258000000005,-0.8918928499999996,9.508148046366747e-06,12.166502903670036,True
-2.2065258000000005,-0.8148269499999996,9.57040638707497e-06,12.150223478966,True
-2.2065258000000005,-0.7377610499999996,1.79275329040984e-05,10.584621776021006,True
-2.2065258000000005,-0.6606951499999996,0.00013212497799715435,5.602403057324103,True
-2.2065258000000005,-0.5836292499999995,7.861051972773919e-05,6.8975703837083975,True
-2.2065258000000005,-0.5065633499999995,8.413781614513649e-06,12.47150588684751,True
-2.2065258000000005,-0.4294974499999995,2.3561363627270515e-08,27.133274347052172,False
-2.2065258000000005,-0.3524315499999995,1.1330634089340514e-06,17.47252066635034,False
-2.2065258000000005,-0.27536564999999946,8.372269092259306e-06,12.48384309555034,True
-2.2065258000000005,-0.19829974999999966,1.1358719923252476e-06,17.46634546889086,False
-2.2065258000000005,-0.12123384999999987,1.1358719923252476e-06,17.46634546889086,False
-2.2065258000000005,-0.044167949999999845,8.372269092259306e-06,12.48384309555034,True
-2.2065258000000005,0.032897950000000176,1.1953217496422742e-06,17.33909736300034,False
-2.2065258000000005,0.1099638500000002,2.5119615860169107e-05,9.7432529502538,True
-2.2065258000000005,0.18702975000000022,0.00018558949799414153,4.754854283008413,True
-2.2065258000000005,0.26409565000000024,2.5122424443560306e-05,9.742974077881193,True
-2.2065258000000005,0.34116155000000026,2.331193741967522e-06,15.672966165939439,True
-2.2065258000000005,0.4182274500000003,1.7901162957079932e-05,10.588293447116643,True
-2.2065258000000005,0.4952933500000003,2.0190858100357502e-05,10.288064224298935,True
-2.2065258000000005,0.5723592500000003,9.043471197905539e-05,6.548057031805061,True
-2.2065258000000005,0.6494251500000003,0.0001690396284635766,4.9878356507909105,True
-2.2065258000000005,0.7264910500000004,0.00017129061966799101,4.954839368060611,True
-2.2065258000000005,0.8035569500000004,0.00010726508379147386,6.122335725767931,True
-2.2065258000000005,0.8806228500000004,2.984599845705246e-05,9.313224637125135,True
-2.2065258000000005,0.9576887500000004,0.00010231455017275043,6.240196466190642,True
-2.2065258000000005,1.0347546500000004,0.00027628285981653447,3.7623869105097505,True
-2.2065258000000005,1.1118205500000005,0.00035117338414601115,3.1641075851782885,True
-2.2065258000000005,1.1888864500000005,0.0002881171937049178,3.6577690422986118,True
-2.2065258000000005,1.2659523500000005,0.00022369857102946223,4.289005969362131,True
-2.2065258000000005,1.3430182500000005,0.0003310673650108892,3.3111693078801987,True
-2.2065258000000005,1.4200841500000005,0.00041775340733248825,2.731062309709461,True
-2.2065258000000005,1.4971500500000006,0.0002633857592312358,3.88162995510468,True
-2.2065258000000005,1.5742159500000006,0.0004131096359682692,2.7589447862047134,True
-2.2065258000000005,1.6512818500000006,0.00032511154186879457,3.356450399620028,True
-2.2065258000000005,1.7283477500000006,0.00041309836682579346,2.759012829745957,True
-2.2065258000000005,1.8054136500000006,0.0002465498329080747,4.046394969538597,True
-2.2065258000000005,1.8824795500000007,0.0002917429903981164,3.626575028848184,True
-2.2065258000000005,1.9595454500000007,0.00031215484674290033,3.4578925660140274,True
-2.2065258000000005,2.0366113500000007,0.00031727614158392494,3.417301853163863,True
-2.2065258000000005,2.1136772500000007,0.00023487983379069793,4.167345699589446,True
-2.2065258000000005,2.1907431500000007,0.00046666262417578957,2.454900990986706,True
-2.2065258000000005,2.2678090500000008,0.00046873191087027304,2.4438649836407262,True
-2.2065258000000005,2.344874950000001,0.00021786043137645477,4.354968374096333,True
-2.2065258000000005,2.421940850000001,0.00020378240452842197,4.5215948309851415,True
-2.2065258000000005,2.499006750000001,0.00011180968534261915,6.0188331413376135,True
-2.2065258000000005,2.576072650000001,8.935048718426938e-05,6.5781424532604165,True
-2.2065258000000005,2.653138550000001,7.372889861874651e-05,7.0574841778009985,True
-2.2065258000000005,2.730204450000001,2.628467334468622e-05,9.630167218849769,True
-2.2065258000000005,2.807270350000001,1.1792239946426311e-05,11.629490312608997,True
-2.2065258000000005,2.884336250000001,9.516573796540337e-06,12.164293496667744,True
-2.2065258000000005,2.961402150000001,2.2953053482777656e-06,15.711664804442979,True
-2.2065258000000005,3.038468050000001,9.531709409994018e-06,12.160329532544099,True
-2.2065258000000005,3.115533950000001,9.510956629757943e-06,12.165766217200835,True
-2.2065258000000005,3.192599850000001,1.1566317343435161e-06,17.421169319721937,False
-2.2065258000000005,3.269665750000001,5.617166782392568e-09,30.70960948228901,False
-2.2065258000000005,3.346731650000001,6.961782194276772e-12,47.404586091150335,False
-2.2065258000000005,3.423797550000001,0.0,,False
-2.2065258000000005,3.5008634500000007,0.0,,False
-2.2065258000000005,3.5779293500000002,0.0,,False
-2.2065258000000005,3.6549952500000003,0.0,,False
-2.2065258000000005,3.7320611500000003,0.0,,False
-2.2065258000000005,3.80912705,0.0,,False
-2.1237526000000004,-3.82039705,0.0,,False
-2.1237526000000004,-3.74333115,0.0,,False
-2.1237526000000004,-3.66626525,0.0,,False
-2.1237526000000004,-3.58919935,2.075278023607423e-08,27.449875807950338,False
-2.1237526000000004,-3.51213345,8.372269092259306e-06,12.48384309555034,True
-2.1237526000000004,-3.43506755,6.186316599804719e-05,7.495165524750339,True
-2.1237526000000004,-3.35800165,8.372269092259306e-06,12.48384309555034,True
-2.1237526000000004,-3.28093575,2.075278023607423e-08,27.449875807950338,False
-2.1237526000000004,-3.20386985,0.0,,False
-2.1237526000000004,-3.1268039499999998,0.0,,False
-2.1237526000000004,-3.0497380499999998,2.0759742018268505e-08,27.44903919082556,False
-2.1237526000000004,-2.9726721499999997,8.375091599214889e-06,12.483002331591441,True
-2.1237526000000004,-2.8956062499999997,6.189516703541244e-05,7.493875568292529,True
-2.1237526000000004,-2.8185403499999997,1.0750592523263561e-05,11.860168788837129,True
-2.1237526000000004,-2.7414744499999997,4.193485902091612e-05,8.464983170554643,True
-2.1237526000000004,-2.6644085499999997,0.00018907062056895468,4.708501076410882,True
-2.1237526000000004,-2.5873426499999996,5.370914780871536e-05,7.8477193814151,True
-2.1237526000000004,-2.5102767499999996,0.00016069653790172693,5.114087722719011,True
-2.1237526000000004,-2.4332108499999996,9.999950816113015e-05,6.2972834643015805,True
-2.1237526000000004,-2.3561449499999996,2.8639435412063207e-05,9.416156388560548,True
-2.1237526000000004,-2.2790790499999996,7.980196804462136e-05,6.860048950529984,True
-2.1237526000000004,-2.2020131499999995,8.096528875689836e-05,6.823949975192523,True
-2.1237526000000004,-2.1249472499999995,9.656162095724706e-05,6.3845451726441995,True
-2.1237526000000004,-2.04788135,0.00015118278661214215,5.266312520816577,True
-2.1237526000000004,-1.97081545,9.76918897063543e-05,6.355518103989977,True
-2.1237526000000004,-1.89374955,7.984064413635573e-05,6.858840359963216,True
-2.1237526000000004,-1.8166836499999999,9.643906023130172e-06,12.131140424289857,True
-2.1237526000000004,-1.7396177499999999,1.7933170956227374e-05,10.583837451637969,True
-2.1237526000000004,-1.6625518499999998,0.00013325805532965278,5.5811033089877355,True
-2.1237526000000004,-1.5854859499999998,3.464853757211852e-05,8.941057459140733,True
-2.1237526000000004,-1.5084200499999998,6.533866444429574e-05,7.358827411514559,True
-2.1237526000000004,-1.4313541499999998,3.3559781345265617e-05,9.020694594662984,True
-2.1237526000000004,-1.3542882499999997,6.532071328566868e-05,7.359512800841618,True
-2.1237526000000004,-1.2772223499999997,1.7948306569681057e-05,10.581733115221482,True
-2.1237526000000004,-1.2001564499999997,1.7903978502253322e-05,10.587901161357879,True
-2.1237526000000004,-1.1230905499999997,6.299905887571901e-05,7.449781425155531,True
-2.1237526000000004,-1.0460246499999997,8.398639039277773e-06,12.475999079554608,True
-2.1237526000000004,-0.9689587499999996,8.437336016358723e-06,12.464532735553886,True
-2.1237526000000004,-0.8918928499999996,7.137411566602294e-05,7.138449307100668,True
-2.1237526000000004,-0.8148269499999996,7.974639868184664e-05,6.861786465307447,True
-2.1237526000000004,-0.7377610499999996,2.017009835833923e-05,10.290630161224167,True
-2.1237526000000004,-0.6606951499999996,1.9054979146250056e-05,10.432490163398079,True
-2.1237526000000004,-0.5836292499999995,1.0644027000474188e-05,11.88501734617261,True
-2.1237526000000004,-0.5065633499999995,1.144311666063225e-06,17.447880726722495,False
-2.1237526000000004,-0.4294974499999995,4.7129689036735305e-08,25.4039619710535,False
-2.1237526000000004,-0.3524315499999995,2.917853040966308e-08,26.5999224987652,False
-2.1237526000000004,-0.27536564999999946,2.3575287191659068e-08,27.131800755395062,False
-2.1237526000000004,-0.19829974999999966,2.8225069555848376e-09,32.42621823392928,False
-2.1237526000000004,-0.12123384999999987,2.8155451733905604e-09,32.43237818129086,False
-2.1237526000000004,-0.044167949999999845,2.075278023607423e-08,27.449875807950338,False
-2.1237526000000004,0.032897950000000176,1.1234333564785135e-08,28.980665585827683,False
-2.1237526000000004,0.1099638500000002,3.3991971885843485e-06,14.73220431603125,True
-2.1237526000000004,0.18702975000000022,2.5116807276777915e-05,9.743531853808411,True
-2.1237526000000004,0.26409565000000024,3.399204150366542e-06,14.732199207464554,True
-2.1237526000000004,0.34116155000000026,3.48096207564442e-08,26.15976990975913,False
-2.1237526000000004,0.4182274500000003,8.442953183141115e-06,12.462872678984837,True
-2.1237526000000004,0.4952933500000003,7.146555949892302e-05,7.135255629573957,True
-2.1237526000000004,0.5723592500000003,9.88069949948791e-05,6.327207711960615,True
-2.1237526000000004,0.6494251500000003,0.00017743266425963636,4.866964968776084,True
-2.1237526000000004,0.7264910500000004,0.0001735774992660952,4.921758107265134,True
-2.1237526000000004,0.8035569500000004,0.00012401243752116587,5.760460362690082,True
-2.1237526000000004,0.8806228500000004,9.286859084926996e-05,6.481814087125069,True
-2.1237526000000004,0.9576887500000004,0.00012017978296544746,5.838765265329521,True
-2.1237526000000004,1.0347546500000004,0.00033315613025768835,3.2954814998456246,True
-2.1237526000000004,1.1118205500000005,0.0002608463727258186,3.9057953559190537,True
-2.1237526000000004,1.1888864500000005,0.00027602321332750233,3.7647321548852477,True
-2.1237526000000004,1.2659523500000005,0.00030261077549393294,3.535346669063145,True
-2.1237526000000004,1.3430182500000005,0.0004114313323909092,2.769098953550147,True
-2.1237526000000004,1.4200841500000005,0.00041313757564855204,2.7587760932827217,True
-2.1237526000000004,1.4971500500000006,0.0002773801239207997,3.7525002029755883,True
-2.1237526000000004,1.5742159500000006,0.0002533178934022963,3.978845629462233,True
-2.1237526000000004,1.6512818500000006,0.0004248378251074896,2.6891170490243903,True
-2.1237526000000004,1.7283477500000006,0.0002799805243691638,3.7292250514925023,True
-2.1237526000000004,1.8054136500000006,0.00041757224947714587,2.732144208890363,True
-2.1237526000000004,1.8824795500000007,0.00044534607052908496,2.5715235462518775,True
-2.1237526000000004,1.9595454500000007,0.0002928148951246221,3.617427272581335,True
-2.1237526000000004,2.0366113500000007,0.0001968989096881167,4.607306128112399,True
-2.1237526000000004,2.1136772500000007,0.0004699451977021068,2.4374168662632383,True
-2.1237526000000004,2.1907431500000007,0.0005105584884815063,2.2306633324731773,True
-2.1237526000000004,2.2678090500000008,0.00027043756670204065,3.815725678214442,True
-2.1237526000000004,2.344874950000001,0.0001583586955383715,5.150642366784424,True
-2.1237526000000004,2.421940850000001,0.00029625830344448453,3.5882657871271224,True
-2.1237526000000004,2.499006750000001,0.0001774080171612936,4.86731148041729,True
-2.1237526000000004,2.576072650000001,2.9782031191232933e-05,9.318576351554695,True
-2.1237526000000004,2.653138550000001,2.6344116140221044e-05,9.624532639946612,True
-2.1237526000000004,2.730204450000001,7.254869159721134e-05,7.0977350463727245,True
-2.1237526000000004,2.807270350000001,7.861894547791278e-05,6.897303046088866,True
-2.1237526000000004,2.884336250000001,7.138926520304101e-05,7.137919926559568,True
-2.1237526000000004,2.961402150000001,1.6768106509928074e-05,10.751390827941133,True
-2.1237526000000004,3.038468050000001,1.1801861361885924e-06,17.370883288695484,False
-2.1237526000000004,3.115533950000001,1.1594333559525182e-06,17.4151347770149,False
-2.1237526000000004,3.192599850000001,8.375084637432696e-06,12.483004405007637,True
-2.1237526000000004,3.269665750000001,1.1330703707162456e-06,17.472505340650244,False
-2.1237526000000004,3.346731650000001,2.808583391196284e-09,32.438553378750335,False
-2.1237526000000004,3.423797550000001,0.0,,False
-2.1237526000000004,3.5008634500000007,0.0,,False
-2.1237526000000004,3.5779293500000002,0.0,,False
-2.1237526000000004,3.6549952500000003,0.0,,False
-2.1237526000000004,3.7320611500000003,0.0,,False
-2.1237526000000004,3.80912705,0.0,,False
-2.0409794000000003,-3.82039705,0.0,,False
-2.0409794000000003,-3.74333115,0.0,,False
-2.0409794000000003,-3.66626525,0.0,,False
-2.0409794000000003,-3.58919935,2.808583391196284e-09,32.438553378750335,False
-2.0409794000000003,-3.51213345,1.1330634089340514e-06,17.47252066635034,False
-2.0409794000000003,-3.43506755,8.372269092259306e-06,12.48384309555034,True
-2.0409794000000003,-3.35800165,1.1330703707162456e-06,17.472505340650244,False
-2.0409794000000003,-3.28093575,5.6241285645868454e-09,30.70651997257919,False
-2.0409794000000003,-3.20386985,2.3561363627270515e-08,27.133274347052172,False
-2.0409794000000003,-3.1268039499999998,2.3561363627270515e-08,27.133274347052172,False
-2.0409794000000003,-3.0497380499999998,8.439673737977405e-09,29.694123640520246,False
-2.0409794000000003,-2.9726721499999997,2.2717509464326896e-06,15.737393928515054,True
-2.0409794000000003,-2.8956062499999997,1.7921922699098198e-05,10.585402471393072,True
-2.0409794000000003,-2.8185403499999997,2.0157771328276746e-05,10.2921550515985,True
-2.0409794000000003,-2.7414744499999997,7.481763396025282e-05,7.020920235571987,True
-2.0409794000000003,-2.6644085499999997,4.418303468015715e-05,8.334720203557191,True
-2.0409794000000003,-2.5873426499999996,9.273003821267974e-05,6.485538223248404,True
-2.0409794000000003,-2.5102767499999996,0.00016407216676490183,5.062233802611186,True
-2.0409794000000003,-2.4332108499999996,0.00012283786158997752,5.784197926902084,True
-2.0409794000000003,-2.3561449499999996,2.3669192977126026e-05,9.891603053853544,True
-2.0409794000000003,-2.2790790499999996,7.373623167242239e-05,7.057236103965805,True
-2.0409794000000003,-2.2020131499999995,4.536044008008332e-05,8.269120398843006,True
-2.0409794000000003,-2.1249472499999995,8.551719551459075e-05,6.687517266602396,True
-2.0409794000000003,-2.04788135,4.650192227740877e-05,8.207127874340463,True
-2.0409794000000003,-1.97081545,9.38451643865511e-05,6.455721446434819,True
-2.0409794000000003,-1.89374955,0.00010105800012285788,6.271019715490505,True
-2.0409794000000003,-1.8166836499999999,3.8121206549629285e-05,8.702810164732695,True
-2.0409794000000003,-1.7396177499999999,2.2491794538982047e-05,10.018873628949844,True
-2.0409794000000003,-1.6625518499999998,8.928652688023204e-05,6.579928630383217,True
-2.0409794000000003,-1.5854859499999998,8.205965518875147e-05,6.790461092150071,True
-2.0409794000000003,-1.5084200499999998,2.0186970744032992e-05,10.288544506867877,True
-2.0409794000000003,-1.4313541499999998,2.0238001712958627e-05,10.282246984078114,True
-2.0409794000000003,-1.3542882499999997,2.859231964659086e-05,9.42026329416394,True
-2.0409794000000003,-1.2772223499999997,8.093781915160001e-05,6.824796388871147,True
-2.0409794000000003,-1.2001564499999997,7.257506850601201e-05,7.096828331340834,True
-2.0409794000000003,-1.1230905499999997,1.677935476705725e-05,10.749718155016932,True
-2.0409794000000003,-1.0460246499999997,2.2925246120153465e-06,15.714688499401477,True
-2.0409794000000003,-0.9689587499999996,9.555270773621289e-06,12.154171402507998,True
-2.0409794000000003,-0.8918928499999996,1.9057787729641252e-05,10.432122540731365,True
-2.0409794000000003,-0.8148269499999996,7.97699670072561e-05,6.861049394996831,True
-2.0409794000000003,-0.7377610499999996,7.251282408886815e-05,7.098968532988332,True
-2.0409794000000003,-0.6606951499999996,1.6818044782356006e-05,10.743973302753268,True
-2.0409794000000003,-0.5836292499999995,1.2301174468343296e-06,17.26752417145359,False
-2.0409794000000003,-0.5065633499999995,2.3009364386245467e-06,15.705552917934448,True
-2.0409794000000003,-0.4294974499999995,1.788043106219044e-05,10.59118389270588,True
-2.0409794000000003,-0.3524315499999995,1.0638402871909602e-05,11.886335662025019,True
-2.0409794000000003,-0.27536564999999946,1.138680575716444e-06,17.460185521529283,False
-2.0409794000000003,-0.19829974999999966,2.808583391196284e-09,32.438553378750335,False
-2.0409794000000003,-0.12123384999999987,0.0,,False
-2.0409794000000003,-0.044167949999999845,6.961782194276772e-12,47.404586091150335,False
-2.0409794000000003,0.032897950000000176,2.8294687377791143e-09,32.42007346152868,False
-2.0409794000000003,0.1099638500000002,2.917853040966308e-08,26.5999224987652,False
-2.0409794000000003,0.18702975000000022,6.506692409941897e-08,24.599504790420667,False
-2.0409794000000003,0.26409565000000024,8.432711955783128e-09,29.696182038738886,False
-2.0409794000000003,0.34116155000000026,8.44663552017168e-09,29.692066939548933,False
-2.0409794000000003,0.4182274500000003,3.402012733757739e-06,14.730139117629964,True
-2.0409794000000003,0.4952933500000003,2.628468030646841e-05,9.630166558197045,True
-2.0409794000000003,0.5723592500000003,2.3595679417506434e-05,9.899362214582643,True
-2.0409794000000003,0.6494251500000003,9.051102716028398e-05,6.545953020639664,True
-2.0409794000000003,0.7264910500000004,5.600724781681992e-05,7.743212147688326,True
-2.0409794000000003,0.8035569500000004,0.0002175978732914461,4.3579762804203135,True
-2.0409794000000003,0.8806228500000004,0.00012627188928466485,5.715423653063313,True
-2.0409794000000003,0.9576887500000004,6.904474082353424e-05,7.221212879131428,True
-2.0409794000000003,1.0347546500000004,0.0002679397831782492,3.838870645307463,True
-2.0409794000000003,1.1118205500000005,0.00031988706267228954,3.3968594982237894,True
-2.0409794000000003,1.1888864500000005,0.00018720788789951422,4.733197274546184,True
-2.0409794000000003,1.2659523500000005,0.00024250109891885979,4.087695964148814,True
-2.0409794000000003,1.3430182500000005,0.00013727267109218136,5.507067009216998,True
-2.0409794000000003,1.4200841500000005,0.0005033994853357342,2.2658862438852596,True
-2.0409794000000003,1.4971500500000006,0.0006248490724090093,1.726794589721482,True
-2.0409794000000003,1.5742159500000006,0.00023216446295471748,4.196349933902548,True
-2.0409794000000003,1.6512818500000006,0.00042869860726781316,2.666551721998145,True
-2.0409794000000003,1.7283477500000006,0.00023652064317086953,4.149981478699286,True
-2.0409794000000003,1.8054136500000006,0.00025721454307096295,3.940768702501874,True
-2.0409794000000003,1.8824795500000007,0.00037970796992217845,2.96924389365683,True
-2.0409794000000003,1.9595454500000007,0.00023197886412667983,4.198344776240948,True
-2.0409794000000003,2.0366113500000007,0.00020689232807680926,4.483816265141099,True
-2.0409794000000003,2.1136772500000007,0.0002452697702270302,4.059379068514858,True
-2.0409794000000003,2.1907431500000007,0.0002380389554849676,4.134020582633131,True
-2.0409794000000003,2.2678090500000008,0.0002580850762420172,3.93234095818818,True
-2.0409794000000003,2.344874950000001,0.0001999760990343754,4.568625403022969,True
-2.0409794000000003,2.421940850000001,7.508021989239022e-05,7.012181231934891,True
-2.0409794000000003,2.499006750000001,8.441052989980394e-05,6.720006820449763,True
-2.0409794000000003,2.576072650000001,2.0213347652833653e-05,10.28528745550692,True
-2.0409794000000003,2.653138550000001,7.144481368046914e-05,7.135979819131602,True
-2.0409794000000003,2.730204450000001,1.901910467612469e-05,10.437190636777174,True
-2.0409794000000003,2.807270350000001,1.0682723977555142e-05,11.875965477293036,True
-2.0409794000000003,2.884336250000001,1.7880410176843857e-05,10.591186806235214,True
-2.0409794000000003,2.961402150000001,6.299903799037244e-05,7.449782252074845,True
-2.0409794000000003,3.038468050000001,8.395830455886575e-06,12.47683334925893,True
-2.0409794000000003,3.115533950000001,8.393028834277574e-06,12.477665829105886,True
-2.0409794000000003,3.192599850000001,6.186597458143838e-05,7.495052284515208,True
-2.0409794000000003,3.269665750000001,8.39302187249538e-06,12.477667898090859,True
-2.0409794000000003,3.346731650000001,2.3561363627270515e-08,27.133274347052172,False
-2.0409794000000003,3.423797550000001,6.961782194276772e-12,47.404586091150335,False
-2.0409794000000003,3.5008634500000007,0.0,,False
-2.0409794000000003,3.5779293500000002,0.0,,False
-2.0409794000000003,3.6549952500000003,0.0,,False
-2.0409794000000003,3.7320611500000003,0.0,,False
-2.0409794000000003,3.80912705,0.0,,False
-1.9582062000000002,-3.82039705,0.0,,False
-1.9582062000000002,-3.74333115,0.0,,False
-1.9582062000000002,-3.66626525,0.0,,False
-1.9582062000000002,-3.58919935,6.961782194276772e-12,47.404586091150335,False
-1.9582062000000002,-3.51213345,2.808583391196284e-09,32.438553378750335,False
-1.9582062000000002,-3.43506755,2.075278023607423e-08,27.449875807950338,False
-1.9582062000000002,-3.35800165,5.617166782392568e-09,30.70960948228901,False
-1.9582062000000002,-3.28093575,1.135878954107442e-06,17.46633018108533,False
-1.9582062000000002,-3.20386985,9.505332501193357e-06,12.167241634652175,True
-1.9582062000000002,-3.1268039499999998,9.505332501193357e-06,12.167241634652175,True
-1.9582062000000002,-3.0497380499999998,1.1594472795169067e-06,17.415104822832564,False
-1.9582062000000002,-2.9726721499999997,9.534524955167408e-06,12.159592845535581,True
-1.9582062000000002,-2.8956062499999997,7.8678402197012e-05,6.895417379105193,True
-1.9582062000000002,-2.8185403499999997,8.092659177981741e-05,6.8251424176093884,True
-1.9582062000000002,-2.7414744499999997,7.871320485598626e-05,6.8943142755133975,True
-1.9582062000000002,-2.6644085499999997,2.0243632803305408e-05,10.281553047318173,True
-1.9582062000000002,-2.5873426499999996,8.215953869538952e-05,6.787426814250399,True
-1.9582062000000002,-2.5102767499999996,7.16130984638399e-05,7.130111434091162,True
-1.9582062000000002,-2.4332108499999996,0.00026998878659859857,3.8198683698822626,True
-1.9582062000000002,-2.3561449499999996,5.484955123310749e-05,7.795311658029679,True
-1.9582062000000002,-2.2790790499999996,4.049674228258893e-05,8.552025380278605,True
-1.9582062000000002,-2.2020131499999995,0.000171364112342264,4.953769395207077,True
-1.9582062000000002,-2.1249472499999995,0.00011898556087408508,5.863675389765853,True
-1.9582062000000002,-2.04788135,0.00010119655972123033,6.2676020952930145,True
-1.9582062000000002,-1.97081545,0.00010844807851105367,6.094976994727792,True
-1.9582062000000002,-1.89374955,0.0001785741464569618,4.850969470998068,True
-1.9582062000000002,-1.8166836499999999,0.00023088768669529884,4.210105277085515,True
-1.9582062000000002,-1.7396177499999999,9.998998275267668e-05,6.29752107274452,True
-1.9582062000000002,-1.6625518499999998,3.815429332171005e-05,8.700646176972526,True
-1.9582062000000002,-1.5854859499999998,8.932804636426858e-05,6.578768997556329,True
-1.9582062000000002,-1.5084200499999998,2.8618710478955903e-05,9.417962070736507,True
-1.9582062000000002,-1.4313541499999998,0.00013450221569344308,5.557923023329064,True
-1.9582062000000002,-1.3542882499999997,0.00010721408066967703,6.123522032769751,True
-1.9582062000000002,-1.2772223499999997,0.00010226847140951822,6.241320078965229,True
-1.9582062000000002,-1.2001564499999997,4.534529054306525e-05,8.269953600402747,True
-1.9582062000000002,-1.1230905499999997,4.655698506001534e-06,13.947603386883154,True
-1.9582062000000002,-1.0460246499999997,9.548574833905584e-06,12.155919944991503,True
-1.9582062000000002,-0.9689587499999996,7.13797676417163e-05,7.138251793143544,True
-1.9582062000000002,-0.8918928499999996,2.017291390351262e-05,10.29028200063101,True
-1.9582062000000002,-0.8148269499999996,1.9099293290113402e-05,10.426696078991586,True
-1.9582062000000002,-0.7377610499999996,1.902471488112489e-05,10.436454971841824,True
-1.9582062000000002,-0.6606951499999996,6.527079589858731e-05,7.361419676434138,True
-1.9582062000000002,-0.5836292499999995,2.629418482957531e-05,9.629264769966388,True
-1.9582062000000002,-0.5065633499999995,2.742443965511817e-05,9.52428611104993,True
-1.9582062000000002,-0.4294974499999995,0.00013323728166407013,5.581492183033092,True
-1.9582062000000002,-0.3524315499999995,7.8610512765957e-05,6.8975706046081475,True
-1.9582062000000002,-0.27536564999999946,8.413774652731454e-06,12.471507950729283,True
-1.9582062000000002,-0.19829974999999966,2.075278023607423e-08,27.449875807950338,False
-1.9582062000000002,-0.12123384999999987,0.0,,False
-1.9582062000000002,-0.044167949999999845,2.808583391196284e-09,32.438553378750335,False
-1.9582062000000002,0.032897950000000176,1.1330703707162456e-06,17.472505340650244,False
-1.9582062000000002,0.1099638500000002,8.375077675650502e-06,12.483006478425555,True
-1.9582062000000002,0.18702975000000022,1.15382315095232e-06,17.427233547143064,False
-1.9582062000000002,0.26409565000000024,8.425750173588853e-09,29.698242137008414,False
-1.9582062000000002,0.34116155000000026,6.227226427261124e-08,24.709006790281197,False
-1.9582062000000002,0.4182274500000003,1.675297089647439e-05,10.753643342070454,True
-1.9582062000000002,0.4952933500000003,0.00012490655990297613,5.742540848703661,True
-1.9582062000000002,0.5723592500000003,3.466257352729231e-05,8.940047219157462,True
-1.9582062000000002,0.6494251500000003,7.269008066432155e-05,7.092878597370284,True
-1.9582062000000002,0.7264910500000004,3.094038577425214e-05,9.223399661872982,True
-1.9582062000000002,0.8035569500000004,0.00012515677703435788,5.737549101320623,True
-1.9582062000000002,0.8806228500000004,0.00024278257696106124,4.084802391949563,True
-1.9582062000000002,0.9576887500000004,0.00018320519090283838,4.787107201483188,True
-1.9582062000000002,1.0347546500000004,0.00013819143361055224,5.490428082815897,True
-1.9582062000000002,1.1118205500000005,0.00016207705859112688,5.092750740173148,True
-1.9582062000000002,1.1888864500000005,0.0002924531463411932,3.6205107286119254,True
-1.9582062000000002,1.2659523500000005,0.00014206520080024503,5.42146912176399,True
-1.9582062000000002,1.3430182500000005,0.00011774608364362532,5.8897952977109,True
-1.9582062000000002,1.4200841500000005,0.00025492598239487625,3.9630613482511325,True
-1.9582062000000002,1.4971500500000006,0.00044658857070023933,2.5645741169344003,True
-1.9582062000000002,1.5742159500000006,0.0003033238499947684,3.5294759030412717,True
-1.9582062000000002,1.6512818500000006,0.0003991881268390181,2.844451264824311,True
-1.9582062000000002,1.7283477500000006,0.00023210057918648724,4.19703638559456,True
-1.9582062000000002,1.8054136500000006,0.0003335298061828998,3.292685357314083,True
-1.9582062000000002,1.8824795500000007,0.0004427400668375029,2.586162384685934,True
-1.9582062000000002,1.9595454500000007,0.0002476121983025625,4.035670133866086,True
-1.9582062000000002,2.0366113500000007,0.00027248336165071877,3.7969276191496335,True
-1.9582062000000002,2.1136772500000007,0.000268007700456433,3.8382384613444733,True
-1.9582062000000002,2.1907431500000007,0.00012497226948867036,5.74122899709665,True
-1.9582062000000002,2.2678090500000008,0.00016101466534951026,5.1091546157439796,True
-1.9582062000000002,2.344874950000001,0.00030683169508655226,3.5007951820761094,True
-1.9582062000000002,2.421940850000001,0.00011902706643455723,5.862805444910275,True
-1.9582062000000002,2.499006750000001,2.869497692770914e-05,9.41132370974311,True
-1.9582062000000002,2.576072650000001,2.1350319303438796e-05,10.148788421819692,True
-1.9582062000000002,2.653138550000001,7.975483139380242e-05,6.861522717617139,True
-1.9582062000000002,2.730204450000001,1.0664786742492458e-05,11.880157212079906,True
-1.9582062000000002,2.807270350000001,5.554847742812987e-08,24.99400999907274,False
-1.9582062000000002,2.884336250000001,1.1566317343435161e-06,17.421169319721937,False
-1.9582062000000002,2.961402150000001,8.375084637432696e-06,12.483004405007637,True
-1.9582062000000002,3.038468050000001,1.135878954107442e-06,17.46633018108533,False
-1.9582062000000002,3.115533950000001,1.138680575716444e-06,17.460185521529283,False
-1.9582062000000002,3.192599850000001,9.505332501193357e-06,12.167241634652175,True
-1.9582062000000002,3.269665750000001,9.505332501193357e-06,12.167241634652175,True
-1.9582062000000002,3.346731650000001,1.1358719923252476e-06,17.46634546889086,False
-1.9582062000000002,3.423797550000001,2.808583391196284e-09,32.438553378750335,False
-1.9582062000000002,3.5008634500000007,0.0,,False
-1.9582062000000002,3.5779293500000002,0.0,,False
-1.9582062000000002,3.6549952500000003,0.0,,False
-1.9582062000000002,3.7320611500000003,0.0,,False
-1.9582062000000002,3.80912705,0.0,,False
-1.8754330000000006,-3.82039705,0.0,,False
-1.8754330000000006,-3.74333115,0.0,,False
-1.8754330000000006,-3.66626525,0.0,,False
-1.8754330000000006,-3.58919935,0.0,,False
-1.8754330000000006,-3.51213345,0.0,,False
-1.8754330000000006,-3.43506755,0.0,,False
-1.8754330000000006,-3.35800165,2.075278023607423e-08,27.449875807950338,False
-1.8754330000000006,-3.28093575,8.39302187249538e-06,12.477667898090859,True
-1.8754330000000006,-3.20386985,7.02354350903065e-05,7.178564063852173,True
-1.8754330000000006,-3.1268039499999998,7.02354350903065e-05,7.178564063852173,True
-1.8754330000000006,-3.0497380499999998,8.41939878129604e-06,12.469841184496557,True
-1.8754330000000006,-2.9726721499999997,1.0670396947492657e-05,11.878845411586232,True
-1.8754330000000006,-2.8956062499999997,8.204169706834221e-05,6.791007018625537,True
-1.8754330000000006,-2.8185403499999997,3.920152310274422e-05,8.633106188984906,True
-1.8754330000000006,-2.7414744499999997,2.8597936813373255e-05,9.419773311503196,True
-1.8754330000000006,-2.6644085499999997,1.4101623020571029e-05,11.183382272927242,True
-1.8754330000000006,-2.5873426499999996,8.935893381978954e-05,6.577906665236692,True
-1.8754330000000006,-2.5102767499999996,0.00010574783632674472,6.15786965676027,True
-1.8754330000000006,-2.4332108499999996,0.000147971534290667,5.319865208067378,True
-1.8754330000000006,-2.3561449499999996,0.00015195416944132167,5.253617966597112,True
-1.8754330000000006,-2.2790790499999996,0.00014188332925133844,5.424664414378133,True
-1.8754330000000006,-2.2020131499999995,0.00031186245908995755,3.460230045791151,True
-1.8754330000000006,-2.1249472499999995,0.00019760166992147788,4.5984193276779655,True
-1.8754330000000006,-2.04788135,0.000172600960537725,4.935830761514457,True
-1.8754330000000006,-1.97081545,0.00012518309128711877,5.737024720909687,True
-1.8754330000000006,-1.89374955,0.00011182091967618395,6.0185825295400015,True
-1.8754330000000006,-1.8166836499999999,0.0001701895572964222,4.970924823567133,True
-1.8754330000000006,-1.7396177499999999,0.00010835386786545556,6.097144809971445,True
-1.8754330000000006,-1.6625518499999998,9.885974185069822e-05,6.325876496263932,True
-1.8754330000000006,-1.5854859499999998,0.000143986781490836,5.387956713936098,True
-1.8754330000000006,-1.5084200499999998,4.043165447314293e-05,8.556037595744902,True
-1.8754330000000006,-1.4313541499999998,6.437953083264362e-05,7.39571426092784,True
-1.8754330000000006,-1.3542882499999997,0.000175887954151391,4.888775498271909,True
-1.8754330000000006,-1.2772223499999997,0.00020483242200750076,4.508775398510846,True
-1.8754330000000006,-1.2001564499999997,0.0002259824485284213,4.263668839429888,True
-1.8754330000000006,-1.1230905499999997,4.536603636151913e-05,8.268812682233598,True
-1.8754330000000006,-1.0460246499999997,2.025593198623911e-05,10.280038051780675,True
-1.8754330000000006,-0.9689587499999996,7.97727755906473e-05,6.860961574537293,True
-1.8754330000000006,-0.8918928499999996,8.088227067417188e-05,6.826508867554238,True
-1.8754330000000006,-0.8148269499999996,7.8678402197012e-05,6.895417379105193,True
-1.8754330000000006,-0.7377610499999996,1.073264136463649e-05,11.864337275002768,True
-1.8754330000000006,-0.6606951499999996,2.5205449488068995e-05,9.73474433319444,True
-1.8754330000000006,-0.5836292499999995,0.0001332429057926347,5.581386895790925,True
-1.8754330000000006,-0.5065633499999995,8.087946905256289e-05,6.826595268621064,True
-1.8754330000000006,-0.4294974499999995,2.6294191791357504e-05,9.629264109552645,True
-1.8754330000000006,-0.3524315499999995,1.0682710053990753e-05,11.875968728346736,True
-1.8754330000000006,-0.27536564999999946,1.1622419393437146e-06,17.409099857389172,False
-1.8754330000000006,-0.19829974999999966,5.6241285645868454e-09,30.70651997257919,False
-1.8754330000000006,-0.12123384999999987,1.3923564388553544e-11,45.67564219468901,False
-1.8754330000000006,-0.044167949999999845,2.3561363627270515e-08,27.133274347052172,False
-1.8754330000000006,0.032897950000000176,8.39583741766877e-06,12.476831280966076,True
-1.8754330000000006,0.1099638500000002,6.300185353554583e-05,7.449670777886938,True
-1.8754330000000006,0.18702975000000022,1.6770915093319273e-05,10.750973072254402,True
-1.8754330000000006,0.26409565000000024,2.3104409617314474e-06,15.695270725810467,True
-1.8754330000000006,0.34116155000000026,8.383510387606286e-06,12.480496238040951,True
-1.8754330000000006,0.4182274500000003,3.419970854167005e-06,14.71700694305396,True
-1.8754330000000006,0.4952933500000003,2.513928290568968e-05,9.7413008073241,True
-1.8754330000000006,0.5723592500000003,6.875018170116039e-05,7.231877007376702,True
-1.8754330000000006,0.6494251500000003,5.143350254417596e-05,7.955708228837992,True
-1.8754330000000006,0.7264910500000004,8.666151414243616e-05,6.654361479003457,True
-1.8754330000000006,0.8035569500000004,0.00012136102002744057,5.81436831979236,True
-1.8754330000000006,0.8806228500000004,0.00021664262007433632,4.368950517181962,True
-1.8754330000000006,0.9576887500000004,0.00020937599351818806,4.454050961206075,True
-1.8754330000000006,1.0347546500000004,0.000183264626736591,4.786298113806464,True
-1.8754330000000006,1.1118205500000005,0.000182157954160022,4.801406237463957,True
-1.8754330000000006,1.1888864500000005,0.00014037347053454273,5.451350291088541,True
-1.8754330000000006,1.2659523500000005,0.0001549584822328936,5.204783138537618,True
-1.8754330000000006,1.3430182500000005,0.0001934780258386689,4.65102316625542,True
-1.8754330000000006,1.4200841500000005,0.00025709284889650214,3.9419491113768803,True
-1.8754330000000006,1.4971500500000006,0.0002594279439183586,3.919396068625558,True
-1.8754330000000006,1.5742159500000006,0.000153994436881121,5.220349675492158,True
-1.8754330000000006,1.6512818500000006,0.0001250868191464572,5.738943731835405,True
-1.8754330000000006,1.7283477500000006,0.0002070314343297703,4.482139733534903,True
-1.8754330000000006,1.8054136500000006,0.0005530302441569409,2.031346983232837,True
-1.8754330000000006,1.8824795500000007,0.000481199413488606,2.3783866478042515,True
-1.8754330000000006,1.9595454500000007,0.0003000114816656309,3.5568644923488715,True
-1.8754330000000006,2.0366113500000007,0.00020949661588149783,4.4526143762360615,True
-1.8754330000000006,2.1136772500000007,0.00024509864901313947,4.061119940403793,True
-1.8754330000000006,2.1907431500000007,0.00010247996371669025,6.236167085713909,True
-1.8754330000000006,2.2678090500000008,0.00025464933266043633,3.965769714257072,True
-1.8754330000000006,2.344874950000001,0.0002059683218469548,4.4949812353346195,True
-1.8754330000000006,2.421940850000001,0.00016186162323337277,5.096068459716801,True
-1.8754330000000006,2.499006750000001,9.050260837189259e-05,6.546185039739928,True
-1.8754330000000006,2.576072650000001,9.657955123052756e-05,6.384082048436157,True
-1.8754330000000006,2.653138550000001,8.092097461303503e-05,6.825315557277624,True
-1.8754330000000006,2.730204450000001,9.537333538558604e-06,12.158858196782013,True
-1.8754330000000006,2.807270350000001,4.432806742773329e-08,25.556827748632717,False
-1.8754330000000006,2.884336250000001,5.617166782392568e-09,30.70960948228901,False
-1.8754330000000006,2.961402150000001,2.0759742018268505e-08,27.44903919082556,False
-1.8754330000000006,3.038468050000001,2.8155451733905604e-09,32.43237818129086,False
-1.8754330000000006,3.115533950000001,2.356832540946479e-08,27.13253744240358,False
-1.8754330000000006,3.192599850000001,8.39302187249538e-06,12.477667898090859,True
-1.8754330000000006,3.269665750000001,6.186597458143838e-05,7.495052284515208,True
-1.8754330000000006,3.346731650000001,8.372276054041499e-06,12.483841021436866,True
-1.8754330000000006,3.423797550000001,2.075278023607423e-08,27.449875807950338,False
-1.8754330000000006,3.5008634500000007,0.0,,False
-1.8754330000000006,3.5779293500000002,0.0,,False
-1.8754330000000006,3.6549952500000003,0.0,,False
-1.8754330000000006,3.7320611500000003,0.0,,False
-1.8754330000000006,3.80912705,0.0,,False
-1.7926598000000005,-3.82039705,0.0,,False
-1.7926598000000005,-3.74333115,0.0,,False
-1.7926598000000005,-3.66626525,0.0,,False
-1.7926598000000005,-3.58919935,0.0,,False
-1.7926598000000005,-3.51213345,0.0,,False
-1.7926598000000005,-3.43506755,6.961782194276772e-12,47.404586091150335,False
-1.7926598000000005,-3.35800165,5.617166782392568e-09,30.70960948228901,False
-1.7926598000000005,-3.28093575,1.156624772561322e-06,17.42118433322631,False
-1.7926598000000005,-3.20386985,9.508155008148942e-06,12.166501077337832,True
-1.7926598000000005,-3.1268039499999998,9.51096359154014e-06,12.165764391407945,True
-1.7926598000000005,-3.0497380499999998,1.2065700067714478e-06,17.315734803833024,False
-1.7926598000000005,-2.9726721499999997,1.0720321296356198e-05,11.867202187230903,True
-1.7926598000000005,-2.8956062499999997,9.77070183580258e-05,6.355131858405658,True
-1.7926598000000005,-2.8185403499999997,0.00016788579835084206,5.004919873138125,True
-1.7926598000000005,-2.7414744499999997,0.00014394639647399032,5.388656417355063,True
-1.7926598000000005,-2.6644085499999997,3.587193819389056e-05,8.854504389954196,True
-1.7926598000000005,-2.5873426499999996,0.00010346097761398712,6.212402995814009,True
-1.7926598000000005,-2.5102767499999996,0.00021205367653219894,4.422353437498735,True
-1.7926598000000005,-2.4332108499999996,0.00022945903967116758,4.225587264549482,True
-1.7926598000000005,-2.3561449499999996,8.001068657731312e-05,6.8535336338479755,True
-1.7926598000000005,-2.2790790499999996,0.00022939009235252585,4.22633687029276,True
-1.7926598000000005,-2.2020131499999995,0.00021217820713717976,4.420889042488119,True
-1.7926598000000005,-2.1249472499999995,0.00011752663566126425,5.894448431947101,True
-1.7926598000000005,-2.04788135,0.00015137639041672688,5.263120328469746,True
-1.7926598000000005,-1.97081545,0.00023052035413985092,4.214076824837944,True
-1.7926598000000005,-1.89374955,6.444068951507195e-05,7.3933458363948805,True
-1.7926598000000005,-1.8166836499999999,3.2135693600330026e-05,9.128851627957573,True
-1.7926598000000005,-1.7396177499999999,9.161384718943946e-05,6.515744731919963,True
-1.7926598000000005,-1.6625518499999998,9.386873967374276e-05,6.455094910496284,True
-1.7926598000000005,-1.5854859499999998,6.44069865143776e-05,7.3946507369770895,True
-1.7926598000000005,-1.5084200499999998,0.00017860050944219807,4.85060125776901,True
-1.7926598000000005,-1.4313541499999998,0.00022601165490595981,4.263346487435368,True
-1.7926598000000005,-1.3542882499999997,0.00020377004268944853,4.521746147040929,True
-1.7926598000000005,-1.2772223499999997,0.0002606943162523992,3.9072498172026435,True
-1.7926598000000005,-1.2001564499999997,0.00020482962038589176,4.508809515381428,True
-1.7926598000000005,-1.1230905499999997,0.00016297782818017748,5.07892642701627,True
-1.7926598000000005,-1.0460246499999997,8.931288986546831e-05,6.579192253767331,True
-1.7926598000000005,-0.9689587499999996,1.9146436902714527e-05,10.420546780737398,True
-1.7926598000000005,-0.8918928499999996,2.020208547214009e-05,10.286677602421955,True
-1.7926598000000005,-0.8148269499999996,7.979354229444776e-05,6.860312324799461,True
-1.7926598000000005,-0.7377610499999996,1.292418977351608e-05,11.400861593693962,True
-1.7926598000000005,-0.6606951499999996,1.9081363016832915e-05,10.42903884539165,True
-1.7926598000000005,-0.5836292499999995,2.0149366463449738e-05,10.293195293192248,True
-1.7926598000000005,-0.5065633499999995,1.0655282219385559e-05,11.88238117319703,True
-1.7926598000000005,-0.4294974499999995,2.3452436207056973e-06,15.657978148269814,True
-1.7926598000000005,-0.3524315499999995,9.581647682421948e-06,12.147295375056066,True
-1.7926598000000005,-0.27536564999999946,9.54015604551419e-06,12.158120123924814,True
-1.7926598000000005,-0.19829974999999966,1.1830156049263716e-06,17.36491032679012,False
-1.7926598000000005,-0.12123384999999987,3.199407558305364e-08,26.37015007425283,False
-1.7926598000000005,-0.044167949999999845,1.1386944992808326e-06,17.460155021426715,False
-1.7926598000000005,0.032897950000000176,9.528900826602822e-06,12.161064614836684,True
-1.7926598000000005,0.1099638500000002,1.901347358577791e-05,10.4379292586535,True
-1.7926598000000005,0.18702975000000022,7.252513023358408e-05,7.09854525489839,True
-1.7926598000000005,0.26409565000000024,2.625548785249436e-05,9.63293837565531,True
-1.7926598000000005,0.34116155000000026,6.304056443619118e-05,7.448138625370551,True
-1.7926598000000005,0.4182274500000003,8.397553304562265e-06,12.476321556239784,True
-1.7926598000000005,0.4952933500000003,4.680352566126505e-06,13.934429568346998,True
-1.7926598000000005,0.5723592500000003,5.8667063213590035e-05,7.627481418066433,True
-1.7926598000000005,0.6494251500000003,0.00020086285355359882,4.557589201154494,True
-1.7926598000000005,0.7264910500000004,0.00012515677007257569,5.737549240066957,True
-1.7926598000000005,0.8035569500000004,0.00020493901537741889,4.5074776995567785,True
-1.7926598000000005,0.8806228500000004,0.0003214469014322063,3.3847261193367877,True
-1.7926598000000005,0.9576887500000004,0.00025343779652440705,3.9776652618038217,True
-1.7926598000000005,1.0347546500000004,0.00015371149936214767,5.224936796786834,True
-1.7926598000000005,1.1118205500000005,0.00019167279118432226,4.674405693777849,True
-1.7926598000000005,1.1888864500000005,0.00016665920872859787,5.023210648450509,True
-1.7926598000000005,1.2659523500000005,0.0004582067903462152,2.500512407397879,True
-1.7926598000000005,1.3430182500000005,0.00031116587660153183,3.4658076843753705,True
-1.7926598000000005,1.4200841500000005,0.0006103925274044391,1.7851818192401807,True
-1.7926598000000005,1.4971500500000006,0.0005218188883620435,2.1762484126966415,True
-1.7926598000000005,1.5742159500000006,0.00031960823439760894,3.3990346267267237,True
-1.7926598000000005,1.6512818500000006,0.00046437417484442093,2.467162975533638,True
-1.7926598000000005,1.7283477500000006,0.0005011642947058624,2.2769862496636697,True
-1.7926598000000005,1.8054136500000006,0.00037267964727919373,3.015846276033158,True
-1.7926598000000005,1.8824795500000007,0.00041549906150277347,2.744559097702945,True
-1.7926598000000005,1.9595454500000007,0.00027822491729701345,3.744914949597756,True
-1.7926598000000005,2.0366113500000007,6.806430081527519e-05,7.256886547257056,True
-1.7926598000000005,2.1136772500000007,0.00012527067561082314,5.7352801675159,True
-1.7926598000000005,2.1907431500000007,0.00030797429086572195,3.491523885718012,True
-1.7926598000000005,2.2678090500000008,0.0003346761654204621,3.284126885121224,True
-1.7926598000000005,2.344874950000001,5.952814614164733e-05,7.591136957803085,True
-1.7926598000000005,2.421940850000001,2.1508532023767406e-05,10.130372719810508,True
-1.7926598000000005,2.499006750000001,3.919766359354848e-05,8.633351776315413,True
-1.7926598000000005,2.576072650000001,0.00015229509027905796,5.248027994578742,True
-1.7926598000000005,2.653138550000001,2.855080016255432e-05,9.423888006218613,True
-1.7926598000000005,2.730204450000001,2.318880635469425e-06,15.686175903417437,True
-1.7926598000000005,2.807270350000001,8.375084637432696e-06,12.483004405007637,True
-1.7926598000000005,2.884336250000001,1.1330703707162456e-06,17.472505340650244,False
-1.7926598000000005,2.961402150000001,5.617166782392568e-09,30.70960948228901,False
-1.7926598000000005,3.038468050000001,2.075278023607423e-08,27.449875807950338,False
-1.7926598000000005,3.115533950000001,5.617166782392568e-09,30.70960948228901,False
-1.7926598000000005,3.192599850000001,1.1330703707162456e-06,17.472505340650244,False
-1.7926598000000005,3.269665750000001,8.372269092259306e-06,12.48384309555034,True
-1.7926598000000005,3.346731650000001,1.1330634089340514e-06,17.47252066635034,False
-1.7926598000000005,3.423797550000001,2.808583391196284e-09,32.438553378750335,False
-1.7926598000000005,3.5008634500000007,0.0,,False
-1.7926598000000005,3.5779293500000002,0.0,,False
-1.7926598000000005,3.6549952500000003,0.0,,False
-1.7926598000000005,3.7320611500000003,0.0,,False
-1.7926598000000005,3.80912705,0.0,,False
-1.7098866000000004,-3.82039705,2.356832540946479e-08,27.13253744240358,False
-1.7098866000000004,-3.74333115,2.8155451733905604e-09,32.43237818129086,False
-1.7098866000000004,-3.66626525,6.961782194276772e-12,47.404586091150335,False
-1.7098866000000004,-3.58919935,0.0,,False
-1.7098866000000004,-3.51213345,6.961782194276772e-12,47.404586091150335,False
-1.7098866000000004,-3.43506755,5.617166782392568e-09,30.70960948228901,False
-1.7098866000000004,-3.35800165,1.15382315095232e-06,17.427233547143064,False
-1.7098866000000004,-3.28093575,8.377893220823892e-06,12.482168069090571,True
-1.7098866000000004,-3.20386985,1.162255862908103e-06,17.409069975591347,False
-1.7098866000000004,-3.1268039499999998,2.298113931668962e-06,15.708614545395957,True
-1.7098866000000004,-3.0497380499999998,1.792756771300937e-05,10.584616932904392,True
-1.7098866000000004,-2.9726721499999997,2.133797138802973e-05,10.150231435099624,True
-1.7098866000000004,-2.8956062499999997,9.884850055535124e-05,6.3261601424960885,True
-1.7098866000000004,-2.8185403499999997,0.0001534337708547744,5.229447686217531,True
-1.7098866000000004,-2.7414744499999997,4.4215056602868974e-05,8.332913071160153,True
-1.7098866000000004,-2.6644085499999997,7.613638665659604e-05,6.97733743238757,True
-1.7098866000000004,-2.5873426499999996,0.0001418569523425378,5.425128169094103,True
-1.7098866000000004,-2.5102767499999996,0.0003664421122225983,3.0579473095512872,True
-1.7098866000000004,-2.4332108499999996,0.0001418390429546039,5.425443098326424,True
-1.7098866000000004,-2.3561449499999996,8.565861242882975e-05,6.683395869091994,True
-1.7098866000000004,-2.2790790499999996,0.00012017415187510068,5.8388821416941035,True
-1.7098866000000004,-2.2020131499999995,0.00019664696274627707,4.610499865660006,True
-1.7098866000000004,-2.1249472499999995,7.73715961136503e-05,6.937194929052126,True
-1.7098866000000004,-2.04788135,0.000289084213417734,3.649411207397578,True
-1.7098866000000004,-1.97081545,0.00022881621460782003,4.232584912903334,True
-1.7098866000000004,-1.89374955,0.00022720980612433983,4.250158223974758,True
-1.7098866000000004,-1.8166836499999999,5.608917320304871e-05,7.739566184634309,True
-1.7098866000000004,-1.7396177499999999,0.00010013809560663136,6.29382900008069,True
-1.7098866000000004,-1.6625518499999998,0.00010839989093443021,6.096085569953395,True
-1.7098866000000004,-1.5854859499999998,0.00017136414018939278,4.953768989870355,True
-1.7098866000000004,-1.5084200499999998,0.00023209142723333253,4.197134741754955,True
-1.7098866000000004,-1.4313541499999998,6.554457439359635e-05,7.3509790483300925,True
-1.7098866000000004,-1.3542882499999997,0.00011411062874302588,5.9680229178497095,True
-1.7098866000000004,-1.2772223499999997,0.00019647702530093523,4.612656343515838,True
-1.7098866000000004,-1.2001564499999997,0.00011411340947928831,5.967962134609121,True
-1.7098866000000004,-1.1230905499999997,0.00010726681360193176,6.122295501135893,True
-1.7098866000000004,-1.0460246499999997,8.431629836885927e-05,6.722792926124741,True
-1.7098866000000004,-0.9689587499999996,2.7488441729848665e-05,9.518471703733894,True
-1.7098866000000004,-0.8918928499999996,2.2483361827026265e-05,10.019808991600849,True
-1.7098866000000004,-0.8148269499999996,8.819496903177014e-05,6.610610695510952,True
-1.7098866000000004,-0.7377610499999996,2.969621148689744e-05,9.325774397629672,True
-1.7098866000000004,-0.6606951499999996,0.00013213904179945688,5.602137566111083,True
-1.7098866000000004,-0.5836292499999995,1.7930362372836178e-05,10.584228130293901,True
-1.7098866000000004,-0.5065633499999995,1.2744315906976744e-06,17.17924798050541,True
-1.7098866000000004,-0.4294974499999995,1.9063418819988036e-05,10.431385636082771,True
-1.7098866000000004,-0.3524315499999995,8.925455368999558e-05,6.580822004267788,True
-1.7098866000000004,-0.27536564999999946,8.314839749204e-05,6.757584589760035,True
-1.7098866000000004,-0.19829974999999966,2.7432865405291754e-05,9.523519880350257,True
-1.7098866000000004,-0.12123384999999987,1.0706271417618024e-05,11.870473371124433,True
-1.7098866000000004,-0.044167949999999845,9.513772174931333e-06,12.165027922988982,True
-1.7098866000000004,0.032897950000000176,6.189235845202125e-05,7.493988755117425,True
-1.7098866000000004,0.1099638500000002,1.7921922699098198e-05,10.585402471393072,True
-1.7098866000000004,0.18702975000000022,7.866044407660274e-05,6.895986769786581,True
-1.7098866000000004,0.26409565000000024,7.365819364251812e-05,7.0598773612928545,True
-1.7098866000000004,0.34116155000000026,2.5145999730751966e-05,9.740634447845189,True
-1.7098866000000004,0.4182274500000003,3.4878324380932325e-06,14.667997085843243,True
-1.7098866000000004,0.4952933500000003,3.466255264194572e-05,8.940048722079505,True
-1.7098866000000004,0.5723592500000003,0.00019967983098689024,4.572323549161052,True
-1.7098866000000004,0.6494251500000003,7.158953710021262e-05,7.13093222937096,True
-1.7098866000000004,0.7264910500000004,0.00012016291057975368,5.8391154773163,True
-1.7098866000000004,0.8035569500000004,0.00023998696181683454,4.11369107969578,True
-1.7098866000000004,0.8806228500000004,0.0001609326981925883,5.1104247231354964,True
-1.7098866000000004,0.9576887500000004,7.12900939758197e-05,7.14138737524609,True
-1.7098866000000004,1.0347546500000004,0.00024279381825640823,4.084686901990565,True
-1.7098866000000004,1.1118205500000005,0.00025959108241139936,3.9178280232810088,True
-1.7098866000000004,1.1888864500000005,0.0002297535709464127,4.22238760989231,True
-1.7098866000000004,1.2659523500000005,0.00045371271549277966,2.525097550911116,True
-1.7098866000000004,1.3430182500000005,0.00043766607442494973,2.6149136520991876,True
-1.7098866000000004,1.4200841500000005,0.000283399325947229,3.6989515014152072,True
-1.7098866000000004,1.4971500500000006,0.00037366124259619336,3.0092851115151125,True
-1.7098866000000004,1.5742159500000006,0.0002437031798331401,4.075362040783163,True
-1.7098866000000004,1.6512818500000006,0.00019636107219118867,4.614128839942099,True
-1.7098866000000004,1.7283477500000006,0.00036525872316237317,3.066015568222169,True
-1.7098866000000004,1.8054136500000006,0.0003535904817025831,3.146998070588235,True
-1.7098866000000004,1.8824795500000007,0.0005497207818761454,2.0463185311415306,True
-1.7098866000000004,1.9595454500000007,0.00026317935197250154,3.8835854574593336,True
-1.7098866000000004,2.0366113500000007,0.00012991794836665106,5.644420675282277,True
-1.7098866000000004,2.1136772500000007,3.787065077185975e-05,8.719258591739319,True
-1.7098866000000004,2.1907431500000007,0.000144142801900184,5.385255375241146,True
-1.7098866000000004,2.2678090500000008,0.00024499877246828364,4.06213657886021,True
-1.7098866000000004,2.344874950000001,4.995385239824785e-05,8.028518310706609,True
-1.7098866000000004,2.421940850000001,2.8703430525011508e-05,9.410588980794497,True
-1.7098866000000004,2.499006750000001,9.383393701476852e-05,6.456019879970783,True
-1.7098866000000004,2.576072650000001,0.00016675555048708141,5.021769146628018,True
-1.7098866000000004,2.653138550000001,2.134468125130982e-05,10.149447197413952,True
-1.7098866000000004,2.730204450000001,8.42782453146963e-06,12.467346212260933,True
-1.7098866000000004,2.807270350000001,6.186317295982939e-05,7.495165244049504,True
-1.7098866000000004,2.884336250000001,8.3750776756505e-06,12.483006478425555,True
-1.7098866000000004,2.961402150000001,1.1538161891701255e-06,17.427248597192733,False
-1.7098866000000004,3.038468050000001,8.372269092259306e-06,12.48384309555034,True
-1.7098866000000004,3.115533950000001,1.1330703707162456e-06,17.472505340650244,False
-1.7098866000000004,3.192599850000001,5.617166782392568e-09,30.70960948228901,False
-1.7098866000000004,3.269665750000001,2.075278023607423e-08,27.449875807950338,False
-1.7098866000000004,3.346731650000001,2.808583391196284e-09,32.438553378750335,False
-1.7098866000000004,3.423797550000001,6.961782194276772e-12,47.404586091150335,False
-1.7098866000000004,3.5008634500000007,0.0,,False
-1.7098866000000004,3.5779293500000002,0.0,,False
-1.7098866000000004,3.6549952500000003,0.0,,False
-1.7098866000000004,3.7320611500000003,0.0,,False
-1.7098866000000004,3.80912705,0.0,,False
-1.6271134000000003,-3.82039705,9.508141084584553e-06,12.16650473000358,True
-1.6271134000000003,-3.74333115,1.1358719923252476e-06,17.46634546889086,False
-1.6271134000000003,-3.66626525,2.808583391196284e-09,32.438553378750335,False
-1.6271134000000003,-3.58919935,0.0,,False
-1.6271134000000003,-3.51213345,2.808583391196284e-09,32.438553378750335,False
-1.6271134000000003,-3.43506755,1.1538161891701255e-06,17.427248597192733,False
-1.6271134000000003,-3.35800165,1.6744538184518612e-05,10.75489919908901,True
-1.6271134000000003,-3.28093575,6.299624333054563e-05,7.44989290428858,True
-1.6271134000000003,-3.20386985,8.42500898629624e-06,12.468179653543785,True
-1.6271134000000003,-3.1268039499999998,1.7960619676179152e-05,10.580022506549955,True
-1.6271134000000003,-3.0497380499999998,0.0001405113108917162,5.448902165740168,True
-1.6271134000000003,-2.9726721499999997,9.268573103059857e-05,6.486730323847953,True
-1.6271134000000003,-2.8956062499999997,0.00010726229609342925,6.122400551650378,True
-1.6271134000000003,-2.8185403499999997,3.925317726206565e-05,8.629821669611543,True
-1.6271134000000003,-2.7414744499999997,1.6497869763073583e-05,10.791917329940519,True
-1.6271134000000003,-2.6644085499999997,5.487592118012595e-05,7.794112746210266,True
-1.6271134000000003,-2.5873426499999996,0.00017700311513417334,4.873010868376135,True
-1.6271134000000003,-2.5102767499999996,0.0001953826519072999,4.626588601705048,True
-1.6271134000000003,-2.4332108499999996,3.438671265187322e-05,8.959977740671247,True
-1.6271134000000003,-2.3561449499999996,2.2658481741959606e-05,10.000456189295933,True
-1.6271134000000003,-2.2790790499999996,8.343174316619565e-05,6.749099055007302,True
-1.6271134000000003,-2.2020131499999995,0.0003665021921320934,3.0575383844858437,True
-1.6271134000000003,-2.1249472499999995,0.0001403858045263874,5.451131134273508,True
-1.6271134000000003,-2.04788135,0.0001359533856648139,5.531155270961574,True
-1.6271134000000003,-1.97081545,0.0001939069448119539,4.645499618626525,True
-1.6271134000000003,-1.89374955,0.0002060766380655486,4.493669837901644,True
-1.6271134000000003,-1.8166836499999999,0.00018656679773440383,4.74175375358733,True
-1.6271134000000003,-1.7396177499999999,0.00020379085116394217,4.521491444561754,True
-1.6271134000000003,-1.6625518499999998,0.00011409157792611895,5.968439383512408,True
-1.6271134000000003,-1.5854859499999998,0.0001118405936834867,6.018143708941241,True
-1.6271134000000003,-1.5084200499999998,0.00011679009726175218,5.91012961975448,True
-1.6271134000000003,-1.4313541499999998,3.435754804502794e-05,8.962094176680365,True
-1.6271134000000003,-1.3542882499999997,0.00011560602376923909,5.935547479412241,True
-1.6271134000000003,-1.2772223499999997,0.00021879040038126158,4.344343586066657,True
-1.6271134000000003,-1.2001564499999997,7.389609070561955e-05,7.051834268702106,True
-1.6271134000000003,-1.1230905499999997,0.00010122964649331106,6.266786690794133,True
-1.6271134000000003,-1.0460246499999997,3.926270267051912e-05,8.629216452020167,True
-1.6271134000000003,-0.9689587499999996,0.00014282175881522981,5.408220944739707,True
-1.6271134000000003,-0.8918928499999996,0.00010600190045790539,6.151884078406713,True
-1.6271134000000003,-0.8148269499999996,0.0001439643058619242,5.3883460983523905,True
-1.6271134000000003,-0.7377610499999996,4.5307658415353216e-05,8.272024515518025,True
-1.6271134000000003,-0.6606951499999996,8.092657785625305e-05,6.825142846764859,True
-1.6271134000000003,-0.5836292499999995,1.2933715181969564e-05,11.3990238889868,True
-1.6271134000000003,-0.5065633499999995,2.6323370321767167e-05,9.626497689192623,True
-1.6271134000000003,-0.4294974499999995,9.04262862288818e-05,6.548289438743843,True
-1.6271134000000003,-0.3524315499999995,0.0001511827657267956,5.26631286540034,True
-1.6271134000000003,-0.27536564999999946,0.00010604338513303095,6.150908090327588,True
-1.6271134000000003,-0.19829974999999966,0.00015117435390018638,5.266451654560646,True
-1.6271134000000003,-0.12123384999999987,8.814784630451561e-05,6.611943781282985,True
-1.6271134000000003,-0.044167949999999845,1.0729839743027488e-05,11.864988475900368,True
-1.6271134000000003,0.032897950000000176,8.448577311705705e-06,12.461211671116377,True
-1.6271134000000003,0.1099638500000002,3.4132540291047187e-06,14.721910643122332,True
-1.6271134000000003,0.18702975000000022,1.905780861498784e-05,10.43211980719785,True
-1.6271134000000003,0.26409565000000024,2.7409317965228875e-05,9.525661855488567,True
-1.6271134000000003,0.34116155000000026,6.41876568385168e-05,7.403159381404565,True
-1.6271134000000003,0.4182274500000003,1.795672535807245e-05,10.580563401135844,True
-1.6271134000000003,0.4952933500000003,8.205686749070686e-05,6.790545830276883,True
-1.6271134000000003,0.5723592500000003,0.00010493672648002632,6.177075551284291,True
-1.6271134000000003,0.6494251500000003,9.168559612969018e-05,6.513792012693124,True
-1.6271134000000003,0.7264910500000004,0.0001535959196639029,5.226813060878628,True
-1.6271134000000003,0.8035569500000004,0.00014907828344684008,5.301278291293787,True
-1.6271134000000003,0.8806228500000004,0.00027848167805416763,3.7426141025594846,True
-1.6271134000000003,0.9576887500000004,6.563602518827861e-05,7.347501258141416,True
-1.6271134000000003,1.0347546500000004,0.0001714780596512046,4.952111354126569,True
-1.6271134000000003,1.1118205500000005,0.00014151047699405883,5.431227863279822,True
-1.6271134000000003,1.1888864500000005,0.00022967507733397086,4.22323992793803,True
-1.6271134000000003,1.2659523500000005,0.0003178044049837212,3.413152243486669,True
-1.6271134000000003,1.3430182500000005,0.0003389359829927841,3.2525788500738417,True
-1.6271134000000003,1.4200841500000005,0.00012849269835119286,5.671935736961873,True
-1.6271134000000003,1.4971500500000006,0.00032170838074428157,3.3826979372050427,True
-1.6271134000000003,1.5742159500000006,0.0003327659152232665,3.298404750736667,True
-1.6271134000000003,1.6512818500000006,0.00022755990676235965,4.246317731752093,True
-1.6271134000000003,1.7283477500000006,0.00024315901273718856,4.08093790056076,True
-1.6271134000000003,1.8054136500000006,0.0003424231992022637,3.227046429520136,True
-1.6271134000000003,1.8824795500000007,0.00034794029330958434,3.187178171896342,True
-1.6271134000000003,1.9595454500000007,0.0003829988648157333,2.9477188270424906,True
-1.6271134000000003,2.0366113500000007,0.0004034404178857073,2.818021221205705,True
-1.6271134000000003,2.1136772500000007,9.526996441090346e-05,6.418135863203088,True
-1.6271134000000003,2.1907431500000007,0.00017383387264438614,4.918076695378237,True
-1.6271134000000003,2.2678090500000008,0.0001358158839540282,5.533679293490083,True
-1.6271134000000003,2.344874950000001,0.000170254638144086,4.969971165454196,True
-1.6271134000000003,2.421940850000001,0.00015346298419409505,5.228972816644361,True
-1.6271134000000003,2.499006750000001,0.00011443922951248189,5.960850371647305,True
-1.6271134000000003,2.576072650000001,0.00015121864715870317,5.2657209339880575,True
-1.6271134000000003,2.653138550000001,1.9069029024988233e-05,10.430651680996338,True
-1.6271134000000003,2.730204450000001,1.1830156049263716e-06,17.36491032679012,False
-1.6271134000000003,2.807270350000001,8.372276054041499e-06,12.483841021436866,True
-1.6271134000000003,2.884336250000001,1.1538161891701255e-06,17.427248597192733,False
-1.6271134000000003,2.961402150000001,8.3750776756505e-06,12.483006478425555,True
-1.6271134000000003,3.038468050000001,6.186316599804719e-05,7.495165524750339,True
-1.6271134000000003,3.115533950000001,8.372269092259306e-06,12.48384309555034,True
-1.6271134000000003,3.192599850000001,2.075278023607423e-08,27.449875807950338,False
-1.6271134000000003,3.269665750000001,0.0,,False
-1.6271134000000003,3.346731650000001,6.961782194276772e-12,47.404586091150335,False
-1.6271134000000003,3.423797550000001,2.808583391196284e-09,32.438553378750335,False
-1.6271134000000003,3.5008634500000007,2.075278023607423e-08,27.449875807950338,False
-1.6271134000000003,3.5779293500000002,2.808583391196284e-09,32.438553378750335,False
-1.6271134000000003,3.6549952500000003,6.961782194276772e-12,47.404586091150335,False
-1.6271134000000003,3.7320611500000003,0.0,,False
-1.6271134000000003,3.80912705,0.0,,False
-1.5443402000000004,-3.82039705,7.025618787054257e-05,7.177827159203579,True
-1.5443402000000004,-3.74333115,8.39302187249538e-06,12.477667898090859,True
-1.5443402000000004,-3.66626525,2.075278023607423e-08,27.449875807950338,False
-1.5443402000000004,-3.58919935,6.961782194276772e-12,47.404586091150335,False
-1.5443402000000004,-3.51213345,2.3561363627270515e-08,27.133274347052172,False
-1.5443402000000004,-3.43506755,8.395830455886575e-06,12.47683334925893,True
-1.5443402000000004,-3.35800165,6.299903799037244e-05,7.449782252074845,True
-1.5443402000000004,-3.28093575,1.6750169274865393e-05,10.754060508546308,True
-1.5443402000000004,-3.20386985,3.4491284992300854e-06,14.695831100911024,True
-1.5443402000000004,-3.1268039499999998,2.741492120844688e-05,9.525151993896612,True
-1.5443402000000004,-3.0497380499999998,8.323703274154887e-05,6.754927069071998,True
-1.5443402000000004,-2.9726721499999997,5.706964105843656e-05,7.696340560203635,True
-1.5443402000000004,-2.8956062499999997,0.0002298488478555273,4.221353442605806,True
-1.5443402000000004,-2.8185403499999997,0.00010347501356916091,6.212064626183539,True
-1.5443402000000004,-2.7414744499999997,0.00012181590905946408,5.805036442106944,True
-1.5443402000000004,-2.6644085499999997,0.00022715990266082285,4.25070613085618,True
-1.5443402000000004,-2.5873426499999996,0.00019759497398176218,4.598503852394441,True
-1.5443402000000004,-2.5102767499999996,0.00012867204426883852,5.668456647671843,True
-1.5443402000000004,-2.4332108499999996,5.002733811073867e-05,8.02485165511044,True
-1.5443402000000004,-2.3561449499999996,0.00010958857243861433,6.068882260919609,True
-1.5443402000000004,-2.2790790499999996,0.0002461806536060191,4.050132746880997,True
-1.5443402000000004,-2.2020131499999995,0.00029535975405734025,3.595842595447621,True
-1.5443402000000004,-2.1249472499999995,0.0002212461740295679,4.316502286450465,True
-1.5443402000000004,-2.04788135,0.0001511902366019678,5.266189607744641,True
-1.5443402000000004,-1.97081545,0.00021176158734682846,4.42579158407491,True
-1.5443402000000004,-1.89374955,0.00021907654767702628,4.3410834706232135,True
-1.5443402000000004,-1.8166836499999999,0.0002284864793711731,4.236181968171304,True
-1.5443402000000004,-1.7396177499999999,0.00038444768315660095,2.938300977464905,True
-1.5443402000000004,-1.6625518499999998,0.00014988549897545177,5.287808606920703,True
-1.5443402000000004,-1.5854859499999998,0.00014423810524227985,5.383606730512355,True
-1.5443402000000004,-1.5084200499999998,0.00017257460451427093,4.936211674060501,True
-1.5443402000000004,-1.4313541499999998,9.998221500180986e-05,6.297714853704972,True
-1.5443402000000004,-1.3542882499999997,0.00014634548660879504,5.34742701917295,True
-1.5443402000000004,-1.2772223499999997,8.616218695959003e-05,6.668774949106124,True
-1.5443402000000004,-1.2001564499999997,0.0002282665404284809,4.238584151643759,True
-1.5443402000000004,-1.1230905499999997,0.00023929473059940362,4.120896280320158,True
-1.5443402000000004,-1.0460246499999997,5.601395071831783e-05,7.742913645129533,True
-1.5443402000000004,-0.9689587499999996,9.047904700826532e-05,6.54683449808797,True
-1.5443402000000004,-0.8918928499999996,8.319833576446793e-05,6.756086959225352,True
-1.5443402000000004,-0.8148269499999996,4.420379442217541e-05,8.333548494351891,True
-1.5443402000000004,-0.7377610499999996,0.00013557410649638442,5.538123636102605,True
-1.5443402000000004,-0.6606951499999996,2.6349747230567828e-05,9.623999528642523,True
-1.5443402000000004,-0.5836292499999995,1.79954223351534e-05,10.575193852206015,True
-1.5443402000000004,-0.5065633499999995,0.00013438160029191555,5.560160835175224,True
-1.5443402000000004,-0.4294974499999995,9.875707064601554e-05,6.328468348523776,True
-1.5443402000000004,-0.3524315499999995,3.698251205034846e-05,8.77845242517922,True
-1.5443402000000004,-0.27536564999999946,2.361641827417812e-05,9.897170838201697,True
-1.5443402000000004,-0.19829974999999966,9.763804319225529e-05,6.356893330510408,True
-1.5443402000000004,-0.12123384999999987,8.430502226460131e-05,6.723126530726284,True
-1.5443402000000004,-0.044167949999999845,2.8571559904572587e-05,9.422074991773483,True
-1.5443402000000004,0.032897950000000176,1.908417160022411e-05,10.428671731000742,True
-1.5443402000000004,0.1099638500000002,1.071472501492039e-05,11.868504635749447,True
-1.5443402000000004,0.18702975000000022,7.141174083195279e-05,7.1371347523519,True
-1.5443402000000004,0.26409565000000024,7.981708973451063e-05,6.85957634258167,True
-1.5443402000000004,0.34116155000000026,2.024079637278543e-05,10.28190256533355,True
-1.5443402000000004,0.4182274500000003,2.744133292615851e-05,9.52275008811551,True
-1.5443402000000004,0.4952933500000003,7.481092409697274e-05,7.02114394516931,True
-1.5443402000000004,0.5723592500000003,2.97338018439163e-05,9.32261898531464,True
-1.5443402000000004,0.6494251500000003,3.3106643009046566e-05,9.0546036559377,True
-1.5443402000000004,0.7264910500000004,5.4841111559369516e-05,7.795695490254709,True
-1.5443402000000004,0.8035569500000004,9.120325141593271e-05,6.526949008684448,True
-1.5443402000000004,0.8806228500000004,0.00013460263193110542,5.55606150258634,True
-1.5443402000000004,0.9576887500000004,0.00012236681386582453,5.793781382448296,True
-1.5443402000000004,1.0347546500000004,0.00011303873097830237,5.991564221404333,True
-1.5443402000000004,1.1118205500000005,0.00015376311175077594,5.2240994022227385,True
-1.5443402000000004,1.1888864500000005,0.00038898276626107495,2.909049056141676,True
-1.5443402000000004,1.2659523500000005,0.00030494976483389603,3.5161411405097076,True
-1.5443402000000004,1.3430182500000005,0.00017186060994734496,4.946552933124849,True
-1.5443402000000004,1.4200841500000005,0.0003332038970606852,3.2951238955936017,True
-1.5443402000000004,1.4971500500000006,0.0005155057643272006,2.2066097166899854,True
-1.5443402000000004,1.5742159500000006,0.00020629032272749824,4.491084752099287,True
-1.5443402000000004,1.6512818500000006,0.00033329642662830084,3.2944313225142507,True
-1.5443402000000004,1.7283477500000006,0.0002770761159695765,3.7552354915168284,True
-1.5443402000000004,1.8054136500000006,0.0001968338079551063,4.608130980972463,True
-1.5443402000000004,1.8824795500000007,0.00027720623589421096,3.7540643801522333,True
-1.5443402000000004,1.9595454500000007,0.0003689685699617865,3.040808950065065,True
-1.5443402000000004,2.0366113500000007,0.000434700355488846,2.6318733516342263,True
-1.5443402000000004,2.1136772500000007,0.0002819397789581599,3.7118308961746935,True
-1.5443402000000004,2.1907431500000007,0.0002573552198586564,3.9394048618654036,True
-1.5443402000000004,2.2678090500000008,0.0001297248703313085,5.648130403310589,True
-1.5443402000000004,2.344874950000001,0.00017027818558414888,4.969626204328297,True
-1.5443402000000004,2.421940850000001,4.872655745836911e-05,8.09056603080648,True
-1.5443402000000004,2.499006750000001,8.43785219006565e-05,6.72095283909045,True
-1.5443402000000004,2.576072650000001,3.6943828996831896e-05,8.78106282488692,True
-1.5443402000000004,2.653138550000001,1.1827028681836173e-05,11.622142502128991,True
-1.5443402000000004,2.730204450000001,1.16787999147269e-06,17.397029038812192,False
-1.5443402000000004,2.807270350000001,2.918549219185736e-08,26.599327438909793,False
-1.5443402000000004,2.884336250000001,2.6376908800661072e-08,26.85171157720487,False
-1.5443402000000004,2.961402150000001,1.135878954107442e-06,17.46633018108533,False
-1.5443402000000004,3.038468050000001,8.372276054041499e-06,12.483841021436866,True
-1.5443402000000004,3.115533950000001,1.1330634089340514e-06,17.47252066635034,False
-1.5443402000000004,3.192599850000001,2.808583391196284e-09,32.438553378750335,False
-1.5443402000000004,3.269665750000001,0.0,,False
-1.5443402000000004,3.346731650000001,2.808583391196284e-09,32.438553378750335,False
-1.5443402000000004,3.423797550000001,1.1330634089340514e-06,17.47252066635034,False
-1.5443402000000004,3.5008634500000007,8.372269092259306e-06,12.48384309555034,True
-1.5443402000000004,3.5779293500000002,1.1330634089340514e-06,17.47252066635034,False
-1.5443402000000004,3.6549952500000003,2.808583391196284e-09,32.438553378750335,False
-1.5443402000000004,3.7320611500000003,0.0,,False
-1.5443402000000004,3.80912705,0.0,,False
-1.4615670000000005,-3.82039705,9.508141084584553e-06,12.16650473000358,True
-1.4615670000000005,-3.74333115,1.1358719923252476e-06,17.46634546889086,False
-1.4615670000000005,-3.66626525,2.808583391196284e-09,32.438553378750335,False
-1.4615670000000005,-3.58919935,2.808583391196284e-09,32.438553378750335,False
-1.4615670000000005,-3.51213345,1.1358719923252476e-06,17.46634546889086,False
-1.4615670000000005,-3.43506755,9.505346424757746e-06,12.167237980907158,True
-1.4615670000000005,-3.35800165,9.510956629757943e-06,12.165766217200835,True
-1.4615670000000005,-3.28093575,1.2245072418341314e-06,17.278926139630325,False
-1.4615670000000005,-3.20386985,1.7915226759382495e-05,10.58633457355992,True
-1.4615670000000005,-3.1268039499999998,0.00013441749564738748,5.559494648575238,True
-1.4615670000000005,-3.0497380499999998,4.3141408142340975e-05,8.394229148009956,True
-1.4615670000000005,-2.9726721499999997,9.501971247061071e-05,6.424696528930056,True
-1.4615670000000005,-2.8956062499999997,0.00024046090166576504,4.108769975782371,True
-1.4615670000000005,-2.8185403499999997,9.39954840877304e-05,6.4517292504543855,True
-1.4615670000000005,-2.7414744499999997,0.00023900870023978868,4.123879561053,True
-1.4615670000000005,-2.6644085499999997,0.0001608665385719912,5.1114503595643885,True
-1.4615670000000005,-2.5873426499999996,0.00018552909336182316,4.755666258598154,True
-1.4615670000000005,-2.5102767499999996,0.0002668095074673598,3.849415006157029,True
-1.4615670000000005,-2.4332108499999996,0.00026078750381932156,3.9063583523192325,True
-1.4615670000000005,-2.3561449499999996,0.00020000531933547823,4.568260959440622,True
-1.4615670000000005,-2.2790790499999996,0.00021297319310067966,4.411560757869336,True
-1.4615670000000005,-2.2020131499999995,0.0002671146568475561,3.8465638671072964,True
-1.4615670000000005,-2.1249472499999995,0.0004042156532623003,2.813232796205051,True
-1.4615670000000005,-2.04788135,0.0003968546642064658,2.859074757644805,True
-1.4615670000000005,-1.97081545,0.00035458271600988033,3.1400083394194866,True
-1.4615670000000005,-1.89374955,0.0003501088194349634,3.1716805339126806,True
-1.4615670000000005,-1.8166836499999999,0.00024868967842515743,4.024839609909485,True
-1.4615670000000005,-1.7396177499999999,0.0003060951831200214,3.5067897348149843,True
-1.4615670000000005,-1.6625518499999998,0.00023689745936407775,4.1460107499116,True
-1.4615670000000005,-1.5854859499999998,0.000368818243298825,3.0418254107129217,True
-1.4615670000000005,-1.5084200499999998,0.00020379365278555116,4.521457153790767,True
-1.4615670000000005,-1.4313541499999998,4.3883640288239576e-05,8.351679942781889,True
-1.4615670000000005,-1.3542882499999997,6.217739912772382e-05,7.4825276339289015,True
-1.4615670000000005,-1.2772223499999997,0.0001520219962163369,5.2525048335457045,True
-1.4615670000000005,-1.2001564499999997,0.0001419068975767479,5.4242501126668445,True
-1.4615670000000005,-1.1230905499999997,0.00017971007414354457,4.835152988904827,True
-1.4615670000000005,-1.0460246499999997,0.00014621143059536073,5.349712941107894,True
-1.4615670000000005,-0.9689587499999996,3.4784281625317546e-05,8.931304374300352,True
-1.4615670000000005,-0.8918928499999996,1.1885371819091111e-05,11.609868093742756,True
-1.4615670000000005,-0.8148269499999996,2.2459835272309963e-05,10.022420430353023,True
-1.4615670000000005,-0.7377610499999996,9.650497978332122e-05,6.386008732684986,True
-1.4615670000000005,-0.6606951499999996,1.522341032524713e-05,10.992454364233122,True
-1.4615670000000005,-0.5836292499999995,1.9095405933788895e-05,10.427203813514094,True
-1.4615670000000005,-0.5065633499999995,2.856595666135458e-05,9.422564211038425,True
-1.4615670000000005,-0.4294974499999995,8.092940036320862e-05,6.825055852281868,True
-1.4615670000000005,-0.3524315499999995,7.145043780903371e-05,7.135783472760765,True
-1.4615670000000005,-0.27536564999999946,1.7959547865028035e-05,10.580171362210084,True
-1.4615670000000005,-0.19829974999999966,7.261938264987534e-05,7.095305759502418,True
-1.4615670000000005,-0.12123384999999987,4.42161284140201e-05,8.332852606967018,True
-1.4615670000000005,-0.044167949999999845,0.00015114969287827922,5.266858588406779,True
-1.4615670000000005,0.032897950000000176,0.00014392003348875405,5.389113283525711,True
-1.4615670000000005,0.1099638500000002,3.471248395259146e-05,8.936458219432772,True
-1.4615670000000005,0.18702975000000022,2.254003084808087e-05,10.013529952932606,True
-1.4615670000000005,0.26409565000000024,9.045156347940257e-05,6.5475922828801,True
-1.4615670000000005,0.34116155000000026,4.6485070777061586e-05,8.208031943823466,True
-1.4615670000000005,0.4182274500000003,0.00013669483591347378,5.517588832412686,True
-1.4615670000000005,0.4952933500000003,4.306512777002336e-05,8.398643410545418,True
-1.4615670000000005,0.5723592500000003,8.100679431737052e-05,6.822671619940228,True
-1.4615670000000005,0.6494251500000003,0.00015725865069784385,5.168029849791717,True
-1.4615670000000005,0.7264910500000004,0.00020473875740381167,4.509916256411098,True
-1.4615670000000005,0.8035569500000004,6.106052921983018e-05,7.5277398221005,True
-1.4615670000000005,0.8806228500000004,0.0001775448887199013,4.865387822103649,True
-1.4615670000000005,0.9576887500000004,0.0002856434897833309,3.679277291449227,True
-1.4615670000000005,1.0347546500000004,0.00014202472528023085,5.422179880230555,True
-1.4615670000000005,1.1118205500000005,0.00024858363805893054,4.0259034136308545,True
-1.4615670000000005,1.1888864500000005,0.0002680233757626932,3.8380925760548936,True
-1.4615670000000005,1.2659523500000005,0.000337741109863897,3.261387841890364,True
-1.4615670000000005,1.3430182500000005,0.00014878613160542988,5.306171295399755,True
-1.4615670000000005,1.4200841500000005,0.00012931220055332145,5.656077830295315,True
-1.4615670000000005,1.4971500500000006,0.00017887991206577166,4.846702163437103,True
-1.4615670000000005,1.5742159500000006,0.0001400071958666815,5.457867242785604,True
-1.4615670000000005,1.6512818500000006,0.0002713709953277632,3.8071311683037417,True
-1.4615670000000005,1.7283477500000006,0.00025015139829780505,4.010221587548634,True
-1.4615670000000005,1.8054136500000006,0.000363901819530858,3.0752990690834974,True
-1.4615670000000005,1.8824795500000007,0.00016214943768355563,5.0916370867082374,True
-1.4615670000000005,1.9595454500000007,0.00014389153242885016,5.38960729632988,True
-1.4615670000000005,2.0366113500000007,0.00022627419210562177,4.260450722300979,True
-1.4615670000000005,2.1136772500000007,0.00020554719847166542,4.500086387792986,True
-1.4615670000000005,2.1907431500000007,0.00019883181521544098,4.5829392580983725,True
-1.4615670000000005,2.2678090500000008,0.00013084000346696203,5.626780351229186,True
-1.4615670000000005,2.344874950000001,0.00017026585159230417,4.969806886712318,True
-1.4615670000000005,2.421940850000001,4.040812095664444e-05,8.55748986510872,True
-1.4615670000000005,2.499006750000001,8.82241475621798e-05,6.609785601925057,True
-1.4615670000000005,2.576072650000001,8.205686052892466e-05,6.790546041898951,True
-1.4615670000000005,2.653138550000001,7.977837883386531e-05,6.860786378225629,True
-1.4615670000000005,2.730204450000001,1.7942689402898665e-05,10.582513874668475,True
-1.4615670000000005,2.807270350000001,2.298113931668962e-06,15.708614545395957,True
-1.4615670000000005,2.884336250000001,8.39585134123316e-06,12.47682714438551,True
-1.4615670000000005,2.961402150000001,1.1386805757164441e-06,17.460185521529283,False
-1.4615670000000005,3.038468050000001,2.356832540946479e-08,27.13253744240358,False
-1.4615670000000005,3.115533950000001,2.808583391196284e-09,32.438553378750335,False
-1.4615670000000005,3.192599850000001,6.961782194276772e-12,47.404586091150335,False
-1.4615670000000005,3.269665750000001,0.0,,False
-1.4615670000000005,3.346731650000001,2.075278023607423e-08,27.449875807950338,False
-1.4615670000000005,3.423797550000001,8.372269092259306e-06,12.48384309555034,True
-1.4615670000000005,3.5008634500000007,6.186316599804719e-05,7.495165524750339,True
-1.4615670000000005,3.5779293500000002,8.372276054041499e-06,12.483841021436866,True
-1.4615670000000005,3.6549952500000003,2.3561363627270515e-08,27.133274347052172,False
-1.4615670000000005,3.7320611500000003,2.075278023607423e-08,27.449875807950338,False
-1.4615670000000005,3.80912705,2.808583391196284e-09,32.438553378750335,False
-1.3787938000000004,-3.82039705,2.6376908800661072e-08,26.85171157720487,False
-1.3787938000000004,-3.74333115,2.356832540946479e-08,27.13253744240358,False
-1.3787938000000004,-3.66626525,2.8155451733905604e-09,32.43237818129086,False
-1.3787938000000004,-3.58919935,2.0759742018268505e-08,27.44903919082556,False
-1.3787938000000004,-3.51213345,8.372276054041499e-06,12.483841021436866,True
-1.3787938000000004,-3.43506755,6.186878316482959e-05,7.494939049420826,True
-1.3787938000000004,-3.35800165,9.52891475016721e-06,12.161060970128661,True
-1.3787938000000004,-3.28093575,9.566505107186074e-06,12.151240478378606,True
-1.3787938000000004,-3.20386985,2.1365440993328087e-05,10.147022393594735,True
-1.3787938000000004,-3.1268039499999998,9.766159063231816e-05,6.356291841483725,True
-1.3787938000000004,-3.0497380499999998,8.43701239976117e-05,6.721201104375027,True
-1.3787938000000004,-2.9726721499999997,4.650190139206218e-05,8.20712899461978,True
-1.3787938000000004,-2.8956062499999997,0.00017642021625222985,4.881238670439029,True
-1.3787938000000004,-2.8185403499999997,0.0002400256587939155,4.113288909557432,True
-1.3787938000000004,-2.7414744499999997,0.00030406905663101137,3.523355322019315,True
-1.3787938000000004,-2.6644085499999997,0.00023290145134533539,4.188444386712772,True
-1.3787938000000004,-2.5873426499999996,9.083756643467652e-05,6.53697031566036,True
-1.3787938000000004,-2.5102767499999996,0.00026975665205444056,3.8220139080977225,True
-1.3787938000000004,-2.4332108499999996,0.00033106111769192875,3.311216377083217,True
-1.3787938000000004,-2.3561449499999996,0.0002270040554507648,4.2524180049446425,True
-1.3787938000000004,-2.2790790499999996,0.00025371722699510943,3.9749166177044746,True
-1.3787938000000004,-2.2020131499999995,0.0004639719908975234,2.4693242018463915,True
-1.3787938000000004,-2.1249472499999995,0.00026106636040098614,3.903692614260734,True
-1.3787938000000004,-2.04788135,0.0005268908890063825,2.1521208860099263,True
-1.3787938000000004,-1.97081545,0.0002226193268563811,4.3010691461225825,True
-1.3787938000000004,-1.89374955,0.00031570319378767956,3.4296986963225518,True
-1.3787938000000004,-1.8166836499999999,0.00035678548482876034,3.1245607294337185,True
-1.3787938000000004,-1.7396177499999999,0.0003679157438993165,3.047936545589693,True
-1.3787938000000004,-1.6625518499999998,0.00029376963014695164,3.609307608334171,True
-1.3787938000000004,-1.5854859499999998,0.00018451607146537883,4.769323111107904,True
-1.3787938000000004,-1.5084200499999998,0.00020125270209450408,4.5527527076291054,True
-1.3787938000000004,-1.4313541499999998,0.00012133810273955568,5.814839384372615,True
-1.3787938000000004,-1.3542882499999997,0.00022719752086497046,4.250293096795335,True
-1.3787938000000004,-1.2772223499999997,0.00016196482716907977,5.094478561250907,True
-1.3787938000000004,-1.2001564499999997,0.00018323934252428804,4.786642270469394,True
-1.3787938000000004,-1.1230905499999997,4.272307246509619e-05,8.418534405644644,True
-1.3787938000000004,-1.0460246499999997,3.925321903275881e-05,8.629819015298901,True
-1.3787938000000004,-0.9689587499999996,9.049700512867458e-05,6.546339475283927,True
-1.3787938000000004,-0.8918928499999996,2.0252044629914604e-05,10.280516791253374,True
-1.3787938000000004,-0.8148269499999996,7.980758521140374e-05,6.8598733831320535,True
-1.3787938000000004,-0.7377610499999996,0.00014171613716446537,5.427605419595695,True
-1.3787938000000004,-0.6606951499999996,4.418024002033033e-05,8.3348779801544,True
-1.3787938000000004,-0.5836292499999995,0.00013442594924468982,5.559337783038547,True
-1.3787938000000004,-0.5065633499999995,2.8597943775155443e-05,9.41977270429012,True
-1.3787938000000004,-0.4294974499999995,1.9178410092950997e-05,10.416384886130938,True
-1.3787938000000004,-0.3524315499999995,1.1856228097592417e-05,11.61599188924545,True
-1.3787938000000004,-0.27536564999999946,1.0705227453595684e-05,11.870716604909159,True
-1.3787938000000004,-0.19829974999999966,1.9110548509024772e-05,10.425226597383768,True
-1.3787938000000004,-0.12123384999999987,8.207088952231626e-05,6.790119629395142,True
-1.3787938000000004,-0.044167949999999845,9.270085968227008e-05,6.486323217998779,True
-1.3787938000000004,0.032897950000000176,6.094833260669403e-05,7.53232729941044,True
-1.3787938000000004,0.1099638500000002,0.00013286996999396878,5.588378130869722,True
-1.3787938000000004,0.18702975000000022,6.820159513053965e-05,7.251860217681566,True
-1.3787938000000004,0.26409565000000024,0.00015691596524073867,5.173471243987619,True
-1.3787938000000004,0.34116155000000026,0.0001774674390714818,4.866476154253887,True
-1.3787938000000004,0.4182274500000003,0.00010722360607813051,6.123300433701711,True
-1.3787938000000004,0.4952933500000003,7.372499037707542e-05,7.057616401899685,True
-1.3787938000000004,0.5723592500000003,1.9113364054198163e-05,10.42485913507707,True
-1.3787938000000004,0.6494251500000003,2.246824013713697e-05,10.021487179579312,True
-1.3787938000000004,0.7264910500000004,4.533967337628286e-05,8.270262606799877,True
-1.3787938000000004,0.8035569500000004,8.550205990113708e-05,6.6879587765093955,True
-1.3787938000000004,0.8806228500000004,9.612813574298418e-05,6.395767988277142,True
-1.3787938000000004,0.9576887500000004,8.454401898598264e-05,6.716065321667246,True
-1.3787938000000004,1.0347546500000004,0.00014372659592167705,5.392468086603617,True
-1.3787938000000004,1.1118205500000005,0.00022621474931008701,4.261106077416638,True
-1.3787938000000004,1.1888864500000005,0.00032713468018222394,3.3409764623951843,True
-1.3787938000000004,1.2659523500000005,0.0002919594293633472,3.6247252091040383,True
-1.3787938000000004,1.3430182500000005,0.00023792455202460678,4.135219670333575,True
-1.3787938000000004,1.4200841500000005,9.801453466264012e-05,6.347293677427662,True
-1.3787938000000004,1.4971500500000006,0.00029988019885779425,3.5579562354595113,True
-1.3787938000000004,1.5742159500000006,0.000222832410583632,4.298682790873351,True
-1.3787938000000004,1.6512818500000006,0.00020005072617583925,4.5676947385583615,True
-1.3787938000000004,1.7283477500000006,0.00024738553557302585,4.037954482412802,True
-1.3787938000000004,1.8054136500000006,0.0001692831705405892,4.984244544573499,True
-1.3787938000000004,1.8824795500000007,0.00017722750139866344,4.869850805913059,True
-1.3787938000000004,1.9595454500000007,0.00013698547287061216,5.512291065025601,True
-1.3787938000000004,2.0366113500000007,0.00024288917033097942,4.0837074961373,True
-1.3787938000000004,2.1136772500000007,0.0001369506910969845,5.512924479221041,True
-1.3787938000000004,2.1907431500000007,0.0001832421859165902,4.786603565196953,True
-1.3787938000000004,2.2678090500000008,0.0002048531887113012,4.508522525608193,True
-1.3787938000000004,2.344874950000001,0.00017250671508321593,4.937193119497081,True
-1.3787938000000004,2.421940850000001,9.882103791183508e-05,6.326853229937319,True
-1.3787938000000004,2.499006750000001,8.098603457535225e-05,6.823310930091529,True
-1.3787938000000004,2.576072650000001,2.743848257207415e-05,9.523009190617461,True
-1.3787938000000004,2.653138550000001,8.203046969655961e-05,6.791348391199464,True
-1.3787938000000004,2.730204450000001,8.813940663077762e-05,6.612182612000537,True
-1.3787938000000004,2.807270350000001,2.0167289774948037e-05,10.2909775093704,True
-1.3787938000000004,2.884336250000001,7.026180503732497e-05,7.177627738237098,True
-1.3787938000000004,2.961402150000001,9.505332501193357e-06,12.167241634652175,True
-1.3787938000000004,3.038468050000001,2.3561363627270515e-08,27.133274347052172,False
-1.3787938000000004,3.115533950000001,0.0,,False
-1.3787938000000004,3.192599850000001,0.0,,False
-1.3787938000000004,3.269665750000001,0.0,,False
-1.3787938000000004,3.346731650000001,2.808583391196284e-09,32.438553378750335,False
-1.3787938000000004,3.423797550000001,1.1330634089340514e-06,17.47252066635034,False
-1.3787938000000004,3.5008634500000007,8.372269092259306e-06,12.48384309555034,True
-1.3787938000000004,3.5779293500000002,1.1358719923252476e-06,17.46634546889086,False
-1.3787938000000004,3.6549952500000003,1.1358719923252476e-06,17.46634546889086,False
-1.3787938000000004,3.7320611500000003,8.372269092259306e-06,12.48384309555034,True
-1.3787938000000004,3.80912705,1.1330634089340514e-06,17.47252066635034,False
-1.2960206000000005,-3.82039705,1.1330634089340514e-06,17.47252066635034,False
-1.2960206000000005,-3.74333115,8.372269092259306e-06,12.48384309555034,True
-1.2960206000000005,-3.66626525,1.1330634089340514e-06,17.47252066635034,False
-1.2960206000000005,-3.58919935,5.617166782392568e-09,30.70960948228901,False
-1.2960206000000005,-3.51213345,1.1330634089340514e-06,17.47252066635034,False
-1.2960206000000005,-3.43506755,8.39302187249538e-06,12.477667898090859,True
-1.2960206000000005,-3.35800165,9.53451103160302e-06,12.159596488099025,True
-1.2960206000000005,-3.28093575,7.366382473286489e-05,7.059686679041582,True
-1.2960206000000005,-3.20386985,0.00010602543397440387,6.15133037090143,True
-1.2960206000000005,-3.1268039499999998,0.00010112133723649942,6.269456902728895,True
-1.2960206000000005,-3.0497380499999998,9.767004422962053e-05,6.35607594060668,True
-1.2960206000000005,-2.9726721499999997,7.59883225351167e-05,6.982192951251237,True
-1.2960206000000005,-2.8956062499999997,3.7126716662632054e-05,8.76874525057573,True
-1.2960206000000005,-2.8185403499999997,7.61358545382514e-05,6.977354865419554,True
-1.2960206000000005,-2.7414744499999997,0.00035813663290311414,3.1151324994889595,True
-1.2960206000000005,-2.6644085499999997,9.408414718436808e-05,6.449377525116946,True
-1.2960206000000005,-2.5873426499999996,0.00018228529334839402,4.799663156248679,True
-1.2960206000000005,-2.5102767499999996,0.00025474308776729396,3.9648515341168626,True
-1.2960206000000005,-2.4332108499999996,0.0006119871548997658,1.7786739501652007,True
-1.2960206000000005,-2.3561449499999996,0.0003273849112371701,3.339069228251986,True
-1.2960206000000005,-2.2790790499999996,0.0003737319823813326,3.0088129397469614,True
-1.2960206000000005,-2.2020131499999995,0.00042878388093023963,2.666055615296977,True
-1.2960206000000005,-2.1249472499999995,0.00038274657922750585,2.949362416972741,True
-1.2960206000000005,-2.04788135,0.0003492013051737218,3.178154483627398,True
-1.2960206000000005,-1.97081545,0.00031640106305723945,3.424190987508341,True
-1.2960206000000005,-1.89374955,0.00043096363442740143,2.653407587258052,True
-1.2960206000000005,-1.8166836499999999,0.00025710632431731985,3.9418183750141873,True
-1.2960206000000005,-1.7396177499999999,0.00029772182829304654,3.5759740151114605,True
-1.2960206000000005,-1.6625518499999998,0.00034171581844781465,3.232204585494687,True
-1.2960206000000005,-1.5854859499999998,0.0002926864702015346,3.6185214981144482,True
-1.2960206000000005,-1.5084200499999998,0.00036341095290709654,3.0786659502669638,True
-1.2960206000000005,-1.4313541499999998,0.00015221391198115688,5.249357913761959,True
-1.2960206000000005,-1.3542882499999997,0.00020504062869451485,4.506241257470932,True
-1.2960206000000005,-1.2772223499999997,0.0003248197495591187,3.358690109982667,True
-1.2960206000000005,-1.2001564499999997,0.0003263538415624129,3.3469373229662422,True
-1.2960206000000005,-1.1230905499999997,5.731760261011833e-05,7.685526398333663,True
-1.2960206000000005,-1.0460246499999997,0.00010124088778865804,6.266509716180415,True
-1.2960206000000005,-0.9689587499999996,0.00022979223452873027,4.221967890804308,True
-1.2960206000000005,-0.8918928499999996,4.041655366860021e-05,8.556969379485457,True
-1.2960206000000005,-0.8148269499999996,2.1455792129730472e-05,10.136496462329491,True
-1.2960206000000005,-0.7377610499999996,3.699378119282422e-05,8.777692477413778,True
-1.2960206000000005,-0.6606951499999996,8.435497446059362e-05,6.721649029173553,True
-1.2960206000000005,-0.5836292499999995,9.769080397163878e-05,6.355545825894723,True
-1.2960206000000005,-0.5065633499999995,9.38602930382226e-05,6.455319369870457,True
-1.2960206000000005,-0.4294974499999995,0.00010835664163993577,6.09708095766189,True
-1.2960206000000005,-0.3524315499999995,4.758504045213269e-05,8.149696261115697,True
-1.2960206000000005,-0.27536564999999946,7.598551395172552e-05,6.982285145521612,True
-1.2960206000000005,-0.19829974999999966,3.69315158903338e-05,8.781894308230607,True
-1.2960206000000005,-0.12123384999999987,8.215111294521594e-05,6.787682630599035,True
-1.2960206000000005,-0.044167949999999845,3.81172983079582e-05,8.70306590109084,True
-1.2960206000000005,0.032897950000000176,0.00014409165201207844,5.386140662543743,True
-1.2960206000000005,0.1099638500000002,6.927239323698328e-05,7.213002142825246,True
-1.2960206000000005,0.18702975000000022,0.0002543773257465784,3.968435497859979,True
-1.2960206000000005,0.26409565000000024,9.780073865597241e-05,6.352740442375683,True
-1.2960206000000005,0.34116155000000026,0.00023553209517347806,4.160428519952738,True
-1.2960206000000005,0.4182274500000003,5.720820065680898e-05,7.690291885421438,True
-1.2960206000000005,0.4952933500000003,1.532222202073407e-05,10.976316495391792,True
-1.2960206000000005,0.5723592500000003,2.64137841142093e-05,9.617944977064282,True
-1.2960206000000005,0.6494251500000003,1.424014084825029e-05,11.159000364819347,True
-1.2960206000000005,0.7264910500000004,9.049593331752347e-05,6.546369017432341,True
-1.2960206000000005,0.8035569500000004,9.885700288512895e-05,6.3259456043008955,True
-1.2960206000000005,0.8806228500000004,4.6608501723762523e-05,8.201417549943912,True
-1.2960206000000005,0.9576887500000004,0.00023833331356092275,4.130937998247734,True
-1.2960206000000005,1.0347546500000004,0.00037482451599014254,3.001531857034364,True
-1.2960206000000005,1.1118205500000005,0.00028354959079941565,3.6976292960221047,True
-1.2960206000000005,1.1888864500000005,0.00014265186868821572,5.411189790491246,True
-1.2960206000000005,1.2659523500000005,0.0001477034550896791,5.324388286148575,True
-1.2960206000000005,1.3430182500000005,0.0001452870509102075,5.365532741046911,True
-1.2960206000000005,1.4200841500000005,0.00022562359741740452,4.267632898108103,True
-1.2960206000000005,1.4971500500000006,0.0002550772987417501,3.9615812234836745,True
-1.2960206000000005,1.5742159500000006,0.0003198315072330792,3.39729273275419,True
-1.2960206000000005,1.6512818500000006,8.689207815186174e-05,6.647734072656449,True
-1.2960206000000005,1.7283477500000006,0.00012751602180132639,5.69096769819094,True
-1.2960206000000005,1.8054136500000006,0.00017826627758239525,4.855273520727047,True
-1.2960206000000005,1.8824795500000007,0.000212117699492276,4.421600463758801,True
-1.2960206000000005,1.9595454500000007,0.00018654994623405668,4.741979062966318,True
-1.2960206000000005,2.0366113500000007,0.000194288292437229,4.64059893779815,True
-1.2960206000000005,2.1136772500000007,0.00010463724854672242,6.184204298379663,True
-1.2960206000000005,2.1907431500000007,0.0001335082724610345,5.57642410915186,True
-1.2960206000000005,2.2678090500000008,0.00028668900367747165,3.6701641665175058,True
-1.2960206000000005,2.344874950000001,6.32200835531267e-05,7.441045650560705,True
-1.2960206000000005,2.421940850000001,7.488832501291683e-05,7.01856458521905,True
-1.2960206000000005,2.499006750000001,2.62874958516418e-05,9.629899385557525,True
-1.2960206000000005,2.576072650000001,3.514195423329505e-06,14.649214376434314,True
-1.2960206000000005,2.653138550000001,2.6281878684859406e-05,9.63043243801045,True
-1.2960206000000005,2.730204450000001,0.00013326366553465297,5.580998298770311,True
-1.2960206000000005,2.807270350000001,2.7427255200291556e-05,9.524030041531836,True
-1.2960206000000005,2.884336250000001,7.028536640095223e-05,7.1767914350503235,True
-1.2960206000000005,2.961402150000001,9.505346424757746e-06,12.167237980907158,True
-1.2960206000000005,3.038468050000001,2.3561363627270515e-08,27.133274347052172,False
-1.2960206000000005,3.115533950000001,0.0,,False
-1.2960206000000005,3.192599850000001,0.0,,False
-1.2960206000000005,3.269665750000001,0.0,,False
-1.2960206000000005,3.346731650000001,6.961782194276772e-12,47.404586091150335,False
-1.2960206000000005,3.423797550000001,2.808583391196284e-09,32.438553378750335,False
-1.2960206000000005,3.5008634500000007,2.075278023607423e-08,27.449875807950338,False
-1.2960206000000005,3.5779293500000002,2.3561363627270515e-08,27.133274347052172,False
-1.2960206000000005,3.6549952500000003,8.372283015823693e-06,12.483838947325118,True
-1.2960206000000005,3.7320611500000003,6.186598154322058e-05,7.495052003827117,True
-1.2960206000000005,3.80912705,8.39583741766877e-06,12.476831280966076,True
-1.2132474000000006,-3.82039705,8.372269092259306e-06,12.48384309555034,True
-1.2132474000000006,-3.74333115,6.186316599804719e-05,7.495165524750339,True
-1.2132474000000006,-3.66626525,8.372269092259306e-06,12.48384309555034,True
-1.2132474000000006,-3.58919935,2.0766703800462783e-08,27.448202854213406,False
-1.2132474000000006,-3.51213345,5.617166782392568e-09,30.70960948228901,False
-1.2132474000000006,-3.43506755,4.432110564553902e-08,25.557219518635215,False
-1.2132474000000006,-3.35800165,1.2065560832070592e-06,17.31576358814465,False
-1.2132474000000006,-3.28093575,3.46692833905724e-05,8.939564420253163,True
-1.2132474000000006,-3.20386985,0.00020576242582121855,4.497475945717426,True
-1.2132474000000006,-3.1268039499999998,0.00011440051861183656,5.961694264394171,True
-1.2132474000000006,-3.0497380499999998,8.32936669536925e-05,6.753230506004226,True
-1.2132474000000006,-2.9726721499999997,3.5801281950137525e-05,8.859422284419137,True
-1.2132474000000006,-2.8956062499999997,7.490801294378398e-05,7.017908916722493,True
-1.2132474000000006,-2.8185403499999997,4.994822130790107e-05,8.028799503009228,True
-1.2132474000000006,-2.7414744499999997,0.0001798485641240951,4.833231516798786,True
-1.2132474000000006,-2.6644085499999997,8.565915908341841e-05,6.683379950816491,True
-1.2132474000000006,-2.5873426499999996,0.0002890859432281919,3.649396281918402,True
-1.2132474000000006,-2.5102767499999996,0.00018672272067880115,4.739669984013428,True
-1.2132474000000006,-2.4332108499999996,0.000432134715928763,2.6466387739447783,True
-1.2132474000000006,-2.3561449499999996,0.00022598935247633792,4.263592636511813,True
-1.2132474000000006,-2.2790790499999996,0.0003892772696891913,2.907161277444803,True
-1.2132474000000006,-2.2020131499999995,0.0005152416426692419,2.2078880296994736,True
-1.2132474000000006,-2.1249472499999995,0.00047394286591348516,2.4162880928868833,True
-1.2132474000000006,-2.04788135,0.00039500987385986743,2.870696797062073,True
-1.2132474000000006,-1.97081545,0.0004298933551284176,2.6596098730606084,True
-1.2132474000000006,-1.89374955,0.00043661039800839543,2.6209374123019007,True
-1.2132474000000006,-1.8166836499999999,0.00023813211520476118,4.133044580857356,True
-1.2132474000000006,-1.7396177499999999,0.00020691306693348092,4.483566245517247,True
-1.2132474000000006,-1.6625518499999998,0.0001813412814266312,4.812614304507344,True
-1.2132474000000006,-1.5854859499999998,0.00024482500194672723,4.063906368700969,True
-1.2132474000000006,-1.5084200499999998,0.0005523043308241622,2.034623229325358,True
-1.2132474000000006,-1.4313541499999998,0.0002486207171829514,4.025531381904382,True
-1.2132474000000006,-1.3542882499999997,0.00014508297378395014,5.369038871375524,True
-1.2132474000000006,-1.2772223499999997,0.00018228861377746292,4.7996177208796125,True
-1.2132474000000006,-1.2001564499999997,0.00025797007104548986,3.933452707304442,True
-1.2132474000000006,-1.1230905499999997,0.00013086813107156717,5.6262441831387235,True
-1.2132474000000006,-1.0460246499999997,0.0001380725132105716,5.492575505871141,True
-1.2132474000000006,-0.9689587499999996,0.0002533917873789968,3.9781181256453966,True
-1.2132474000000006,-0.8918928499999996,0.00013802539744509925,5.4934268175097065,True
-1.2132474000000006,-0.8148269499999996,0.00011073107771461553,6.04301238716413,True
-1.2132474000000006,-0.7377610499999996,0.00010230888427349268,6.240334599658243,True
-1.2132474000000006,-0.6606951499999996,0.00010000966372176164,6.29703016182996,True
-1.2132474000000006,-0.5836292499999995,4.049112511580654e-05,8.552371385611057,True
-1.2132474000000006,-0.5065633499999995,0.00012510681787658337,5.738544971827658,True
-1.2132474000000006,-0.4294974499999995,0.00030114666922566823,3.54744419015022,True
-1.2132474000000006,-0.3524315499999995,0.0002321216566895467,4.1968098801437055,True
-1.2132474000000006,-0.27536564999999946,0.00012061886446114612,5.829668709097001,True
-1.2132474000000006,-0.19829974999999966,0.00014734277115561908,5.330486777124768,True
-1.2132474000000006,-0.12123384999999987,0.0001133560834906292,5.98457125912759,True
-1.2132474000000006,-0.044167949999999845,4.3754536480498685e-05,8.359028997265122,True
-1.2132474000000006,0.032897950000000176,0.000166772415910993,5.02151688543694,True
-1.2132474000000006,0.1099638500000002,2.703357358317174e-05,9.560092380401338,True
-1.2132474000000006,0.18702975000000022,5.042105453676946e-05,8.005297988690131,True
-1.2132474000000006,0.26409565000000024,0.00015918103417102004,5.137723065419647,True
-1.2132474000000006,0.34116155000000026,0.0002667691085269498,3.84979271486246,True
-1.2132474000000006,0.4182274500000003,0.00019887999583028223,4.582334907040379,True
-1.2132474000000006,0.4952933500000003,6.897295707437256e-05,7.223807517479519,True
-1.2132474000000006,0.5723592500000003,0.00022714471831489385,4.250872868772754,True
-1.2132474000000006,0.6494251500000003,9.060022298794592e-05,6.543496137036479,True
-1.2132474000000006,0.7264910500000004,0.00016525517540804597,5.044313413644722,True
-1.2132474000000006,0.8035569500000004,0.0001607397523873104,5.113417035734448,True
-1.2132474000000006,0.8806228500000004,4.157876079903296e-05,8.48625479047211,True
-1.2132474000000006,0.9576887500000004,0.00011181422373646822,6.018731897317245,True
-1.2132474000000006,1.0347546500000004,9.3981496865032e-05,6.452100454119476,True
-1.2132474000000006,1.1118205500000005,0.00022724458789796757,4.249776414366157,True
-1.2132474000000006,1.1888864500000005,7.625648386334334e-05,6.973405973103393,True
-1.2132474000000006,1.2659523500000005,0.0003001954007860367,3.5553358307384295,True
-1.2132474000000006,1.3430182500000005,0.00017489630765669592,4.9028782341784956,True
-1.2132474000000006,1.4200841500000005,8.852432385133607e-05,6.601313199596712,True
-1.2132474000000006,1.4971500500000006,0.000309246964798833,3.4812375113513525,True
-1.2132474000000006,1.5742159500000006,0.0002907321204999041,3.6352327533701727,True
-1.2132474000000006,1.6512818500000006,0.00018321191468968282,4.787015658801055,True
-1.2132474000000006,1.7283477500000006,0.00017153858121967276,4.951231156030252,True
-1.2132474000000006,1.8054136500000006,0.00015027636504739823,5.281312425552708,True
-1.2132474000000006,1.8824795500000007,0.000289052219342151,3.6496872808611722,True
-1.2132474000000006,1.9595454500000007,0.00014413153971949043,5.385450270797708,True
-1.2132474000000006,2.0366113500000007,0.00017147070571218217,4.95221832762923,True
-1.2132474000000006,2.1136772500000007,4.8823597572705e-05,8.085603434884561,True
-1.2132474000000006,2.1907431500000007,9.391024523421492e-05,6.453992242580252,True
-1.2132474000000006,2.2678090500000008,0.0001060574558971157,6.150577141591339,True
-1.2132474000000006,2.344874950000001,1.5267738392674862e-05,10.985201813875824,True
-1.2132474000000006,2.421940850000001,2.5183610973117414e-05,9.736906415907287,True
-1.2132474000000006,2.499006750000001,6.530950679923266e-05,7.359940768792921,True
-1.2132474000000006,2.576072650000001,1.6787773555448647e-05,10.748466971975636,True
-1.2132474000000006,2.653138550000001,3.4726968246395507e-06,14.6788449411594,True
-1.2132474000000006,2.730204450000001,1.904266603975196e-05,10.434102497180202,True
-1.2132474000000006,2.807270350000001,2.0149359501667543e-05,10.293196155008244,True
-1.2132474000000006,2.884336250000001,1.066477281892807e-05,11.880160468601598,True
-1.2132474000000006,2.961402150000001,1.1414891591076403e-06,17.45404074912868,False
-1.2132474000000006,3.038468050000001,2.815545173390561e-09,32.43237818129086,False
-1.2132474000000006,3.115533950000001,0.0,,False
-1.2132474000000006,3.192599850000001,0.0,,False
-1.2132474000000006,3.269665750000001,0.0,,False
-1.2132474000000006,3.346731650000001,0.0,,False
-1.2132474000000006,3.423797550000001,0.0,,False
-1.2132474000000006,3.5008634500000007,6.961782194276772e-12,47.404586091150335,False
-1.2132474000000006,3.5779293500000002,5.617166782392568e-09,30.70960948228901,False
-1.2132474000000006,3.6549952500000003,1.156624772561322e-06,17.42118433322631,False
-1.2132474000000006,3.7320611500000003,9.51094966797575e-06,12.165768042995062,True
-1.2132474000000006,3.80912705,1.06412114553008e-05,11.885677232937194,True
-1.1304742000000005,-3.82039705,1.1330634089340514e-06,17.47252066635034,False
-1.1304742000000005,-3.74333115,8.372269092259306e-06,12.48384309555034,True
-1.1304742000000005,-3.66626525,1.1330634089340514e-06,17.47252066635034,False
-1.1304742000000005,-3.58919935,5.617166782392568e-09,30.70960948228901,False
-1.1304742000000005,-3.51213345,1.1330703707162456e-06,17.472505340650244,False
-1.1304742000000005,-3.43506755,8.377893220823892e-06,12.482168069090571,True
-1.1304742000000005,-3.35800165,2.298134817015545e-06,15.708591876853465,True
-1.1304742000000005,-3.28093575,1.182982334166298e-05,11.62155317363985,True
-1.1304742000000005,-3.20386985,3.583153229169831e-05,8.857315579398243,True
-1.1304742000000005,-3.1268039499999998,7.709500207346792e-05,6.946127863262106,True
-1.1304742000000005,-3.0497380499999998,4.309710096025983e-05,8.396792205595506,True
-1.1304742000000005,-2.9726721499999997,7.489113359630803e-05,7.018471040235639,True
-1.1304742000000005,-2.8956062499999997,9.880033386407437e-05,6.3273758749232245,True
-1.1304742000000005,-2.8185403499999997,0.0001702613271220195,4.969873169596156,True
-1.1304742000000005,-2.7414744499999997,0.00013243182934067973,5.596616840303752,True
-1.1304742000000005,-2.6644085499999997,0.00021042936562256707,4.4415333867995725,True
-1.1304742000000005,-2.5873426499999996,0.0001396812602024584,5.4636808137014095,True
-1.1304742000000005,-2.5102767499999996,0.00019013201020309458,4.694537712078275,True
-1.1304742000000005,-2.4332108499999996,0.00033280553911919263,3.2981077565674934,True
-1.1304742000000005,-2.3561449499999996,0.0004031230096791228,2.8199844236379037,True
-1.1304742000000005,-2.2790790499999996,0.0003691515133218442,3.039572504293701,True
-1.1304742000000005,-2.2020131499999995,0.0002811136017016622,3.7191508680432186,True
-1.1304742000000005,-2.1249472499999995,0.0003642210327133569,3.0731120044405595,True
-1.1304742000000005,-2.04788135,0.000341830277602433,3.231369236092425,True
-1.1304742000000005,-1.97081545,0.0005948601485463456,1.8494756570840152,True
-1.1304742000000005,-1.89374955,0.00030284634740330947,3.5334056689237867,True
-1.1304742000000005,-1.8166836499999999,0.00027608054034786373,3.764214161627999,True
-1.1304742000000005,-1.7396177499999999,0.00023807098436946162,4.1336849841409355,True
-1.1304742000000005,-1.6625518499999998,0.00040367322293858877,2.816582279625309,True
-1.1304742000000005,-1.5854859499999998,0.00020818242105020266,4.468310916722969,True
-1.1304742000000005,-1.5084200499999998,0.0004538608353085165,2.524283377769484,True
-1.1304742000000005,-1.4313541499999998,0.00036406342229807756,3.074191620448416,True
-1.1304742000000005,-1.3542882499999997,0.0002988425855572647,3.566601844941105,True
-1.1304742000000005,-1.2772223499999997,0.000410804140250449,2.772904262460603,True
-1.1304742000000005,-1.2001564499999997,0.00018348958054101636,4.783238238508331,True
-1.1304742000000005,-1.1230905499999997,0.00026198737092459517,3.8949083746787676,True
-1.1304742000000005,-1.0460246499999997,0.00026300825164395737,3.8852076249060428,True
-1.1304742000000005,-0.9689587499999996,0.00023126803767487946,4.205999628860897,True
-1.1304742000000005,-0.8918928499999996,0.0003248780787728093,3.3582422315564924,True
-1.1304742000000005,-0.8148269499999996,0.000277428285064442,3.7520671518289492,True
-1.1304742000000005,-0.7377610499999996,0.00020716646610355267,4.480513385346336,True
-1.1304742000000005,-0.6606951499999996,0.00018096761246320193,4.817759402155095,True
-1.1304742000000005,-0.5836292499999995,0.00011677774934634312,5.910393353695599,True
-1.1304742000000005,-0.5065633499999995,0.00015691211269332512,5.173532484896973,True
-1.1304742000000005,-0.4294974499999995,0.00012849649661849643,5.67186200494793,True
-1.1304742000000005,-0.3524315499999995,7.507736953830585e-05,7.012275929096353,True
-1.1304742000000005,-0.27536564999999946,8.787758867231452e-05,6.619603067838063,True
-1.1304742000000005,-0.19829974999999966,5.486748846817017e-05,7.794496077484668,True
-1.1304742000000005,-0.12123384999999987,0.00021315818403223647,4.409395087330731,True
-1.1304742000000005,-0.044167949999999845,0.00011668355262430939,5.912406180215396,True
-1.1304742000000005,0.032897950000000176,0.00021092685291156042,4.435643347150432,True
-1.1304742000000005,0.1099638500000002,2.9857239752399427e-05,9.31228533801325,True
-1.1304742000000005,0.18702975000000022,2.042544865795445e-05,10.25925043594163,True
-1.1304742000000005,0.26409565000000024,5.227275391906385e-05,7.915336065641376,True
-1.1304742000000005,0.34116155000000026,0.00023456455669699895,4.170696077257731,True
-1.1304742000000005,0.4182274500000003,0.00040342632623627597,2.818108346739101,True
-1.1304742000000005,0.4952933500000003,0.00022741396537783598,4.247917943503089,True
-1.1304742000000005,0.5723592500000003,0.00034313707672401254,3.221851691444874,True
-1.1304742000000005,0.6494251500000003,0.0003676391777062629,3.0498122717776623,True
-1.1304742000000005,0.7264910500000004,0.00014313140481858204,5.402818924856622,True
-1.1304742000000005,0.8035569500000004,0.00011919870584322818,5.8592111494304975,True
-1.1304742000000005,0.8806228500000004,0.00011906188997887803,5.862075787229614,True
-1.1304742000000005,0.9576887500000004,0.00016194919363351278,5.094719337084267,True
-1.1304742000000005,1.0347546500000004,0.00010349750312163706,6.211522558433431,True
-1.1304742000000005,1.1118205500000005,0.00011579842988171053,5.931399537296939,True
-1.1304742000000005,1.1888864500000005,6.396118819361663e-05,7.411975537532713,True
-1.1304742000000005,1.2659523500000005,0.00025228512176421,3.989035782048026,True
-1.1304742000000005,1.3430182500000005,8.676754058509872e-05,6.651311633617689,True
-1.1304742000000005,1.4200841500000005,0.00010804490629439135,6.104267358207149,True
-1.1304742000000005,1.4971500500000006,0.0001452729940696871,5.365774085465342,True
-1.1304742000000005,1.5742159500000006,0.00018320065250898929,4.787168992483552,True
-1.1304742000000005,1.6512818500000006,0.00011291419341153933,5.994313811083784,True
-1.1304742000000005,1.7283477500000006,0.0001262303837241927,5.716243676811964,True
-1.1304742000000005,1.8054136500000006,0.0001675213022259141,5.010341208452005,True
-1.1304742000000005,1.8824795500000007,7.393758930430953e-05,7.050433890020279,True
-1.1304742000000005,1.9595454500000007,0.00011296801904029177,5.99312505562996,True
-1.1304742000000005,2.0366113500000007,0.00017250560846315382,4.93720912057967,True
-1.1304742000000005,2.1136772500000007,0.00011784688726015082,5.8876607825359555,True
-1.1304742000000005,2.1907431500000007,9.160259893231026e-05,6.51605100315985,True
-1.1304742000000005,2.2678090500000008,1.917000522812399e-05,10.417478260158742,True
-1.1304742000000005,2.344874950000001,9.577746402533052e-06,12.148311181070696,True
-1.1304742000000005,2.421940850000001,6.420282029909927e-05,7.402570197395426,True
-1.1304742000000005,2.499006750000001,3.465132527016313e-05,8.940856781590353,True
-1.1304742000000005,2.576072650000001,7.365821452786472e-05,7.059876654037897,True
-1.1304742000000005,2.653138550000001,1.793034844927179e-05,10.584230067237474,True
-1.1304742000000005,2.730204450000001,1.7942675479334273e-05,10.582515810281324,True
-1.1304742000000005,2.807270350000001,0.00012373756632965918,5.765995152959498,True
-1.1304742000000005,2.884336250000001,1.6765304888319072e-05,10.751807617833137,True
-1.1304742000000005,2.961402150000001,4.431414386334474e-08,25.55761135018022,False
-1.1304742000000005,3.038468050000001,6.961782194276772e-12,47.404586091150335,False
-1.1304742000000005,3.115533950000001,0.0,,False
-1.1304742000000005,3.192599850000001,0.0,,False
-1.1304742000000005,3.269665750000001,0.0,,False
-1.1304742000000005,3.346731650000001,0.0,,False
-1.1304742000000005,3.423797550000001,0.0,,False
-1.1304742000000005,3.5008634500000007,2.808583391196284e-09,32.438553378750335,False
-1.1304742000000005,3.5779293500000002,1.1330703707162456e-06,17.472505340650244,False
-1.1304742000000005,3.6549952500000003,8.395830455886575e-06,12.47683334925893,True
-1.1304742000000005,3.7320611500000003,9.546838061665505e-06,12.156373676827046,True
-1.1304742000000005,3.80912705,7.026180503732495e-05,7.177627738237098,True
-1.0477010000000004,-3.82039705,2.808583391196284e-09,32.438553378750335,False
-1.0477010000000004,-3.74333115,2.075278023607423e-08,27.449875807950338,False
-1.0477010000000004,-3.66626525,2.808583391196284e-09,32.438553378750335,False
-1.0477010000000004,-3.58919935,2.0759742018268505e-08,27.44903919082556,False
-1.0477010000000004,-3.51213345,8.375084637432696e-06,12.483004405007637,True
-1.0477010000000004,-3.43506755,6.301979077060851e-05,7.448960716664231,True
-1.0477010000000004,-3.35800165,2.5143205070925162e-05,9.740911677458687,True
-1.0477010000000004,-3.28093575,6.529996746721479e-05,7.360305127136983,True
-1.0477010000000004,-3.20386985,2.6385635624257586e-05,9.620604547083671,True
-1.0477010000000004,-3.1268039499999998,2.9710226556724643e-05,9.324597476943971,True
-1.0477010000000004,-3.0497380499999998,0.00014390208233012696,5.389424422029693,True
-1.0477010000000004,-2.9726721499999997,3.697019894385036e-05,8.77928303866121,True
-1.0477010000000004,-2.8956062499999997,4.038453174588839e-05,8.558946420451553,True
-1.0477010000000004,-2.8185403499999997,0.00023089887925817047,4.209984363894259,True
-1.0477010000000004,-2.7414744499999997,0.00011397767934965368,5.970930746564942,True
-1.0477010000000004,-2.6644085499999997,5.491740585525152e-05,7.792227807628227,True
-1.0477010000000004,-2.5873426499999996,3.672463714246742e-05,8.795906091914299,True
-1.0477010000000004,-2.5102767499999996,0.0001525515547294001,5.243831068767279,True
-1.0477010000000004,-2.4332108499999996,0.00037682712984800067,2.9882405690690756,True
-1.0477010000000004,-2.3561449499999996,0.00021806351881879977,4.352644258063291,True
-1.0477010000000004,-2.2790790499999996,0.00023928425031594872,4.121005526143942,True
-1.0477010000000004,-2.2020131499999995,0.0002603737065359258,3.91031931798458,True
-1.0477010000000004,-2.1249472499999995,0.00021908841912455124,4.340948309602816,True
-1.0477010000000004,-2.04788135,0.0001663474942684,5.0278803544242,True
-1.0477010000000004,-1.97081545,0.00021932671607593265,4.338236754553345,True
-1.0477010000000004,-1.89374955,0.00034963494920385493,3.175058893621949,True
-1.0477010000000004,-1.8166836499999999,0.00028326484162950326,3.700135445893164,True
-1.0477010000000004,-1.7396177499999999,0.00026553128457114074,3.861393524886029,True
-1.0477010000000004,-1.6625518499999998,0.0005096027373422832,2.2353370404575372,True
-1.0477010000000004,-1.5854859499999998,0.00033293976147916204,3.297101978404058,True
-1.0477010000000004,-1.5084200499999998,0.0003787409148315686,2.9756046765013866,True
-1.0477010000000004,-1.4313541499999998,0.00025101694304010733,4.001605863889846,True
-1.0477010000000004,-1.3542882499999997,0.0002653927597816793,3.8626951339075415,True
-1.0477010000000004,-1.2772223499999997,0.0004759711235153806,2.4056362457767353,True
-1.0477010000000004,-1.2001564499999997,0.0002520680810628126,3.991182583416154,True
-1.0477010000000004,-1.1230905499999997,0.00031441360569818165,3.43990846721735,True
-1.0477010000000004,-1.0460246499999997,0.00023189128676475766,4.199286624354008,True
-1.0477010000000004,-0.9689587499999996,0.000208008498214703,4.470395645050408,True
-1.0477010000000004,-0.8918928499999996,0.0002524674007320614,3.9872342436751596,True
-1.0477010000000004,-0.8148269499999996,0.0002914838084364342,3.628791962855157,True
-1.0477010000000004,-0.7377610499999996,0.0002652036456384683,3.8644731887810186,True
-1.0477010000000004,-0.6606951499999996,0.0002132602743860992,4.408200730336595,True
-1.0477010000000004,-0.5836292499999995,0.0001675807798303599,5.009455763060085,True
-1.0477010000000004,-0.5065633499999995,6.220657069635128e-05,7.481357647531208,True
-1.0477010000000004,-0.4294974499999995,0.00010579670974980373,6.156717115802431,True
-1.0477010000000004,-0.3524315499999995,0.0002500330030543869,4.011402423465875,True
-1.0477010000000004,-0.27536564999999946,0.0001285728187615072,5.6703809002364745,True
-1.0477010000000004,-0.19829974999999966,4.5001547198373356e-05,8.288934153914143,True
-1.0477010000000004,-0.12123384999999987,0.00011673909413995532,5.91121915435299,True
-1.0477010000000004,-0.044167949999999845,3.993030071317165e-05,8.58716083933658,True
-1.0477010000000004,0.032897950000000176,6.897964605230606e-05,7.22356562893622,True
-1.0477010000000004,0.1099638500000002,8.562045514455526e-05,6.684507238940445,True
-1.0477010000000004,0.18702975000000022,0.00016035172274588393,5.119445709371811,True
-1.0477010000000004,0.26409565000000024,0.00014430488805327273,5.382452109104089,True
-1.0477010000000004,0.34116155000000026,0.00033553050367632835,3.2777676222252037,True
-1.0477010000000004,0.4182274500000003,0.00037618255408884856,2.992510874599466,True
-1.0477010000000004,0.4952933500000003,0.0002307402861207609,4.211698191744965,True
-1.0477010000000004,0.5723592500000003,0.00014497750095765846,5.37085287221969,True
-1.0477010000000004,0.6494251500000003,0.0001571084345781325,5.170413623027879,True
-1.0477010000000004,0.7264910500000004,0.0001449511170870756,5.371306848183355,True
-1.0477010000000004,0.8035569500000004,0.0002189216901508805,4.342847254658907,True
-1.0477010000000004,0.8806228500000004,0.0002640414315462534,3.8754282660110597,True
-1.0477010000000004,0.9576887500000004,0.00013811963593782613,5.491724358959343,True
-1.0477010000000004,1.0347546500000004,0.0001225025300718948,5.791016461157397,True
-1.0477010000000004,1.1118205500000005,0.00019657520684424417,4.611410208694301,True
-1.0477010000000004,1.1888864500000005,0.00019493342181275196,4.63233026913112,True
-1.0477010000000004,1.2659523500000005,0.00028018903489365467,3.727368128338354,True
-1.0477010000000004,1.3430182500000005,0.000245058201340254,4.0615316053613,True
-1.0477010000000004,1.4200841500000005,0.00024658951260728574,4.045993563267332,True
-1.0477010000000004,1.4971500500000006,0.00017978461774362215,4.834118553628103,True
-1.0477010000000004,1.5742159500000006,0.00010845090101800925,6.094912077054255,True
-1.0477010000000004,1.6512818500000006,4.656979778489938e-05,8.203489722153867,True
-1.0477010000000004,1.7283477500000006,0.0001535224339514121,5.228006726214346,True
-1.0477010000000004,1.8054136500000006,0.00016795541759235497,5.00388572980753,True
-1.0477010000000004,1.8824795500000007,0.00010957555260033411,6.06917862226647,True
-1.0477010000000004,1.9595454500000007,0.00017029610889564718,4.969363666539634,True
-1.0477010000000004,2.0366113500000007,0.00013460373855116753,5.556040995751106,True
-1.0477010000000004,2.1136772500000007,0.0002236955758920993,4.289039366702456,True
-1.0477010000000004,2.1907431500000007,9.883055635850636e-05,6.326612986686917,True
-1.0477010000000004,2.2678090500000008,1.9110534585460383e-05,10.425228414709906,True
-1.0477010000000004,2.344874950000001,1.182141151505378e-05,11.623327452774044,True
-1.0477010000000004,2.421940850000001,2.7412119586837877e-05,9.525406911665147,True
-1.0477010000000004,2.499006750000001,8.205121551501349e-05,6.790717643169136,True
-1.0477010000000004,2.576072650000001,8.812427797910615e-05,6.612610788488634,True
-1.0477010000000004,2.653138550000001,7.142124535505968e-05,7.136802791209169,True
-1.0477010000000004,2.730204450000001,1.068551863738195e-05,11.875313029774222,True
-1.0477010000000004,2.807270350000001,1.6768106509928074e-05,10.751390827941133,True
-1.0477010000000004,2.884336250000001,2.266133779650297e-06,15.743569107027193,True
-1.0477010000000004,2.961402150000001,5.617166782392568e-09,30.70960948228901,False
-1.0477010000000004,3.038468050000001,0.0,,False
-1.0477010000000004,3.115533950000001,0.0,,False
-1.0477010000000004,3.192599850000001,0.0,,False
-1.0477010000000004,3.269665750000001,0.0,,False
-1.0477010000000004,3.346731650000001,0.0,,False
-1.0477010000000004,3.423797550000001,6.961782194276772e-12,47.404586091150335,False
-1.0477010000000004,3.5008634500000007,2.3561363627270515e-08,27.133274347052172,False
-1.0477010000000004,3.5779293500000002,8.39302187249538e-06,12.477667898090859,True
-1.0477010000000004,3.6549952500000003,6.186878316482959e-05,7.494939049420826,True
-1.0477010000000004,3.7320611500000003,9.508148046366747e-06,12.166502903670036,True
-1.0477010000000004,3.80912705,9.528893864820626e-06,12.161066437192694,True
-0.9649278000000003,-3.82039705,0.0,,False
-0.9649278000000003,-3.74333115,0.0,,False
-0.9649278000000003,-3.66626525,0.0,,False
-0.9649278000000003,-3.58919935,2.808583391196284e-09,32.438553378750335,False
-0.9649278000000003,-3.51213345,1.156624772561322e-06,17.42118433322631,False
-0.9649278000000003,-3.43506755,1.7880410176843857e-05,10.591186806235214,True
-0.9649278000000003,-3.35800165,7.254588301382013e-05,7.097831611781933,True
-0.9649278000000003,-3.28093575,3.576082731546991e-05,8.862242424185427,True
-0.9649278000000003,-3.20386985,0.0001333259099517968,5.57983352204268,True
-0.9649278000000003,-3.1268039499999998,3.6935403246658305e-05,8.781631771664168,True
-0.9649278000000003,-3.0497380499999998,0.00014889589309047363,5.3043318672920305,True
-0.9649278000000003,-2.9726721499999997,8.097091984724515e-05,6.82377650136375,True
-0.9649278000000003,-2.8956062499999997,2.975737016932577e-05,9.320642645321264,True
-0.9649278000000003,-2.8185403499999997,0.00016688009501562663,5.019906897994353,True
-0.9649278000000003,-2.7414744499999997,0.00010950094634421681,6.070877510886267,True
-0.9649278000000003,-2.6644085499999997,0.00015246287017853323,5.245281553092362,True
-0.9649278000000003,-2.5873426499999996,0.0001251377401410153,5.737928530019625,True
-0.9649278000000003,-2.5102767499999996,0.00024020577964701764,4.111417801524694,True
-0.9649278000000003,-2.4332108499999996,0.00021467104541705992,4.391754382591145,True
-0.9649278000000003,-2.3561449499999996,0.00041757505109875495,2.7321274736547068,True
-0.9649278000000003,-2.2790790499999996,0.0003535052289255032,3.1475995430799144,True
-0.9649278000000003,-2.2020131499999995,0.00017289725643233894,4.931552519331006,True
-0.9649278000000003,-2.1249472499999995,0.0002107946714918625,4.437206963108261,True
-0.9649278000000003,-2.04788135,0.0003451554006532447,3.207223032107328,True
-0.9649278000000003,-1.97081545,0.00039538172392381785,2.8683498082836074,True
-0.9649278000000003,-1.89374955,0.00037249125379132934,3.01710750937717,True
-0.9649278000000003,-1.8166836499999999,0.00019651091485560124,4.612226141862326,True
-0.9649278000000003,-1.7396177499999999,0.0003782008710562985,2.979163873227322,True
-0.9649278000000003,-1.6625518499999998,0.0004980343515420023,2.292613100629524,True
-0.9649278000000003,-1.5854859499999998,0.00038163877914552827,2.9565923582982543,True
-0.9649278000000003,-1.5084200499999998,0.0003898123891058967,2.903734792929855,True
-0.9649278000000003,-1.4313541499999998,0.00029168921350183934,3.6270348519351705,True
-0.9649278000000003,-1.3542882499999997,0.0003272514360745558,3.3400863800828526,True
-0.9649278000000003,-1.2772223499999997,0.0002576575954643725,3.9364758967394105,True
-0.9649278000000003,-1.2001564499999997,0.00030938111188431844,3.4801557360613806,True
-0.9649278000000003,-1.1230905499999997,0.0005344502905943367,2.1165884336800587,True
-0.9649278000000003,-1.0460246499999997,0.0003061422849619293,3.5064059361829454,True
-0.9649278000000003,-0.9689587499999996,0.00024090241132777393,4.104194325942954,True
-0.9649278000000003,-0.8918928499999996,0.00038903942832034744,2.908685739070934,True
-0.9649278000000003,-0.8148269499999996,0.00029425755721858055,3.605168154497062,True
-0.9649278000000003,-0.7377610499999996,0.00015610102927958794,5.1864592350796475,True
-0.9649278000000003,-0.6606951499999996,0.00023788301861700587,4.135655133727283,True
-0.9649278000000003,-0.5836292499999995,0.0001502545683031398,5.281674241649897,True
-0.9649278000000003,-0.5065633499999995,0.00015102753417646847,5.2688753201603244,True
-0.9649278000000003,-0.4294974499999995,0.00010026940626159686,6.290560326967811,True
-0.9649278000000003,-0.3524315499999995,0.00039393338342118484,2.8775037086996744,True
-0.9649278000000003,-0.27536564999999946,0.00028695998751265383,3.667807584178935,True
-0.9649278000000003,-0.19829974999999966,0.0001977997140860783,4.595920655178203,True
-0.9649278000000003,-0.12123384999999987,0.00023226200179263457,4.195302211911903,True
-0.9649278000000003,-0.044167949999999845,0.00014209089882439235,5.421017964258674,True
-0.9649278000000003,0.032897950000000176,0.0003348242365037236,3.2830235565767274,True
-0.9649278000000003,0.1099638500000002,0.0004986310922944832,2.289626193055247,True
-0.9649278000000003,0.18702975000000022,0.00024906262118560565,4.0211018239990155,True
-0.9649278000000003,0.26409565000000024,0.00028212378716758655,3.71020349508925,True
-0.9649278000000003,0.34116155000000026,0.0002475678493497882,4.0361169261543335,True
-0.9649278000000003,0.4182274500000003,0.00030613560294577796,3.506460379475381,True
-0.9649278000000003,0.4952933500000003,0.0003188915288212699,3.404634338333763,True
-0.9649278000000003,0.5723592500000003,0.00016113702448506008,5.107259824179279,True
-0.9649278000000003,0.6494251500000003,0.00026322532574011816,3.883149769264209,True
-0.9649278000000003,0.7264910500000004,0.0003622229642111301,3.0868332888065906,True
-0.9649278000000003,0.8035569500000004,0.00040579068332992834,2.803532468294659,True
-0.9649278000000003,0.8806228500000004,0.00036333634665097915,3.0791780767765053,True
-0.9649278000000003,0.9576887500000004,0.0002191011738900225,4.340803099827277,True
-0.9649278000000003,1.0347546500000004,0.00021562064665847636,4.380744962255691,True
-0.9649278000000003,1.1118205500000005,0.0003142369021264195,3.4413107044817344,True
-0.9649278000000003,1.1888864500000005,0.0002155320044471853,4.381770602284554,True
-0.9649278000000003,1.2659523500000005,0.00024396947992231212,4.072637907314895,True
-0.9649278000000003,1.3430182500000005,7.502915411455361e-05,7.013878332545973,True
-0.9649278000000003,1.4200841500000005,0.00010233915550040004,6.2395966820511095,True
-0.9649278000000003,1.4971500500000006,9.997766964617859e-05,6.297828253018704,True
-0.9649278000000003,1.5742159500000006,9.047235803033182e-05,6.547018907566284,True
-0.9649278000000003,1.6512818500000006,8.435778304398483e-05,6.721565982004044,True
-0.9649278000000003,1.7283477500000006,4.536602939973694e-05,8.268813065009923,True
-0.9649278000000003,1.8054136500000006,3.205660464462121e-05,9.134997996133649,True
-0.9649278000000003,1.8824795500000007,0.00010107485162320508,6.270603817227135,True
-0.9649278000000003,1.9595454500000007,0.00016913388087986785,4.986445255285853,True
-0.9649278000000003,2.0366113500000007,0.00010337403736602517,6.214499917800805,True
-0.9649278000000003,2.1136772500000007,0.00010722361303991271,6.123300271750035,True
-0.9649278000000003,2.1907431500000007,3.809484356439301e-05,8.7045357387843,True
-0.9649278000000003,2.2678090500000008,7.260143845303047e-05,7.095922184971587,True
-0.9649278000000003,2.344874950000001,7.866606820516733e-05,6.895808433893726,True
-0.9649278000000003,2.421940850000001,7.978791120410098e-05,6.860488358376721,True
-0.9649278000000003,2.499006750000001,7.977276166708291e-05,6.8609620098999775,True
-0.9649278000000003,2.576072650000001,2.0188049516966303e-05,10.288411215285537,True
-0.9649278000000003,2.653138550000001,1.9037048872969566e-05,10.434838380686848,True
-0.9649278000000003,2.730204450000001,1.0646835583865386e-05,11.884359264941981,True
-0.9649278000000003,2.807270350000001,1.1829947195797887e-06,17.364954363056142,False
-0.9649278000000003,2.884336250000001,2.917853040966308e-08,26.5999224987652,False
-0.9649278000000003,2.961402150000001,2.8225069555848376e-09,32.42621823392928,False
-0.9649278000000003,3.038468050000001,6.961782194276772e-12,47.404586091150335,False
-0.9649278000000003,3.115533950000001,0.0,,False
-0.9649278000000003,3.192599850000001,6.961782194276772e-12,47.404586091150335,False
-0.9649278000000003,3.269665750000001,2.808583391196284e-09,32.438553378750335,False
-0.9649278000000003,3.346731650000001,2.075278023607423e-08,27.449875807950338,False
-0.9649278000000003,3.423797550000001,5.617166782392568e-09,30.70960948228901,False
-0.9649278000000003,3.5008634500000007,1.135878954107442e-06,17.46633018108533,False
-0.9649278000000003,3.5779293500000002,9.505332501193357e-06,12.167241634652175,True
-0.9649278000000003,3.6549952500000003,9.505339462975551e-06,12.167239807778996,True
-0.9649278000000003,3.7320611500000003,1.1386875374986383e-06,17.46017027143138,False
-0.9649278000000003,3.80912705,2.6376908800661072e-08,26.85171157720487,False
-0.8821546000000005,-3.82039705,0.0,,False
-0.8821546000000005,-3.74333115,0.0,,False
-0.8821546000000005,-3.66626525,0.0,,False
-0.8821546000000005,-3.58919935,6.961782194276772e-12,47.404586091150335,False
-0.8821546000000005,-3.51213345,2.6369947018466797e-08,26.852370006723515,False
-0.8821546000000005,-3.43506755,9.526092243211624e-06,12.161799913822074,True
-0.8821546000000005,-3.35800165,7.027023078749856e-05,7.177328636678426,True
-0.8821546000000005,-3.28093575,2.1297551562273085e-05,10.15496086081377,True
-0.8821546000000005,-3.20386985,8.701197431219036e-05,6.644294685407276,True
-0.8821546000000005,-3.1268039499999998,1.4048834394058734e-05,11.192737209576448,True
-0.8821546000000005,-3.0497380499999998,1.9084164638441917e-05,10.428672640919542,True
-0.8821546000000005,-2.9726721499999997,1.9071858493726013e-05,10.430281597650781,True
-0.8821546000000005,-2.8956062499999997,1.5219516007140428e-05,10.993092525534907,True
-0.8821546000000005,-2.8185403499999997,9.887767908576087e-05,6.325423961371644,True
-0.8821546000000005,-2.7414744499999997,4.989548141386414e-05,8.031434645174098,True
-0.8821546000000005,-2.6644085499999997,0.00010951220852491038,6.0706209811435325,True
-0.8821546000000005,-2.5873426499999996,0.00017594070796899235,4.888027487046706,True
-0.8821546000000005,-2.5102767499999996,0.00023122647642014976,4.206447927583419,True
-0.8821546000000005,-2.4332108499999996,0.000354532763813888,3.140359756653014,True
-0.8821546000000005,-2.3561449499999996,0.0004437014977995481,2.580751682899982,True
-0.8821546000000005,-2.2790790499999996,0.00035738165854495813,3.1203962713446836,True
-0.8821546000000005,-2.2020131499999995,0.0002794560856696523,3.7339016427218743,True
-0.8821546000000005,-2.1249472499999995,0.0002320977079470563,4.197067242424812,True
-0.8821546000000005,-2.04788135,0.00035964782017173716,3.1046295732433418,True
-0.8821546000000005,-1.97081545,0.0005769444035921829,1.9257535993615724,True
-0.8821546000000005,-1.89374955,0.00039769211615307387,2.85381669179772,True
-0.8821546000000005,-1.8166836499999999,0.00032752630726606244,3.337992167439823,True
-0.8821546000000005,-1.7396177499999999,0.00048071775462128405,2.380884618594946,True
-0.8821546000000005,-1.6625518499999998,0.0006068924639870865,1.799525819296226,True
-0.8821546000000005,-1.5854859499999998,0.0002858411262964013,3.6775520571183455,True
-0.8821546000000005,-1.5084200499999998,0.0004173284105244387,2.7336011893517775,True
-0.8821546000000005,-1.4313541499999998,0.00020481700344191685,4.508963164555566,True
-0.8821546000000005,-1.3542882499999997,0.0001618792078984833,5.095797489187053,True
-0.8821546000000005,-1.2772223499999997,0.00020248069680438277,4.537579108976002,True
-0.8821546000000005,-1.2001564499999997,0.00019847465910597108,4.587423799045183,True
-0.8821546000000005,-1.1230905499999997,0.0002452782238243326,4.059293098799823,True
-0.8821546000000005,-1.0460246499999997,0.00024978405181879277,4.013887207720086,True
-0.8821546000000005,-0.9689587499999996,0.00027934397259790243,3.734902530187188,True
-0.8821546000000005,-0.8918928499999996,0.00019178899407296284,4.672893942713583,True
-0.8821546000000005,-0.8148269499999996,0.0002604342141808296,3.909739731691161,True
-0.8821546000000005,-0.7377610499999996,0.00015721506275696162,5.168721310397565,True
-0.8821546000000005,-0.6606951499999996,0.00014762674002017053,5.325684146719368,True
-0.8821546000000005,-0.5836292499999995,0.00024130012519352412,4.100079733958682,True
-0.8821546000000005,-0.5065633499999995,0.0001788384134670817,4.847280895681598,True
-0.8821546000000005,-0.4294974499999995,0.00027089258670280565,3.8115323987667575,True
-0.8821546000000005,-0.3524315499999995,0.000323870694928494,3.365988708208559,True
-0.8821546000000005,-0.27536564999999946,0.00030561000893752606,3.5107465069678376,True
-0.8821546000000005,-0.19829974999999966,0.00023688125890125515,4.146181333524657,True
-0.8821546000000005,-0.12123384999999987,0.00014497641522294295,5.37087155236202,True
-0.8821546000000005,-0.044167949999999845,0.0002107115698677497,4.438190500652907,True
-0.8821546000000005,0.032897950000000176,0.00021741571182862712,4.3600652838170575,True
-0.8821546000000005,0.1099638500000002,0.00018965132002531104,4.7008518638539645,True
-0.8821546000000005,0.18702975000000022,0.0002197760910627865,4.3331313722511045,True
-0.8821546000000005,0.26409565000000024,0.00042644934587385665,2.6796732709675806,True
-0.8821546000000005,0.34116155000000026,0.0003056314475641977,3.510571534549112,True
-0.8821546000000005,0.4182274500000003,0.000311817792376142,3.4605873247545786,True
-0.8821546000000005,0.4952933500000003,0.0002192852244390249,4.338708671480167,True
-0.8821546000000005,0.5723592500000003,0.00026721357862643787,3.845640298348532,True
-0.8821546000000005,0.6494251500000003,0.00027038159048920374,3.816242019536235,True
-0.8821546000000005,0.7264910500000004,0.00034573656276294814,3.2030266725909264,True
-0.8821546000000005,0.8035569500000004,0.00016574719088241808,5.036898033516942,True
-0.8821546000000005,0.8806228500000004,0.0002794061961296997,3.7343469811133625,True
-0.8821546000000005,0.9576887500000004,0.0002892475042247182,3.6480026641980317,True
-0.8821546000000005,1.0347546500000004,0.0002675640596815387,3.842370832492718,True
-0.8821546000000005,1.1118205500000005,0.00017275023627488195,4.933674438979396,True
-0.8821546000000005,1.1888864500000005,0.0001342919823202765,5.561824843885311,True
-0.8821546000000005,1.2659523500000005,0.00011908151525370543,5.861664672890846,True
-0.8821546000000005,1.3430182500000005,8.783892650414455e-05,6.62070070566742,True
-0.8821546000000005,1.4200841500000005,4.538573125416848e-05,8.267730042486262,True
-0.8821546000000005,1.4971500500000006,2.2580450673837513e-05,10.009060995037986,True
-0.8821546000000005,1.5742159500000006,2.1414307454604902e-05,10.14132392330895,True
-0.8821546000000005,1.6512818500000006,9.768803019715855e-05,6.355616649669447,True
-0.8821546000000005,1.7283477500000006,0.00014399913636802726,5.387742694795057,True
-0.8821546000000005,1.8054136500000006,3.593982762494556e-05,8.849788190888011,True
-0.8821546000000005,1.8824795500000007,8.665029373243579e-05,6.654684451849154,True
-0.8821546000000005,1.9595454500000007,0.00012283791032245285,5.784196937343346,True
-0.8821546000000005,2.0366113500000007,3.31745045929728e-05,9.049496024398538,True
-0.8821546000000005,2.1136772500000007,7.988106396211237e-05,6.857577904878852,True
-0.8821546000000005,2.1907431500000007,7.480812247536373e-05,7.021237358322278,True
-0.8821546000000005,2.2678090500000008,3.578440956444376e-05,8.860598090531424,True
-0.8821546000000005,2.344874950000001,2.1300367107446475e-05,10.154631129983834,True
-0.8821546000000005,2.421940850000001,1.178270061440844e-05,11.63150892445459,True
-0.8821546000000005,2.499006750000001,9.555270773621289e-06,12.154171402507998,True
-0.8821546000000005,2.576072650000001,9.555263811839093e-06,12.154173219834801,True
-0.8821546000000005,2.653138550000001,7.026181199910715e-05,7.177627491089413,True
-0.8821546000000005,2.730204450000001,7.024105921887108e-05,7.178364336743532,True
-0.8821546000000005,2.807270350000001,9.526092243211624e-06,12.161799913822074,True
-0.8821546000000005,2.884336250000001,8.39302187249538e-06,12.477667898090859,True
-0.8821546000000005,2.961402150000001,1.1330634089340514e-06,17.47252066635034,False
-0.8821546000000005,3.038468050000001,2.808583391196284e-09,32.438553378750335,False
-0.8821546000000005,3.115533950000001,0.0,,False
-0.8821546000000005,3.192599850000001,2.808583391196284e-09,32.438553378750335,False
-0.8821546000000005,3.269665750000001,1.1330634089340514e-06,17.47252066635034,False
-0.8821546000000005,3.346731650000001,8.372269092259306e-06,12.48384309555034,True
-0.8821546000000005,3.423797550000001,1.1538161891701255e-06,17.427248597192733,False
-0.8821546000000005,3.5008634500000007,8.375084637432696e-06,12.483004405007637,True
-0.8821546000000005,3.5779293500000002,6.186597458143838e-05,7.495052284515208,True
-0.8821546000000005,3.6549952500000003,8.39302187249538e-06,12.477667898090859,True
-0.8821546000000005,3.7320611500000003,2.3561363627270515e-08,27.133274347052172,False
-0.8821546000000005,3.80912705,6.961782194276772e-12,47.404586091150335,False
-0.7993814000000006,-3.82039705,0.0,,False
-0.7993814000000006,-3.74333115,0.0,,False
-0.7993814000000006,-3.66626525,6.961782194276772e-12,47.404586091150335,False
-0.7993814000000006,-3.58919935,2.808583391196284e-09,32.438553378750335,False
-0.7993814000000006,-3.51213345,2.3575287191659068e-08,27.131800755395062,False
-0.7993814000000006,-3.43506755,1.1414891591076403e-06,17.45404074912868,False
-0.7993814000000006,-3.35800165,8.437363863487501e-06,12.46452450309063,True
-0.7993814000000006,-3.28093575,1.0652438827083389e-05,11.883046883408653,True
-0.7993814000000006,-3.20386985,7.030053682331688e-05,7.17625311403557,True
-0.7993814000000006,-3.1268039499999998,9.54575232695e-06,12.156657367008352,True
-0.7993814000000006,-3.0497380499999998,9.596797219440019e-06,12.143354692084316,True
-0.7993814000000006,-2.9726721499999997,7.144762922564253e-05,7.135881522491331,True
-0.7993814000000006,-2.8956062499999997,3.696461658597894e-05,8.779659702663936,True
-0.7993814000000006,-2.8185403499999997,0.0001596077955984384,5.131044737216084,True
-0.7993814000000006,-2.7414744499999997,0.00016188235512826232,5.095748995121041,True
-0.7993814000000006,-2.6644085499999997,0.00010959522660763688,6.068730810383986,True
-0.7993814000000006,-2.5873426499999996,0.0001358630275666293,5.532813623483405,True
-0.7993814000000006,-2.5102767499999996,0.00026183475448570234,3.896361834145732,True
-0.7993814000000006,-2.4332108499999996,0.0002714012526311062,3.806853070204099,True
-0.7993814000000006,-2.3561449499999996,0.0002598075895803046,3.915748532942979,True
-0.7993814000000006,-2.2790790499999996,0.0005306461287225924,2.1344063676809535,True
-0.7993814000000006,-2.2020131499999995,0.000340692682761432,3.2396841199172592,True
-0.7993814000000006,-2.1249472499999995,0.0003252085332506551,3.3557063679449377,True
-0.7993814000000006,-2.04788135,0.00048671222543910145,2.349972960428721,True
-0.7993814000000006,-1.97081545,0.00038930193767288063,2.9070032195159174,True
-0.7993814000000006,-1.89374955,0.00028845268392984334,3.6548662670858993,True
-0.7993814000000006,-1.8166836499999999,0.00042112968723318763,2.710984109459752,True
-0.7993814000000006,-1.7396177499999999,0.00043578417898120446,2.625662042269295,True
-0.7993814000000006,-1.6625518499999998,0.0006575091629381575,1.5997116115893089,True
-0.7993814000000006,-1.5854859499999998,0.0006576545772921159,1.5991600260286434,True
-0.7993814000000006,-1.5084200499999998,0.00048149288687626435,2.3768658668117837,True
-0.7993814000000006,-1.4313541499999998,0.0005282864896149787,2.1455227484316506,True
-0.7993814000000006,-1.3542882499999997,0.00034983804360798213,3.17361041378426,True
-0.7993814000000006,-1.2772223499999997,0.0003107498446237828,3.4691448724136937,True
-0.7993814000000006,-1.2001564499999997,0.00010726090652123694,6.122432865766261,True
-0.7993814000000006,-1.1230905499999997,0.0002037080335149547,4.522505313726044,True
-0.7993814000000006,-1.0460246499999997,0.00041203039122630534,2.7654697479450396,True
-0.7993814000000006,-0.9689587499999996,0.0003752094958667407,2.998971252296584,True
-0.7993814000000006,-0.8918928499999996,0.0002890237809382868,3.6499326984663876,True
-0.7993814000000006,-0.8148269499999996,0.00029337020039430796,3.6127013936845627,True
-0.7993814000000006,-0.7377610499999996,0.00039970027201225784,2.841253161694499,True
-0.7993814000000006,-0.6606951499999996,0.0002130343796302368,4.410844245090517,True
-0.7993814000000006,-0.5836292499999995,0.000248068117375044,4.031081624255265,True
-0.7993814000000006,-0.5065633499999995,0.00040467837270123034,2.810379074624401,True
-0.7993814000000006,-0.4294974499999995,0.00035839700559512743,3.113319722815154,True
-0.7993814000000006,-0.3524315499999995,0.0003714904817764607,3.023818066473697,True
-0.7993814000000006,-0.27536564999999946,0.0004254244525298873,2.685675175139295,True
-0.7993814000000006,-0.19829974999999966,0.000463879537909512,2.4698212836906874,True
-0.7993814000000006,-0.12123384999999987,0.0002120337265345481,4.422588115787154,True
-0.7993814000000006,-0.044167949999999845,0.0004310797323204264,2.6527357243555656,True
-0.7993814000000006,0.032897950000000176,0.0002628176296220538,3.8870161168055657,True
-0.7993814000000006,0.1099638500000002,0.0003001602525188924,3.5556278965683927,True
-0.7993814000000006,0.18702975000000022,0.0002042942249788383,4.515337896979368,True
-0.7993814000000006,0.26409565000000024,0.0004584278985650092,2.499309051637341,True
-0.7993814000000006,0.34116155000000026,0.0002963095076127,3.587834712267204,True
-0.7993814000000006,0.4182274500000003,0.0005141810070852118,2.213027969861472,True
-0.7993814000000006,0.4952933500000003,0.0005916056956628511,1.8631595375788925,True
-0.7993814000000006,0.5723592500000003,0.0003788082999914077,2.9751609260099294,True
-0.7993814000000006,0.6494251500000003,0.0004975166784000285,2.2952071460852133,True
-0.7993814000000006,0.7264910500000004,0.0003586785727263497,3.1113608669471553,True
-0.7993814000000006,0.8035569500000004,0.00047011577922319097,2.4365116311365247,True
-0.7993814000000006,0.8806228500000004,0.00026435566467593,3.8724615427606355,True
-0.7993814000000006,0.9576887500000004,0.000302310737026273,3.537821031878413,True
-0.7993814000000006,1.0347546500000004,0.00026207935445030165,3.8940327683216593,True
-0.7993814000000006,1.1118205500000005,0.00032826108246035326,3.3324026149069743,True
-0.7993814000000006,1.1888864500000005,0.0002679813096240679,3.838484092040485,True
-0.7993814000000006,1.2659523500000005,0.00012868046305722987,5.668293452755762,True
-0.7993814000000006,1.3430182500000005,0.0001240321672227262,5.760063558575106,True
-0.7993814000000006,1.4200841500000005,0.00020923404387292478,4.455742609698461,True
-0.7993814000000006,1.4971500500000006,0.00011457779607263652,5.957831976079142,True
-0.7993814000000006,1.5742159500000006,4.0448519897054494e-05,8.554997338798572,True
-0.7993814000000006,1.6512818500000006,0.00010226459797675813,6.24141455418722,True
-0.7993814000000006,1.7283477500000006,0.0001189827244435651,5.863734851627747,True
-0.7993814000000006,1.8054136500000006,0.00010234475874361805,6.239460116489152,True
-0.7993814000000006,1.8824795500000007,6.436439521918993e-05,7.396300748368608,True
-0.7993814000000006,1.9595454500000007,0.0002688198347959747,3.8306913830205196,True
-0.7993814000000006,2.0366113500000007,5.484780749908521e-05,7.795390957357464,True
-0.7993814000000006,2.1136772500000007,2.032662303890312e-05,10.271348228645012,True
-0.7993814000000006,2.1907431500000007,2.7438510419202923e-05,9.52300665913133,True
-0.7993814000000006,2.2678090500000008,0.00013326367249643517,5.580998168464403,True
-0.7993814000000006,2.344874950000001,7.863689663653986e-05,6.896733575717541,True
-0.7993814000000006,2.421940850000001,8.440151561532115e-06,12.46370051173375,True
-0.7993814000000006,2.499006750000001,4.7129689036735305e-08,25.4039619710535,False
-0.7993814000000006,2.576072650000001,1.1386875374986383e-06,17.46017027143138,False
-0.7993814000000006,2.653138550000001,9.505339462975551e-06,12.167239807778996,True
-0.7993814000000006,2.730204450000001,9.52608528142943e-06,12.16180173671537,True
-0.7993814000000006,2.807270350000001,9.508141084584553e-06,12.16650473000358,True
-0.7993814000000006,2.884336250000001,6.186597458143838e-05,7.495052284515208,True
-0.7993814000000006,2.961402150000001,8.372269092259306e-06,12.48384309555034,True
-0.7993814000000006,3.038468050000001,2.075278023607423e-08,27.449875807950338,False
-0.7993814000000006,3.115533950000001,0.0,,False
-0.7993814000000006,3.192599850000001,2.075278023607423e-08,27.449875807950338,False
-0.7993814000000006,3.269665750000001,8.372269092259306e-06,12.48384309555034,True
-0.7993814000000006,3.346731650000001,6.186316599804719e-05,7.495165524750339,True
-0.7993814000000006,3.423797550000001,8.3750776756505e-06,12.483006478425555,True
-0.7993814000000006,3.5008634500000007,1.1538161891701255e-06,17.427248597192733,False
-0.7993814000000006,3.5779293500000002,8.372269092259306e-06,12.48384309555034,True
-0.7993814000000006,3.6549952500000003,1.1330634089340514e-06,17.47252066635034,False
-0.7993814000000006,3.7320611500000003,2.808583391196284e-09,32.438553378750335,False
-0.7993814000000006,3.80912705,0.0,,False
-0.7166082000000005,-3.82039705,0.0,,False
-0.7166082000000005,-3.74333115,0.0,,False
-0.7166082000000005,-3.66626525,2.808583391196284e-09,32.438553378750335,False
-0.7166082000000005,-3.58919935,1.1330703707162456e-06,17.472505340650244,False
-0.7166082000000005,-3.51213345,8.377900182606087e-06,12.482165996369462,True
-0.7166082000000005,-3.43506755,2.2924967648865697e-06,15.714718798136275,True
-0.7166082000000005,-3.35800165,8.425022909860628e-06,12.468175531286105,True
-0.7166082000000005,-3.28093575,3.4104315221491335e-06,14.723974128879407,True
-0.7166082000000005,-3.20386985,1.6791681797119737e-05,10.747886350358963,True
-0.7166082000000005,-3.1268039499999998,3.4311773406030136e-06,14.708846909757233,True
-0.7166082000000005,-3.0497380499999998,1.7927553789444982e-05,10.58461887014991,True
-0.7166082000000005,-2.9726721499999997,8.090863365940817e-05,6.825695988518465,True
-0.7166082000000005,-2.8956062499999997,9.157340647833622e-05,6.516846040377106,True
-0.7166082000000005,-2.8185403499999997,0.00011059922101774099,6.045984373502399,True
-0.7166082000000005,-2.7414744499999997,0.0001262455123758642,5.715944749403344,True
-0.7166082000000005,-2.6644085499999997,0.00011410950819939942,5.968047411879603,True
-0.7166082000000005,-2.5873426499999996,0.00019045390110927052,4.690318401065823,True
-0.7166082000000005,-2.5102767499999996,0.00019152192544123392,4.676369762056924,True
-0.7166082000000005,-2.4332108499999996,5.9520385352562705e-05,7.591462170336219,True
-0.7166082000000005,-2.3561449499999996,5.573982661513882e-05,7.755150542534745,True
-0.7166082000000005,-2.2790790499999996,0.0002346274312663207,4.170027564231777,True
-0.7166082000000005,-2.2020131499999995,0.000366315520122554,3.0588091595662688,True
-0.7166082000000005,-2.1249472499999995,0.00038190124117973376,2.9548775319892937,True
-0.7166082000000005,-2.04788135,0.00025116232389027493,4.000161642165701,True
-0.7166082000000005,-1.97081545,0.00014189701959834225,5.424423746807724,True
-0.7166082000000005,-1.89374955,0.00038881518679533884,2.9101238853202505,True
-0.7166082000000005,-1.8166836499999999,0.0002918177155734136,3.6259362267420756,True
-0.7166082000000005,-1.7396177499999999,0.00035822544135191285,3.1145140458677933,True
-0.7166082000000005,-1.6625518499999998,0.0005305121966070901,2.135036004303704,True
-0.7166082000000005,-1.5854859499999998,0.0004775339370961962,2.397459697626774,True
-0.7166082000000005,-1.5084200499999998,0.0006354499740129209,1.6848317496388687,True
-0.7166082000000005,-1.4313541499999998,0.0007250931944583032,1.3556617865359462,True
-0.7166082000000005,-1.3542882499999997,0.0006677633608689254,1.561111318302983,True
-0.7166082000000005,-1.2772223499999997,0.0006955047038467324,1.4595819668434027,True
-0.7166082000000005,-1.2001564499999997,0.00038775679982922656,2.916922938954891,True
-0.7166082000000005,-1.1230905499999997,0.00021908005461626986,4.341043542001676,True
-0.7166082000000005,-1.0460246499999997,0.00036665153607292467,3.056522187268803,True
-0.7166082000000005,-0.9689587499999996,0.0003437818396060188,3.2171691663373316,True
-0.7166082000000005,-0.8918928499999996,0.00034879077205625473,3.181088639555739,True
-0.7166082000000005,-0.8148269499999996,0.000638886700316632,1.6713778788218978,True
-0.7166082000000005,-0.7377610499999996,0.00042264016918417617,2.7020535753548818,True
-0.7166082000000005,-0.6606951499999996,0.0001965231653060596,4.612070650136446,True
-0.7166082000000005,-0.5836292499999995,0.0003412710780146404,3.235453062074375,True
-0.7166082000000005,-0.5065633499999995,0.0003167106617422639,3.421751468417881,True
-0.7166082000000005,-0.4294974499999995,0.00012133823359926978,5.8148366943001895,True
-0.7166082000000005,-0.3524315499999995,0.00026778401950957746,3.840321121725062,True
-0.7166082000000005,-0.27536564999999946,0.0005603356303462098,1.9986131442531356,True
-0.7166082000000005,-0.19829974999999966,0.0002991314787803808,3.564191714902708,True
-0.7166082000000005,-0.12123384999999987,0.0003972586727095042,2.8565367467114586,True
-0.7166082000000005,-0.044167949999999845,0.0006870297217790973,1.4901631095321,True
-0.7166082000000005,0.032897950000000176,0.0004775305331695381,2.3974774776752428,True
-0.7166082000000005,0.1099638500000002,0.0006201588064866835,1.7455883142403246,True
-0.7166082000000005,0.18702975000000022,0.00044074490993125255,2.5974282371792747,True
-0.7166082000000005,0.26409565000000024,0.0006574833251094839,1.5998096323746516,True
-0.7166082000000005,0.34116155000000026,0.0004056253246349812,2.804549112304565,True
-0.7166082000000005,0.4182274500000003,0.00038613615484780627,2.9273699743475916,True
-0.7166082000000005,0.4952933500000003,0.0005983945715933487,1.8346991401779484,True
-0.7166082000000005,0.5723592500000003,0.0005071100792234752,2.247567723853235,True
-0.7166082000000005,0.6494251500000003,0.0004820902842139044,2.373773011757452,True
-0.7166082000000005,0.7264910500000004,0.0003772372338597083,2.985527436099163,True
-0.7166082000000005,0.8035569500000004,0.00046791700971803333,2.4482052225893343,True
-0.7166082000000005,0.8806228500000004,0.00032365716201160507,3.3676338064082856,True
-0.7166082000000005,0.9576887500000004,0.00044779959555947356,2.55781931351354,True
-0.7166082000000005,1.0347546500000004,0.00043943513598877423,2.6048517691519377,True
-0.7166082000000005,1.1118205500000005,0.0002403701770740639,4.109711253834315,True
-0.7166082000000005,1.1888864500000005,0.0002858382210933243,3.677577408954992,True
-0.7166082000000005,1.2659523500000005,0.00020222257969206955,4.5407608554510555,True
-0.7166082000000005,1.3430182500000005,0.00017383277994788843,4.9180923745078555,True
-0.7166082000000005,1.4200841500000005,8.688362455455938e-05,6.647976754864786,True
-0.7166082000000005,1.4971500500000006,0.00026677585319914075,3.849729651770693,True
-0.7166082000000005,1.5742159500000006,0.0001842412002738721,4.773041665579859,True
-0.7166082000000005,1.6512818500000006,0.00017987214637306894,4.832904473530882,True
-0.7166082000000005,1.7283477500000006,0.00020602212659036066,4.494329728681551,True
-0.7166082000000005,1.8054136500000006,0.00024999258322863025,4.011805685787122,True
-0.7166082000000005,1.8824795500000007,0.00011291808772964604,5.994227784864254,True
-0.7166082000000005,1.9595454500000007,0.00012399168474092978,5.760877811112282,True
-0.7166082000000005,2.0366113500000007,0.00016293348618918538,5.079605163493094,True
-0.7166082000000005,2.1136772500000007,9.044595327440237e-05,6.547746997573609,True
-0.7166082000000005,2.1907431500000007,2.0237987789394235e-05,10.282248700161507,True
-0.7166082000000005,2.2678090500000008,1.9042659077969767e-05,10.434103409082269,True
-0.7166082000000005,2.344874950000001,1.0661971197319069e-05,11.880815814159853,True
-0.7166082000000005,2.421940850000001,1.1414891591076403e-06,17.45404074912868,False
-0.7166082000000005,2.499006750000001,2.822506955584838e-09,32.42621823392928,False
-0.7166082000000005,2.576072650000001,2.8155451733905604e-09,32.43237818129086,False
-0.7166082000000005,2.653138550000001,2.3561363627270515e-08,27.133274347052172,False
-0.7166082000000005,2.730204450000001,2.6369947018466797e-08,26.852370006723515,False
-0.7166082000000005,2.807270350000001,1.135878954107442e-06,17.46633018108533,False
-0.7166082000000005,2.884336250000001,8.372276054041499e-06,12.483841021436866,True
-0.7166082000000005,2.961402150000001,1.1330634089340514e-06,17.47252066635034,False
-0.7166082000000005,3.038468050000001,2.808583391196284e-09,32.438553378750335,False
-0.7166082000000005,3.115533950000001,0.0,,False
-0.7166082000000005,3.192599850000001,2.808583391196284e-09,32.438553378750335,False
-0.7166082000000005,3.269665750000001,1.1330634089340514e-06,17.47252066635034,False
-0.7166082000000005,3.346731650000001,8.372269092259306e-06,12.48384309555034,True
-0.7166082000000005,3.423797550000001,1.1330703707162456e-06,17.472505340650244,False
-0.7166082000000005,3.5008634500000007,5.617166782392568e-09,30.70960948228901,False
-0.7166082000000005,3.5779293500000002,2.075278023607423e-08,27.449875807950338,False
-0.7166082000000005,3.6549952500000003,2.808583391196284e-09,32.438553378750335,False
-0.7166082000000005,3.7320611500000003,6.961782194276772e-12,47.404586091150335,False
-0.7166082000000005,3.80912705,0.0,,False
-0.6338350000000006,-3.82039705,0.0,,False
-0.6338350000000006,-3.74333115,0.0,,False
-0.6338350000000006,-3.66626525,2.075278023607423e-08,27.449875807950338,False
-0.6338350000000006,-3.58919935,8.3750776756505e-06,12.483006478425555,True
-0.6338350000000006,-3.51213345,6.30197907706085e-05,7.4489607166642315,True
-0.6338350000000006,-3.43506755,2.6249870685711964e-05,9.633472078020667,True
-0.6338350000000006,-3.35800165,7.141281960488609e-05,7.137097072205573,True
-0.6338350000000006,-3.28093575,1.9016282169169105e-05,10.43756083354225,True
-0.6338350000000006,-3.20386985,7.030331755957931e-05,7.176154452468393,True
-0.6338350000000006,-3.1268039499999998,1.9019097714342496e-05,10.43719154980893,True
-0.6338350000000006,-3.0497380499999998,7.144199813529575e-05,7.136078119645691,True
-0.6338350000000006,-2.9726721499999997,2.8563134154399e-05,9.422810680515763,True
-0.6338350000000006,-2.8956062499999997,8.934598359933126e-05,6.578268180047718,True
-0.6338350000000006,-2.8185403499999997,0.0001083387044048731,6.09749390184402,True
-0.6338350000000006,-2.7414744499999997,0.00022490212501352421,4.275621778868266,True
-0.6338350000000006,-2.6644085499999997,0.00015477664549289793,5.207711850489791,True
-0.6338350000000006,-2.5873426499999996,0.000269021199389644,3.828823650707294,True
-0.6338350000000006,-2.5102767499999996,0.00018930399316177148,4.705424176627427,True
-0.6338350000000006,-2.4332108499999996,9.059581682416153e-05,6.543617447250938,True
-0.6338350000000006,-2.3561449499999996,8.226396059587665e-05,6.784258609795803,True
-0.6338350000000006,-2.2790790499999996,0.00013102571363971782,5.623242475637651,True
-0.6338350000000006,-2.2020131499999995,0.00032277357560750724,3.3744526814472144,True
-0.6338350000000006,-2.1249472499999995,0.000438796343174057,2.608480347749681,True
-0.6338350000000006,-2.04788135,0.0003480334530293779,3.186510411352419,True
-0.6338350000000006,-1.97081545,0.00035044887459574674,3.169258997897694,True
-0.6338350000000006,-1.89374955,0.00039822388094447905,2.8504836723682607,True
-0.6338350000000006,-1.8166836499999999,0.00046513485607106,2.4630803963495658,True
-0.6338350000000006,-1.7396177499999999,0.00048066729754139625,2.3811464430349965,True
-0.6338350000000006,-1.6625518499999998,0.00028516740620307087,3.6834380880389332,True
-0.6338350000000006,-1.5854859499999998,0.00037005584554439594,3.0334694479972826,True
-0.6338350000000006,-1.5084200499999998,0.0004976884297660973,2.294346205773375,True
-0.6338350000000006,-1.4313541499999998,0.000539245765862023,2.094307231434538,True
-0.6338350000000006,-1.3542882499999997,0.0006340253402260762,1.6904301583064643,True
-0.6338350000000006,-1.2772223499999997,0.0007692112109468363,1.2083326740573281,True
-0.6338350000000006,-1.2001564499999997,0.0005208718392938968,2.1807795009844564,True
-0.6338350000000006,-1.1230905499999997,0.0006801215519933206,1.5153709454436102,True
-0.6338350000000006,-1.0460246499999997,0.0008500327924008848,0.9591249332367566,True
-0.6338350000000006,-0.9689587499999996,0.0005675491992472799,1.9667068191433608,True
-0.6338350000000006,-0.8918928499999996,0.0004147245453673794,2.749213039558834,True
-0.6338350000000006,-0.8148269499999996,0.0005428103217455546,2.0778732549380523,True
-0.6338350000000006,-0.7377610499999996,0.0004545553986414545,2.5204690985148543,True
-0.6338350000000006,-0.6606951499999996,0.00038942826770614137,2.9061939279222155,True
-0.6338350000000006,-0.5836292499999995,0.0003559413633754178,3.130469096349984,True
-0.6338350000000006,-0.5065633499999995,0.0004596883359712262,2.4924603329984674,True
-0.6338350000000006,-0.4294974499999995,0.0003214028579087866,3.3850679082766977,True
-0.6338350000000006,-0.3524315499999995,0.00038446078512212,2.9382159719223457,True
-0.6338350000000006,-0.27536564999999946,0.0004763128262503555,2.403846186369108,True
-0.6338350000000006,-0.19829974999999966,0.00028925608868173464,3.6479286368476345,True
-0.6338350000000006,-0.12123384999999987,0.00042361682480489905,2.6962961964649677,True
-0.6338350000000006,-0.044167949999999845,0.0007239197460325234,1.3597017484702445,True
-0.6338350000000006,0.032897950000000176,0.0006219683776869926,1.7383206416853565,True
-0.6338350000000006,0.1099638500000002,0.00034180015115880413,3.2315890787258033,True
-0.6338350000000006,0.18702975000000022,0.0004447814408973643,2.574687986763159,True
-0.6338350000000006,0.26409565000000024,0.0005072167213258687,2.2470432350336695,True
-0.6338350000000006,0.34116155000000026,0.0003438418986301673,3.2167334409677792,True
-0.6338350000000006,0.4182274500000003,0.0004285894335953717,2.667187018687256,True
-0.6338350000000006,0.4952933500000003,0.00032269690785632644,3.3750452270435147,True
-0.6338350000000006,0.5723592500000003,0.0005557137657006167,2.0192727354737126,True
-0.6338350000000006,0.6494251500000003,0.00047987470497909255,2.3852628581687054,True
-0.6338350000000006,0.7264910500000004,0.0005923552190917326,1.8600013833093016,True
-0.6338350000000006,0.8035569500000004,0.00048810505923499957,2.3428450570204498,True
-0.6338350000000006,0.8806228500000004,0.00030707693771274636,3.4988023180106547,True
-0.6338350000000006,0.9576887500000004,0.00042571070294726473,2.683997402718013,True
-0.6338350000000006,1.0347546500000004,0.0004795678327502207,2.386858458319081,True
-0.6338350000000006,1.1118205500000005,0.00014520022759839524,5.3670237995310615,True
-0.6338350000000006,1.1888864500000005,0.00030332432641885554,3.5294719852413836,True
-0.6338350000000006,1.2659523500000005,0.00023563321118114032,4.1593579080880385,True
-0.6338350000000006,1.3430182500000005,0.0002191415728304325,4.340343223902377,True
-0.6338350000000006,1.4200841500000005,0.00017732784105672168,4.868439003141978,True
-0.6338350000000006,1.4971500500000006,0.0004451003778679878,2.57290002599531,True
-0.6338350000000006,1.5742159500000006,0.00014982997138337023,5.288732847688173,True
-0.6338350000000006,1.6512818500000006,0.00014315497314399152,5.402408235471212,True
-0.6338350000000006,1.7283477500000006,0.00025567863912997216,3.955707782822851,True
-0.6338350000000006,1.8054136500000006,0.0002656276263296243,3.860488677080438,True
-0.6338350000000006,1.8824795500000007,0.00010231731002366626,6.240129184359013,True
-0.6338350000000006,1.9595454500000007,3.8212664306093756e-05,8.696833087040257,True
-0.6338350000000006,2.0366113500000007,0.00015958140476607336,5.131457205287195,True
-0.6338350000000006,2.1136772500000007,9.989296352368738e-05,6.2999424783652636,True
-0.6338350000000006,2.1907431500000007,7.979914553766578e-05,6.86013717408199,True
-0.6338350000000006,2.2678090500000008,1.0706271417618024e-05,11.870473371124433,True
-0.6338350000000006,2.344874950000001,8.422200402905044e-06,12.469011311581358,True
-0.6338350000000006,2.421940850000001,1.1358859158896364e-06,17.466314893373493,False
-0.6338350000000006,2.499006750000001,2.815545173390561e-09,32.43237818129086,False
-0.6338350000000006,2.576072650000001,0.0,,False
-0.6338350000000006,2.653138550000001,0.0,,False
-0.6338350000000006,2.730204450000001,6.961782194276772e-12,47.404586091150335,False
-0.6338350000000006,2.807270350000001,2.808583391196284e-09,32.438553378750335,False
-0.6338350000000006,2.884336250000001,2.075278023607423e-08,27.449875807950338,False
-0.6338350000000006,2.961402150000001,2.808583391196284e-09,32.438553378750335,False
-0.6338350000000006,3.038468050000001,6.961782194276772e-12,47.404586091150335,False
-0.6338350000000006,3.115533950000001,0.0,,False
-0.6338350000000006,3.192599850000001,6.961782194276772e-12,47.404586091150335,False
-0.6338350000000006,3.269665750000001,2.808583391196284e-09,32.438553378750335,False
-0.6338350000000006,3.346731650000001,2.075278023607423e-08,27.449875807950338,False
-0.6338350000000006,3.423797550000001,2.808583391196284e-09,32.438553378750335,False
-0.6338350000000006,3.5008634500000007,6.961782194276772e-12,47.404586091150335,False
-0.6338350000000006,3.5779293500000002,0.0,,False
-0.6338350000000006,3.6549952500000003,0.0,,False
-0.6338350000000006,3.7320611500000003,0.0,,False
-0.6338350000000006,3.80912705,0.0,,False
-0.5510618000000007,-3.82039705,6.961782194276772e-12,47.404586091150335,False
-0.5510618000000007,-3.74333115,2.808583391196284e-09,32.438553378750335,False
-0.5510618000000007,-3.66626525,2.3561363627270515e-08,27.133274347052172,False
-0.5510618000000007,-3.58919935,1.156624772561322e-06,17.42118433322631,False
-0.5510618000000007,-3.51213345,1.6768106509928074e-05,10.751390827941133,True
-0.5510618000000007,-3.43506755,7.25015688699568e-05,7.099355726680659,True
-0.5510618000000007,-3.35800165,7.863688271297547e-05,6.896734017368869,True
-0.5510618000000007,-3.28093575,1.9052177524641058e-05,10.432856928807228,True
-0.5510618000000007,-3.20386985,7.029099052951683e-05,7.17659184982381,True
-0.5510618000000007,-3.1268039499999998,2.0167303698512426e-05,10.290975787271146,True
-0.5510618000000007,-3.0497380499999998,7.8681203818621e-05,6.895328560969218,True
-0.5510618000000007,-2.9726721499999997,2.0172927827077012e-05,10.290280279011867,True
-0.5510618000000007,-2.8956062499999997,7.145324639242492e-05,7.135685426884276,True
-0.5510618000000007,-2.8185403499999997,2.976688861599706e-05,9.319844912383608,True
-0.5510618000000007,-2.7414744499999997,0.00011566654533770724,5.9342419955875725,True
-0.5510618000000007,-2.6644085499999997,0.00025221719752424403,3.9897074382952304,True
-0.5510618000000007,-2.5873426499999996,0.000321337499478897,3.385575192642195,True
-0.5510618000000007,-2.5102767499999996,0.00013576595960516463,5.534596352152599,True
-0.5510618000000007,-2.4332108499999996,3.318295122849297e-05,9.048861016005372,True
-0.5510618000000007,-2.3561449499999996,3.9357003819285765e-05,8.623232732767526,True
-0.5510618000000007,-2.2790790499999996,0.00013921681095307043,5.4719884713537015,True
-0.5510618000000007,-2.2020131499999995,0.00040361874627231175,2.816918919321931,True
-0.5510618000000007,-2.1249472499999995,0.00035016768834146046,3.1712611595785574,True
-0.5510618000000007,-2.04788135,0.0005498643841833796,2.045667025796243,True
-0.5510618000000007,-1.97081545,0.0004087792448483156,2.785229513329606,True
-0.5510618000000007,-1.89374955,0.0007532596930600302,1.2606028956793687,True
-0.5510618000000007,-1.8166836499999999,0.000477354424941043,2.398397533198189,True
-0.5510618000000007,-1.7396177499999999,0.00021107512504124068,4.433890554706812,True
-0.5510618000000007,-1.6625518499999998,0.0002116092131123679,4.4275870455423,True
-0.5510618000000007,-1.5854859499999998,0.00020833963853898434,4.466427925464251,True
-0.5510618000000007,-1.5084200499999998,0.00042364604510600185,2.696124147546081,True
-0.5510618000000007,-1.4313541499999998,0.000540364855971823,2.089136124725252,True
-0.5510618000000007,-1.3542882499999997,0.0007107573907362226,1.405471341739718,True
-0.5510618000000007,-1.2772223499999997,0.0008709710018918098,0.8984283034185023,True
-0.5510618000000007,-1.2001564499999997,0.0004458904176332842,2.568476574361478,True
-0.5510618000000007,-1.1230905499999997,0.0009352225564221215,0.7208916306153174,True
-0.5510618000000007,-1.0460246499999997,0.0008726059662841864,0.8937503839846165,True
-0.5510618000000007,-0.9689587499999996,0.0005372046415810556,2.1037665832567853,True
-0.5510618000000007,-0.8918928499999996,0.0007596863771339778,1.239411890818325,True
-0.5510618000000007,-0.8148269499999996,0.00036622466456211135,3.0594278957234966,True
-0.5510618000000007,-0.7377610499999996,0.00021973472332381067,4.333600917721745,True
-0.5510618000000007,-0.6606951499999996,0.0005381548326181045,2.0993585708089713,True
-0.5510618000000007,-0.5836292499999995,0.0005079543106511852,2.2434186280903576,True
-0.5510618000000007,-0.5065633499999995,0.0006588200852275941,1.5947434238858598,True
-0.5510618000000007,-0.4294974499999995,0.0004933767573185898,2.316049802689837,True
-0.5510618000000007,-0.3524315499999995,0.00046822103855460314,2.446585053540554,True
-0.5510618000000007,-0.27536564999999946,0.0004988180196305511,2.2886912879973553,True
-0.5510618000000007,-0.19829974999999966,0.0005126549339820291,2.2204420970476555,True
-0.5510618000000007,-0.12123384999999987,0.00046428007474207307,2.4676684759088405,True
-0.5510618000000007,-0.044167949999999845,0.0006048983858537696,1.8077350097176377,True
-0.5510618000000007,0.032897950000000176,0.0005056321658497871,2.254847797898265,True
-0.5510618000000007,0.1099638500000002,0.00046102233623842085,2.4852323274261976,True
-0.5510618000000007,0.18702975000000022,0.000735150607959944,1.3213017800362488,True
-0.5510618000000007,0.26409565000000024,0.0006121259294681212,1.7781083965506215,True
-0.5510618000000007,0.34116155000000026,0.0003414092224308179,3.2344435735048758,True
-0.5510618000000007,0.4182274500000003,0.0004276095263181368,2.6728964902220858,True
-0.5510618000000007,0.4952933500000003,0.00036632752242979306,3.058727434036305,True
-0.5510618000000007,0.5723592500000003,0.0006955042273788484,1.4595836756351959,True
-0.5510618000000007,0.6494251500000003,0.0006271332742834363,1.7176928964493066,True
-0.5510618000000007,0.7264910500000004,0.0004586949671967381,2.4978563353434087,True
-0.5510618000000007,0.8035569500000004,0.00048815896144335623,2.3425696184788025,True
-0.5510618000000007,0.8806228500000004,0.0005963292627145613,1.843323033037339,True
-0.5510618000000007,0.9576887500000004,0.0006041231017447012,1.810933995852876,True
-0.5510618000000007,1.0347546500000004,0.0007142338017178969,1.3933009311511897,True
-0.5510618000000007,1.1118205500000005,0.0003675748300233624,3.0502488927340963,True
-0.5510618000000007,1.1888864500000005,0.0001569053470267601,5.173640037004111,True
-0.5510618000000007,1.2659523500000005,0.00032449845399620987,3.3611586070774986,True
-0.5510618000000007,1.3430182500000005,0.0004358076999882862,2.6255274165077074,True
-0.5510618000000007,1.4200841500000005,0.000378492960241669,2.9772382082095388,True
-0.5510618000000007,1.4971500500000006,0.00027986885291259007,3.7302201278839435,True
-0.5510618000000007,1.5742159500000006,8.466637812153248e-05,6.712457916969138,True
-0.5510618000000007,1.6512818500000006,0.00022115533193283447,4.31752665443005,True
-0.5510618000000007,1.7283477500000006,0.00016431957531289236,5.058475359418019,True
-0.5510618000000007,1.8054136500000006,0.00019996314881391713,4.568786938742974,True
-0.5510618000000007,1.8824795500000007,4.1554141547818967e-05,8.48773215390421,True
-0.5510618000000007,1.9595454500000007,1.5308158218431507e-05,10.978607024581747,True
-0.5510618000000007,2.0366113500000007,9.656723812402943e-05,6.384400076597551,True
-0.5510618000000007,2.1136772500000007,3.0808515153813224e-05,9.234053471036566,True
-0.5510618000000007,2.1907431500000007,7.142406786201527e-05,7.13670421900664,True
-0.5510618000000007,2.2678090500000008,1.7883225722017247e-05,10.590794065208414,True
-0.5510618000000007,2.344874950000001,6.190748014191054e-05,7.493379406701344,True
-0.5510618000000007,2.421940850000001,8.375084637432696e-06,12.483004405007637,True
-0.5510618000000007,2.499006750000001,2.356832540946479e-08,27.13253744240358,False
-0.5510618000000007,2.576072650000001,2.075278023607423e-08,27.449875807950338,False
-0.5510618000000007,2.653138550000001,2.808583391196284e-09,32.438553378750335,False
-0.5510618000000007,2.730204450000001,6.961782194276772e-12,47.404586091150335,False
-0.5510618000000007,2.807270350000001,0.0,,False
-0.5510618000000007,2.884336250000001,0.0,,False
-0.5510618000000007,2.961402150000001,0.0,,False
-0.5510618000000007,3.038468050000001,0.0,,False
-0.5510618000000007,3.115533950000001,0.0,,False
-0.5510618000000007,3.192599850000001,0.0,,False
-0.5510618000000007,3.269665750000001,0.0,,False
-0.5510618000000007,3.346731650000001,0.0,,False
-0.5510618000000007,3.423797550000001,0.0,,False
-0.5510618000000007,3.5008634500000007,0.0,,False
-0.5510618000000007,3.5779293500000002,0.0,,False
-0.5510618000000007,3.6549952500000003,0.0,,False
-0.5510618000000007,3.7320611500000003,0.0,,False
-0.5510618000000007,3.80912705,0.0,,False
-0.4682886000000006,-3.82039705,2.808583391196284e-09,32.438553378750335,False
-0.4682886000000006,-3.74333115,1.1330634089340514e-06,17.47252066635034,False
-0.4682886000000006,-3.66626525,8.372276054041499e-06,12.483841021436866,True
-0.4682886000000006,-3.58919935,1.1386805757164441e-06,17.460185521529283,False
-0.4682886000000006,-3.51213345,1.1594403177347125e-06,17.415119799878767,False
-0.4682886000000006,-3.43506755,9.513758251366946e-06,12.1650315734981,True
-0.4682886000000006,-3.35800165,1.0661971197319069e-05,11.880815814159853,True
-0.4682886000000006,-3.28093575,1.0649630243692195e-05,11.883704618439179,True
-0.4682886000000006,-3.20386985,1.0688341144337536e-05,11.874654254177845,True
-0.4682886000000006,-3.1268039499999998,2.0152154161494354e-05,10.292850221182162,True
-0.4682886000000006,-3.0497380499999998,7.97671653856471e-05,6.86113700085181,True
-0.4682886000000006,-2.9726721499999997,1.178831778119083e-05,11.630320081698672,True
-0.4682886000000006,-2.8956062499999997,9.602414386222412e-06,12.141895140759297,True
-0.4682886000000006,-2.8185403499999997,1.184107856057435e-05,11.619181119435872,True
-0.4682886000000006,-2.7414744499999997,3.089607859217098e-05,9.226974159308515,True
-0.4682886000000006,-2.6644085499999997,0.00011180577710094805,6.018920331003994,True
-0.4682886000000006,-2.5873426499999996,0.000134635711741404,5.55544857165584,True
-0.4682886000000006,-2.5102767499999996,0.0001546667177703465,5.209484045508574,True
-0.4682886000000006,-2.4332108499999996,9.888896215180104e-05,6.325139345229138,True
-0.4682886000000006,-2.3561449499999996,0.00016804967000864622,5.00248636133119,True
-0.4682886000000006,-2.2790790499999996,0.00019610238753894018,4.617417030160766,True
-0.4682886000000006,-2.2020131499999995,0.0003025939239935857,3.5354855752909216,True
-0.4682886000000006,-2.1249472499999995,0.00017804649791542857,4.8583506207064975,True
-0.4682886000000006,-2.04788135,0.0003312238618443242,3.309990502808152,True
-0.4682886000000006,-1.97081545,0.0003681274089459232,3.046501943969455,True
-0.4682886000000006,-1.89374955,0.0003704584786809314,3.0307569993251615,True
-0.4682886000000006,-1.8166836499999999,0.0002830707042924263,3.7018455427148096,True
-0.4682886000000006,-1.7396177499999999,0.00032140507114891074,3.385050731852968,True
-0.4682886000000006,-1.6625518499999998,0.00038428245673551546,2.939373215056346,True
-0.4682886000000006,-1.5854859499999998,0.0004942819064856193,2.31147788044842,True
-0.4682886000000006,-1.5084200499999998,0.0006405992167573338,1.6647008241198094,True
-0.4682886000000006,-1.4313541499999998,0.0007346726915566407,1.3229238600010185,True
-0.4682886000000006,-1.3542882499999997,0.0006970738116049811,1.4539609006660927,True
-0.4682886000000006,-1.2772223499999997,0.0004424536440112454,2.58777657507327,True
-0.4682886000000006,-1.2001564499999997,0.000731870019110758,1.332457606334265,True
-0.4682886000000006,-1.1230905499999997,0.0008944285310038914,0.8321379624415551,True
-0.4682886000000006,-1.0460246499999997,0.0008513012529935247,0.955405533100384,True
-0.4682886000000006,-0.9689587499999996,0.0006632032711343744,1.578203336874684,True
-0.4682886000000006,-0.8918928499999996,0.0005191441662453671,2.189066692401779,True
-0.4682886000000006,-0.8148269499999996,0.0007485021121645697,1.2764070774226908,True
-0.4682886000000006,-0.7377610499999996,0.0003338428909218211,3.290345017446759,True
-0.4682886000000006,-0.6606951499999996,0.0006411428859311721,1.6625848053275512,True
-0.4682886000000006,-0.5836292499999995,0.0005931774746866472,1.8565413617315862,True
-0.4682886000000006,-0.5065633499999995,0.000858844356084823,0.9334013522624259,True
-0.4682886000000006,-0.4294974499999995,0.0005631627831820141,1.9860596919823676,True
-0.4682886000000006,-0.3524315499999995,0.0008138424368452984,1.0676489925239383,True
-0.4682886000000006,-0.27536564999999946,0.000526197073330655,2.1554076230388954,True
-0.4682886000000006,-0.19829974999999966,0.0003897339776206936,2.9042365842735665,True
-0.4682886000000006,-0.12123384999999987,0.0006114848044941,1.7807222720110887,True
-0.4682886000000006,-0.044167949999999845,0.0007134227600748528,1.3961349640672127,True
-0.4682886000000006,0.032897950000000176,0.000402504486105948,2.8238145005641746,True
-0.4682886000000006,0.1099638500000002,0.0005771549612970204,1.9248434485174664,True
-0.4682886000000006,0.18702975000000022,0.0005386539299969079,2.097046334723957,True
-0.4682886000000006,0.26409565000000024,0.0008664459769268136,0.9114211208403301,True
-0.4682886000000006,0.34116155000000026,0.0008378811622633147,0.9950400412738659,True
-0.4682886000000006,0.4182274500000003,0.0007978164036653988,1.1172571015814228,True
-0.4682886000000006,0.4952933500000003,0.00047959385708906915,2.386723103626629,True
-0.4682886000000006,0.5723592500000003,0.0005866720817481494,1.8840479506403331,True
-0.4682886000000006,0.6494251500000003,0.0005062951432623246,2.2515794000683917,True
-0.4682886000000006,0.7264910500000004,0.00039365212726695157,2.879285224876492,True
-0.4682886000000006,0.8035569500000004,0.0003344790827014928,3.2855961737069483,True
-0.4682886000000006,0.8806228500000004,0.0004557984524289797,2.513657243546753,True
-0.4682886000000006,0.9576887500000004,0.0005673023303920958,1.9677920264220639,True
-0.4682886000000006,1.0347546500000004,0.0003238197948192825,3.3663807538502923,True
-0.4682886000000006,1.1118205500000005,0.0003319066024622126,3.304854297801854,True
-0.4682886000000006,1.1888864500000005,0.00046168406733539694,2.481654630734645,True
-0.4682886000000006,1.2659523500000005,0.00014912605579747165,5.300479104881065,True
-0.4682886000000006,1.3430182500000005,0.000365217287219723,3.066298548847142,True
-0.4682886000000006,1.4200841500000005,0.000434207413555484,2.634703489329038,True
-0.4682886000000006,1.4971500500000006,0.00013004018223391843,5.642074969088899,True
-0.4682886000000006,1.5742159500000006,0.00016274686983010661,5.0824636992615675,True
-0.4682886000000006,1.6512818500000006,0.00015373115944588604,5.224617785042336,True
-0.4682886000000006,1.7283477500000006,0.0002796623899595982,3.7320609136535645,True
-0.4682886000000006,1.8054136500000006,0.00032134314449280816,3.38553137437172,True
-0.4682886000000006,1.8824795500000007,0.0001106783447823608,6.0442005371461365,True
-0.4682886000000006,1.9595454500000007,4.427448547483942e-05,8.329562714516092,True
-0.4682886000000006,2.0366113500000007,0.00013446179586768645,5.558672720206782,True
-0.4682886000000006,2.1136772500000007,1.904828320653435e-05,10.433366830710966,True
-0.4682886000000006,2.1907431500000007,8.44578961366109e-06,12.462034840572624,True
-0.4682886000000006,2.2678090500000008,3.4048213171489356e-06,14.728080727832339,True
-0.4682886000000006,2.344874950000001,1.6770915093319273e-05,10.750973072254402,True
-0.4682886000000006,2.421940850000001,2.2924967648865697e-06,15.714718798136275,True
-0.4682886000000006,2.499006750000001,1.1414961208898347e-06,17.45402553655285,False
-0.4682886000000006,2.576072650000001,8.372283015823695e-06,12.483838947325118,True
-0.4682886000000006,2.653138550000001,1.1358719923252478e-06,17.46634546889086,False
-0.4682886000000006,2.730204450000001,2.3561363627270515e-08,27.133274347052172,False
-0.4682886000000006,2.807270350000001,2.808583391196284e-09,32.438553378750335,False
-0.4682886000000006,2.884336250000001,6.961782194276772e-12,47.404586091150335,False
-0.4682886000000006,2.961402150000001,0.0,,False
-0.4682886000000006,3.038468050000001,0.0,,False
-0.4682886000000006,3.115533950000001,0.0,,False
-0.4682886000000006,3.192599850000001,0.0,,False
-0.4682886000000006,3.269665750000001,0.0,,False
-0.4682886000000006,3.346731650000001,0.0,,False
-0.4682886000000006,3.423797550000001,0.0,,False
-0.4682886000000006,3.5008634500000007,0.0,,False
-0.4682886000000006,3.5779293500000002,0.0,,False
-0.4682886000000006,3.6549952500000003,0.0,,False
-0.4682886000000006,3.7320611500000003,0.0,,False
-0.4682886000000006,3.80912705,0.0,,False
-0.3855154000000005,-3.82039705,2.075278023607423e-08,27.449875807950338,False
-0.3855154000000005,-3.74333115,8.372269092259306e-06,12.48384309555034,True
-0.3855154000000005,-3.66626525,6.186316599804719e-05,7.495165524750339,True
-0.3855154000000005,-3.58919935,8.372276054041499e-06,12.483841021436866,True
-0.3855154000000005,-3.51213345,2.356832540946479e-08,27.13253744240358,False
-0.3855154000000005,-3.43506755,4.431414386334474e-08,25.55761135018022,False
-0.3855154000000005,-3.35800165,8.395844379450964e-06,12.476829212674938,True
-0.3855154000000005,-3.28093575,6.189235149023904e-05,7.493989035685896,True
-0.3855154000000005,-3.20386985,1.6809619032182418e-05,10.745223266236298,True
-0.3855154000000005,-3.1268039499999998,7.13976839914324e-05,7.1376257916886505,True
-0.3855154000000005,-3.0497380499999998,7.863691056010424e-05,6.8967331340662925,True
-0.3855154000000005,-2.9726721499999997,1.1842143409943271e-05,11.618956817600033,True
-0.3855154000000005,-2.8956062499999997,2.5205449488068995e-05,9.73474433319444,True
-0.3855154000000005,-2.8185403499999997,7.254200958106001e-05,7.0979647952391565,True
-0.3855154000000005,-2.7414744499999997,8.32039738165969e-05,6.755917932579746,True
-0.3855154000000005,-2.6644085499999997,0.00011448917474669203,5.959761993495052,True
-0.3855154000000005,-2.5873426499999996,9.504609634119358e-05,6.424004028658303,True
-0.3855154000000005,-2.5102767499999996,3.822390560144074e-05,8.696099417300283,True
-0.3855154000000005,-2.4332108499999996,4.041265238871132e-05,8.55721016160424,True
-0.3855154000000005,-2.3561449499999996,0.000166458964678555,5.02620944347643,True
-0.3855154000000005,-2.2790790499999996,0.0001776593130656086,4.86378078540797,True
-0.3855154000000005,-2.2020131499999995,0.0003689136232205249,3.0411804342650623,True
-0.3855154000000005,-2.1249472499999995,0.0002262607932644082,4.260598429109994,True
-0.3855154000000005,-2.04788135,0.00033957148326935817,3.247906378419998,True
-0.3855154000000005,-1.97081545,0.0002510893987121402,4.00088598055359,True
-0.3855154000000005,-1.89374955,0.0004040614112868581,2.8141847760724175,True
-0.3855154000000005,-1.8166836499999999,0.00047969407924209506,2.386201908696743,True
-0.3855154000000005,-1.7396177499999999,0.0005811407594750213,1.907676899337921,True
-0.3855154000000005,-1.6625518499999998,0.0004346988823752674,2.6318818044696424,True
-0.3855154000000005,-1.5854859499999998,0.0006817438287951624,1.5094283465368934,True
-0.3855154000000005,-1.5084200499999998,0.0006143802689487334,1.76893911107715,True
-0.3855154000000005,-1.4313541499999998,0.000604109957770161,1.8109882660538663,True
-0.3855154000000005,-1.3542882499999997,0.0004624375064275868,2.477587346039965,True
-0.3855154000000005,-1.2772223499999997,0.0006939142059121627,1.4652926166572307,True
-0.3855154000000005,-1.2001564499999997,0.0009326764966925407,0.7276915050046063,True
-0.3855154000000005,-1.1230905499999997,0.0012486217762942378,-0.0,True
-0.3855154000000005,-1.0460246499999997,0.0007892028972681573,1.1443332865284874,True
-0.3855154000000005,-0.9689587499999996,0.001058793546893521,0.4113420762012818,True
-0.3855154000000005,-0.8918928499999996,0.00047296593985004875,2.4214349146721315,True
-0.3855154000000005,-0.8148269499999996,0.0005095815693360551,2.235440653079132,True
-0.3855154000000005,-0.7377610499999996,0.0004115773559026716,2.7682138301778862,True
-0.3855154000000005,-0.6606951499999996,0.00040316070492272984,2.819751193804484,True
-0.3855154000000005,-0.5836292499999995,0.0011227561525064588,0.26503310223910553,True
-0.3855154000000005,-0.5065633499999995,0.0009344162544576729,0.7230430519226297,True
-0.3855154000000005,-0.4294974499999995,0.000788675724690856,1.1460000142942215,True
-0.3855154000000005,-0.3524315499999995,0.000694569768712668,1.462937247965974,True
-0.3855154000000005,-0.27536564999999946,0.0005056445276887606,2.254786816339788,True
-0.3855154000000005,-0.19829974999999966,0.00042714625330663293,2.675600326760008,True
-0.3855154000000005,-0.12123384999999987,0.00044653204703134575,2.5648898395299904,True
-0.3855154000000005,-0.044167949999999845,0.0006784680416679326,1.5214425611727336,True
-0.3855154000000005,0.032897950000000176,0.0003586009571709772,3.1119006829681126,True
-0.3855154000000005,0.1099638500000002,0.00045664882805403743,2.509007932702767,True
-0.3855154000000005,0.18702975000000022,0.0005979773968162758,1.8364386915823534,True
-0.3855154000000005,0.26409565000000024,0.0007237909198070083,1.3601456717752385,True
-0.3855154000000005,0.34116155000000026,0.000853170732209159,0.9499339073694466,True
-0.3855154000000005,0.4182274500000003,0.0008464486460514367,0.9696644986580455,True
-0.3855154000000005,0.4952933500000003,0.0006247299233370083,1.7272702669750992,True
-0.3855154000000005,0.5723592500000003,0.0006714975439674224,1.5472016434394062,True
-0.3855154000000005,0.6494251500000003,0.0009282428997628776,0.7395769351051984,True
-0.3855154000000005,0.7264910500000004,0.0004199687320749781,2.7178699084382787,True
-0.3855154000000005,0.8035569500000004,0.00032176750577877524,3.3822395583590614,True
-0.3855154000000005,0.8806228500000004,0.0005461490043274529,2.0625782271979745,True
-0.3855154000000005,0.9576887500000004,0.0006619332952414044,1.5829843551886837,True
-0.3855154000000005,1.0347546500000004,0.00034788105094778855,3.18760290885603,True
-0.3855154000000005,1.1118205500000005,0.0003490275131979362,3.179396185669306,True
-0.3855154000000005,1.1888864500000005,0.0005309037763726009,2.133195571022374,True
-0.3855154000000005,1.2659523500000005,0.0002712511548616922,3.8082329394988066,True
-0.3855154000000005,1.3430182500000005,0.0002584542068115974,3.928775936577923,True
-0.3855154000000005,1.4200841500000005,0.0004392926611869485,2.605660621286564,True
-0.3855154000000005,1.4971500500000006,0.00035336670413604177,3.1485771678613084,True
-0.3855154000000005,1.5742159500000006,0.00021680365530162053,4.367097109022608,True
-0.3855154000000005,1.6512818500000006,0.0002156811960740733,4.380044613953016,True
-0.3855154000000005,1.7283477500000006,0.00031524821566663517,3.433296024907697,True
-0.3855154000000005,1.8054136500000006,0.00020377679432342178,4.5216635020001315,True
-0.3855154000000005,1.8824795500000007,0.00011065196091177794,6.04479521677493,True
-0.3855154000000005,1.9595454500000007,0.0001534393880215568,5.229356370854386,True
-0.3855154000000005,2.0366113500000007,4.421331286884671e-05,8.33301144373967,True
-0.3855154000000005,2.1136772500000007,3.4603628327948703e-06,14.687719864559226,True
-0.3855154000000005,2.1907431500000007,7.632910479298121e-08,24.201313595566546,False
-0.3855154000000005,2.2678090500000008,9.537319614994215e-06,12.15886183827278,True
-0.3855154000000005,2.344874950000001,7.139208074821441e-05,7.137821553435513,True
-0.3855154000000005,2.421940850000001,1.7903978502253322e-05,10.587901161357879,True
-0.3855154000000005,2.499006750000001,9.549653606838895e-06,12.155638157057151,True
-0.3855154000000005,2.576072650000001,6.187159174822078e-05,7.494825819466725,True
-0.3855154000000005,2.653138550000001,9.505339462975551e-06,12.167239807778996,True
-0.3855154000000005,2.730204450000001,8.39302187249538e-06,12.477667898090859,True
-0.3855154000000005,2.807270350000001,1.1330634089340514e-06,17.47252066635034,False
-0.3855154000000005,2.884336250000001,2.808583391196284e-09,32.438553378750335,False
-0.3855154000000005,2.961402150000001,0.0,,False
-0.3855154000000005,3.038468050000001,0.0,,False
-0.3855154000000005,3.115533950000001,0.0,,False
-0.3855154000000005,3.192599850000001,0.0,,False
-0.3855154000000005,3.269665750000001,0.0,,False
-0.3855154000000005,3.346731650000001,0.0,,False
-0.3855154000000005,3.423797550000001,0.0,,False
-0.3855154000000005,3.5008634500000007,0.0,,False
-0.3855154000000005,3.5779293500000002,0.0,,False
-0.3855154000000005,3.6549952500000003,0.0,,False
-0.3855154000000005,3.7320611500000003,0.0,,False
-0.3855154000000005,3.80912705,0.0,,False
-0.3027422000000004,-3.82039705,2.808583391196284e-09,32.438553378750335,False
-0.3027422000000004,-3.74333115,1.1330634089340514e-06,17.47252066635034,False
-0.3027422000000004,-3.66626525,8.372269092259306e-06,12.48384309555034,True
-0.3027422000000004,-3.58919935,1.1330634089340514e-06,17.47252066635034,False
-0.3027422000000004,-3.51213345,2.815545173390561e-09,32.43237818129086,False
-0.3027422000000004,-3.43506755,5.617166782392568e-09,30.70960948228901,False
-0.3027422000000004,-3.35800165,1.156624772561322e-06,17.42118433322631,False
-0.3027422000000004,-3.28093575,9.51094966797575e-06,12.165768042995062,True
-0.3027422000000004,-3.20386985,1.0641218417082994e-05,11.885675601070584,True
-0.3027422000000004,-3.1268039499999998,1.0646821660300997e-05,11.884362526954353,True
-0.3027422000000004,-3.0497380499999998,1.0706278379400219e-05,11.87047174917436,True
-0.3027422000000004,-2.9726721499999997,2.7394168428210803e-05,9.527040894714512,True
-0.3027422000000004,-2.8956062499999997,0.00013439111873858681,5.559984163742167,True
-0.3027422000000004,-2.8185403499999997,2.746205089748361e-05,9.520867594240455,True
-0.3027422000000004,-2.7414744499999997,3.700048409432211e-05,8.77724056922436,True
-0.3027422000000004,-2.6644085499999997,0.00021304204436851826,4.410754503190235,True
-0.3027422000000004,-2.5873426499999996,0.00011062559792654166,6.045389567302207,True
-0.3027422000000004,-2.5102767499999996,0.00011567497108788081,5.934060301650504,True
-0.3027422000000004,-2.4332108499999996,0.00010461370806844174,6.184765518545151,True
-0.3027422000000004,-2.3561449499999996,0.00014414000027857503,5.385303856755746,True
-0.3027422000000004,-2.2790790499999996,0.0003007990106775231,3.55032544115372,True
-0.3027422000000004,-2.2020131499999995,0.00010147985666291061,6.260629019468676,True
-0.3027422000000004,-2.1249472499999995,0.0001354503090561669,5.5404023442958446,True
-0.3027422000000004,-2.04788135,0.0002725775722963168,3.7960653549328565,True
-0.3027422000000004,-1.97081545,0.0002176585541356398,4.357280788867996,True
-0.3027422000000004,-1.89374955,0.0006010779901244394,1.8235386246317613,True
-0.3027422000000004,-1.8166836499999999,0.0005075824347231363,2.2452454149523295,True
-0.3027422000000004,-1.7396177499999999,0.00044770825473915875,2.5583281531658453,True
-0.3027422000000004,-1.6625518499999998,0.00027338884838054296,3.788652448881104,True
-0.3027422000000004,-1.5854859499999998,0.0005776485688041511,1.9227110954501425,True
-0.3027422000000004,-1.5084200499999998,0.0009611397454662988,0.652708166801885,True
-0.3027422000000004,-1.4313541499999998,0.0007399716377736193,1.3049976066024354,True
-0.3027422000000004,-1.3542882499999997,0.000704341124007565,1.4280909013936538,True
-0.3027422000000004,-1.2772223499999997,0.000559311742201595,2.003175160269177,True
-0.3027422000000004,-1.2001564499999997,0.0004600021526135877,2.4907580971644747,True
-0.3027422000000004,-1.1230905499999997,0.0005395565886721418,2.0928699015865626,True
-0.3027422000000004,-1.0460246499999997,0.0007067700702961095,1.419503880125198,True
-0.3027422000000004,-0.9689587499999996,0.0005637165465655643,1.98360818974917,True
-0.3027422000000004,-0.8918928499999996,0.0006648260870163431,1.5721073050574785,True
-0.3027422000000004,-0.8148269499999996,0.0004991199326919475,2.2871820288694042,True
-0.3027422000000004,-0.7377610499999996,0.0006371458358224102,1.6781838314902442,True
-0.3027422000000004,-0.6606951499999996,0.00042180200326187865,2.7070051765973937,True
-0.3027422000000004,-0.5836292499999995,0.0005577443280307458,2.0101751034756092,True
-0.3027422000000004,-0.5065633499999995,0.0008026040341865557,1.1023335129548086,True
-0.3027422000000004,-0.4294974499999995,0.00048686902135278875,2.349169530548426,True
-0.3027422000000004,-0.3524315499999995,0.000499852534433777,2.283523555134397,True
-0.3027422000000004,-0.27536564999999946,0.000447693784086794,2.5584087755184455,True
-0.3027422000000004,-0.19829974999999966,0.0006359269596709229,1.6829601349333734,True
-0.3027422000000004,-0.12123384999999987,0.0007515328075654013,1.2663278569033538,True
-0.3027422000000004,-0.044167949999999845,0.0006023052362228152,1.8184510207219726,True
-0.3027422000000004,0.032897950000000176,0.0003749302998372204,3.000827998255958,True
-0.3027422000000004,0.1099638500000002,0.0010316713867933158,0.47606992801218867,True
-0.3027422000000004,0.18702975000000022,0.0007909597154523329,1.1387868933839254,True
-0.3027422000000004,0.26409565000000024,0.0006082035519451482,1.7941430367488027,True
-0.3027422000000004,0.34116155000000026,0.0006632211944458727,1.5781359273655926,True
-0.3027422000000004,0.4182274500000003,0.0007262707098325969,1.3516143895953707,True
-0.3027422000000004,0.4952933500000003,0.0006938283867767098,1.4656011205533999,True
-0.3027422000000004,0.5723592500000003,0.0008592797317994168,0.9321372124228942,True
-0.3027422000000004,0.6494251500000003,0.0011217092548698854,0.2673599971514001,True
-0.3027422000000004,0.7264910500000004,0.0007204101363213709,1.3718238723158638,True
-0.3027422000000004,0.8035569500000004,0.0007140179789812796,1.394054768862563,True
-0.3027422000000004,0.8806228500000004,0.0004609565625825393,2.4855882179599424,True
-0.3027422000000004,0.9576887500000004,0.00038461951664990845,2.937186351969948,True
-0.3027422000000004,1.0347546500000004,0.00042538833557320476,2.685886944231574,True
-0.3027422000000004,1.1118205500000005,0.0005715057896335949,1.9493782149098187,True
-0.3027422000000004,1.1888864500000005,0.0006237267933425339,1.7312786503768678,True
-0.3027422000000004,1.2659523500000005,0.0005767494102154058,1.926596768565397,True
-0.3027422000000004,1.3430182500000005,0.0003515156683006887,3.1616775694915695,True
-0.3027422000000004,1.4200841500000005,0.0003263387950379802,3.3470523269585652,True
-0.3027422000000004,1.4971500500000006,0.00034506399162925554,3.2078837063154255,True
-0.3027422000000004,1.5742159500000006,0.0002285487794825745,4.235501943677984,True
-0.3027422000000004,1.6512818500000006,0.00026185161294783166,3.896201239108011,True
-0.3027422000000004,1.7283477500000006,6.897298492150132e-05,7.223806510415848,True
-0.3027422000000004,1.8054136500000006,3.218844045614915e-05,9.124760828766957,True
-0.3027422000000004,1.8824795500000007,3.929471763144876e-05,8.627183387215496,True
-0.3027422000000004,1.9595454500000007,0.0001534242732934497,5.229602090744565,True
-0.3027422000000004,2.0366113500000007,9.76918897063543e-05,6.355518103989977,True
-0.3027422000000004,2.1136772500000007,1.182982334166298e-05,11.62155317363985,True
-0.3027422000000004,2.1907431500000007,9.555284697185676e-06,12.15416776785837,True
-0.3027422000000004,2.2678090500000008,1.9031417782622785e-05,10.435576306240067,True
-0.3027422000000004,2.344874950000001,7.974638475828225e-05,6.861786900814133,True
-0.3027422000000004,2.421940850000001,7.250717907495699e-05,7.099162721056773,True
-0.3027422000000004,2.499006750000001,1.7901162957079932e-05,10.588293447116643,True
-0.3027422000000004,2.576072650000001,9.546838061665505e-06,12.156373676827046,True
-0.3027422000000004,2.653138550000001,9.508141084584553e-06,12.16650473000358,True
-0.3027422000000004,2.730204450000001,6.186597458143838e-05,7.495052284515208,True
-0.3027422000000004,2.807270350000001,8.372269092259306e-06,12.48384309555034,True
-0.3027422000000004,2.884336250000001,2.075278023607423e-08,27.449875807950338,False
-0.3027422000000004,2.961402150000001,0.0,,False
-0.3027422000000004,3.038468050000001,0.0,,False
-0.3027422000000004,3.115533950000001,0.0,,False
-0.3027422000000004,3.192599850000001,0.0,,False
-0.3027422000000004,3.269665750000001,0.0,,False
-0.3027422000000004,3.346731650000001,0.0,,False
-0.3027422000000004,3.423797550000001,0.0,,False
-0.3027422000000004,3.5008634500000007,0.0,,False
-0.3027422000000004,3.5779293500000002,0.0,,False
-0.3027422000000004,3.6549952500000003,0.0,,False
-0.3027422000000004,3.7320611500000003,0.0,,False
-0.3027422000000004,3.80912705,0.0,,False
-0.21996900000000053,-3.82039705,2.8155451733905604e-09,32.43237818129086,False
-0.21996900000000053,-3.74333115,2.3561363627270515e-08,27.133274347052172,False
-0.21996900000000053,-3.66626525,2.3561363627270515e-08,27.133274347052172,False
-0.21996900000000053,-3.58919935,2.8155451733905604e-09,32.43237818129086,False
-0.21996900000000053,-3.51213345,2.815545173390561e-09,32.43237818129086,False
-0.21996900000000053,-3.43506755,1.1330773324984399e-06,17.47249001504431,False
-0.21996900000000053,-3.35800165,8.398639039277773e-06,12.475999079554608,True
-0.21996900000000053,-3.28093575,9.546851985229894e-06,12.156370038966937,True
-0.21996900000000053,-3.20386985,6.187721587678536e-05,7.494599094340373,True
-0.21996900000000053,-3.1268039499999998,8.437349939923112e-06,12.46452861931886,True
-0.21996900000000053,-3.0497380499999998,8.448570349923509e-06,12.461213726497995,True
-0.21996900000000053,-2.9726721499999997,7.363746870941082e-05,7.060579282910777,True
-0.21996900000000053,-2.8956062499999997,9.536630616938697e-05,6.415614737453346,True
-0.21996900000000053,-2.8185403499999997,1.41554138404125e-05,11.173885686929173,True
-0.21996900000000053,-2.7414744499999997,2.8611979730329235e-05,9.418548775784805,True
-0.21996900000000053,-2.6644085499999997,9.281024075023283e-05,6.483381793241027,True
-0.21996900000000053,-2.5873426499999996,7.276972323640122e-05,7.090147181940988,True
-0.21996900000000053,-2.5102767499999996,0.0002878276981767524,3.660276573818014,True
-0.21996900000000053,-2.4332108499999996,0.00020372294084754057,4.52232278495326,True
-0.21996900000000053,-2.3561449499999996,0.00019159087275987565,4.675471969168241,True
-0.21996900000000053,-2.2790790499999996,0.0002617808801244745,3.8968751148819853,True
-0.21996900000000053,-2.2020131499999995,0.0001644093102206811,5.057113572995764,True
-0.21996900000000053,-2.1249472499999995,0.0002022753056625421,4.540110585382142,True
-0.21996900000000053,-2.04788135,0.00027759885962374403,3.7505339988776507,True
-0.21996900000000053,-1.97081545,0.00037970794207504966,2.969244076587349,True
-0.21996900000000053,-1.89374955,0.0006490252502364534,1.6321057831096228,True
-0.21996900000000053,-1.8166836499999999,0.0004676410026889852,2.4496769753795222,True
-0.21996900000000053,-1.7396177499999999,0.000731771395468894,1.332793755302148,True
-0.21996900000000053,-1.6625518499999998,0.0006766725823099608,1.5280521874439958,True
-0.21996900000000053,-1.5854859499999998,0.0007275411301690382,1.3472550090505728,True
-0.21996900000000053,-1.5084200499999998,0.000627490561821503,1.7162722376634865,True
-0.21996900000000053,-1.4313541499999998,0.0007662350730781973,1.2180021825126843,True
-0.21996900000000053,-1.3542882499999997,0.0006474599953561728,1.6381286481860091,True
-0.21996900000000053,-1.2772223499999997,0.0006871360391586674,1.4897771421743162,True
-0.21996900000000053,-1.2001564499999997,0.0008179860185940714,1.0549815839548988,True
-0.21996900000000053,-1.1230905499999997,0.00092518431900567,0.7478094067761727,True
-0.21996900000000053,-1.0460246499999997,0.0006374627313380518,1.6769435373132924,True
-0.21996900000000053,-0.9689587499999996,0.0005173544612629945,2.1976805677509454,True
-0.21996900000000053,-0.8918928499999996,0.0006184245758888172,1.7525733287843623,True
-0.21996900000000053,-0.8148269499999996,0.0007027217728780884,1.4338322397825778,True
-0.21996900000000053,-0.7377610499999996,0.0008630642892378833,0.9211754260643652,True
-0.21996900000000053,-0.6606951499999996,0.0004475021320244324,2.559476799112277,True
-0.21996900000000053,-0.5836292499999995,0.0006239092582516774,1.7305490637277574,True
-0.21996900000000053,-0.5065633499999995,0.0008040998448548189,1.0976891479388664,True
-0.21996900000000053,-0.4294974499999995,0.0007550185799225786,1.2547853197217405,True
-0.21996900000000053,-0.3524315499999995,0.0005625379922060003,1.9888285281746119,True
-0.21996900000000053,-0.27536564999999946,0.0004473399060668172,2.5603811967272443,True
-0.21996900000000053,-0.19829974999999966,0.0005176780193235887,2.1961210738001835,True
-0.21996900000000053,-0.12123384999999987,0.0005850145049778997,1.8911054024075487,True
-0.21996900000000053,-0.044167949999999845,0.0010553348581769264,0.4195035001606518,True
-0.21996900000000053,0.032897950000000176,0.0004986157842721495,2.2897027706705497,True
-0.21996900000000053,0.1099638500000002,0.0005147729547986974,2.210158029401042,True
-0.21996900000000053,0.18702975000000022,0.0006386042534758647,1.672480850422797,True
-0.21996900000000053,0.26409565000000024,0.00047308046857869203,2.420830983514531,True
-0.21996900000000053,0.34116155000000026,0.0007863810912654493,1.1532678120556796,True
-0.21996900000000053,0.4182274500000003,0.0008418945678243133,0.9831208165559115,True
-0.21996900000000053,0.4952933500000003,0.0005605979124408704,1.9974458664647659,True
-0.21996900000000053,0.5723592500000003,0.0006163481288362955,1.7609625121237789,True
-0.21996900000000053,0.6494251500000003,0.0007941210837814903,1.1288371998440445,True
-0.21996900000000053,0.7264910500000004,0.0006268395672450058,1.7188613505762813,True
-0.21996900000000053,0.8035569500000004,0.00041664592664722645,2.7376836804057194,True
-0.21996900000000053,0.8806228500000004,0.0004884046749460029,2.341314415622903,True
-0.21996900000000053,0.9576887500000004,0.00045847129259898503,2.4990729527878166,True
-0.21996900000000053,1.0347546500000004,0.0006362011380542119,1.681884938516647,True
-0.21996900000000053,1.1118205500000005,0.0012000203468109437,0.09902986863793845,True
-0.21996900000000053,1.1888864500000005,0.0008162391815099143,1.060314025469049,True
-0.21996900000000053,1.2659523500000005,0.0004483033218352944,2.5550150282133615,True
-0.21996900000000053,1.3430182500000005,0.0005125269159090037,2.221065050812342,True
-0.21996900000000053,1.4200841500000005,0.00032125803706788933,3.3861920851149727,True
-0.21996900000000053,1.4971500500000006,0.00018694431228346447,4.736711603690489,True
-0.21996900000000053,1.5742159500000006,0.00024023724160425605,4.111091116457598,True
-0.21996900000000053,1.6512818500000006,0.00032374113496933297,3.366986733323488,True
-0.21996900000000053,1.7283477500000006,5.9582615846142155e-05,7.588855620604762,True
-0.21996900000000053,1.8054136500000006,9.17137376578597e-05,6.5130265300242955,True
-0.21996900000000053,1.8824795500000007,0.00010114666321949555,6.268832270242754,True
-0.21996900000000053,1.9595454500000007,5.599882206664634e-05,7.743587425126693,True
-0.21996900000000053,2.0366113500000007,0.0001439520136407727,5.388559083597884,True
-0.21996900000000053,2.1136772500000007,2.7441319002594123e-05,9.522751353728065,True
-0.21996900000000053,2.1907431500000007,7.033250305177115e-05,7.175119175596914,True
-0.21996900000000053,2.2678090500000008,7.14004925748236e-05,7.137527673370139,True
-0.21996900000000053,2.344874950000001,1.794268244111647e-05,10.582514842474712,True
-0.21996900000000053,2.421940850000001,1.790117688064432e-05,10.588291507015139,True
-0.21996900000000053,2.499006750000001,6.300185353554583e-05,7.449670777886938,True
-0.21996900000000053,2.576072650000001,8.398639039277773e-06,12.475999079554608,True
-0.21996900000000053,2.653138550000001,1.156624772561322e-06,17.42118433322631,False
-0.21996900000000053,2.730204450000001,8.372276054041499e-06,12.483841021436866,True
-0.21996900000000053,2.807270350000001,1.1330634089340514e-06,17.47252066635034,False
-0.21996900000000053,2.884336250000001,2.808583391196284e-09,32.438553378750335,False
-0.21996900000000053,2.961402150000001,6.961782194276772e-12,47.404586091150335,False
-0.21996900000000053,3.038468050000001,2.808583391196284e-09,32.438553378750335,False
-0.21996900000000053,3.115533950000001,2.075278023607423e-08,27.449875807950338,False
-0.21996900000000053,3.192599850000001,2.808583391196284e-09,32.438553378750335,False
-0.21996900000000053,3.269665750000001,6.961782194276772e-12,47.404586091150335,False
-0.21996900000000053,3.346731650000001,0.0,,False
-0.21996900000000053,3.423797550000001,0.0,,False
-0.21996900000000053,3.5008634500000007,0.0,,False
-0.21996900000000053,3.5779293500000002,0.0,,False
-0.21996900000000053,3.6549952500000003,0.0,,False
-0.21996900000000053,3.7320611500000003,0.0,,False
-0.21996900000000053,3.80912705,0.0,,False
-0.13719580000000065,-3.82039705,1.1330634089340514e-06,17.47252066635034,False
-0.13719580000000065,-3.74333115,8.372269092259306e-06,12.48384309555034,True
-0.13719580000000065,-3.66626525,1.1330634089340514e-06,17.47252066635034,False
-0.13719580000000065,-3.58919935,2.808583391196284e-09,32.438553378750335,False
-0.13719580000000065,-3.51213345,2.075278023607423e-08,27.449875807950338,False
-0.13719580000000065,-3.43506755,8.3750776756505e-06,12.483006478425555,True
-0.13719580000000065,-3.35800165,6.299904495215463e-05,7.449781976435043,True
-0.13719580000000065,-3.28093575,1.7883218760235056e-05,10.590795036232713,True
-0.13719580000000065,-3.20386985,1.0679908432381752e-05,11.876622973376284,True
-0.13719580000000065,-3.1268039499999998,9.516566834758142e-06,12.164295321384293,True
-0.13719580000000065,-3.0497380499999998,2.3132704304692266e-06,15.692217916542306,True
-0.13719580000000065,-2.9726721499999997,1.7894460055582034e-05,10.58922760084658,True
-0.13719580000000065,-2.8956062499999997,7.372326056661754e-05,7.057674927291326,True
-0.13719580000000065,-2.8185403499999997,4.416509744509446e-05,8.335733049910774,True
-0.13719580000000065,-2.7414744499999997,0.00013784586440459932,5.496673377418826,True
-0.13719580000000065,-2.6644085499999997,6.211056758425556e-05,7.485210122530775,True
-0.13719580000000065,-2.5873426499999996,0.00015692158936930325,5.173381844348805,True
-0.13719580000000065,-2.5102767499999996,0.00013457907752926034,5.556498030449669,True
-0.13719580000000065,-2.4332108499999996,0.00017366897790790624,4.920443889586437,True
-0.13719580000000065,-2.3561449499999996,0.0001191476470271738,5.860279829405126,True
-0.13719580000000065,-2.2790790499999996,0.0001515283488563129,5.260617654775466,True
-0.13719580000000065,-2.2020131499999995,0.00042721439229505476,2.6752024579610327,True
-0.13719580000000065,-2.1249472499999995,0.000267969003479352,3.8385986388308067,True
-0.13719580000000065,-2.04788135,0.0001489824738067012,5.302881868442599,True
-0.13719580000000065,-1.97081545,0.00023310910502865822,4.186221438483638,True
-0.13719580000000065,-1.89374955,0.0002646293660224522,3.8698803583960504,True
-0.13719580000000065,-1.8166836499999999,0.000298529120970145,3.569219601827556,True
-0.13719580000000065,-1.7396177499999999,0.0008090779241985896,1.0822946191562142,True
-0.13719580000000065,-1.6625518499999998,0.0003349333004233248,3.2822111958277858,True
-0.13719580000000065,-1.5854859499999998,0.000596068544414378,1.8444138095796743,True
-0.13719580000000065,-1.5084200499999998,0.0006467396156487902,1.6409054551246511,True
-0.13719580000000065,-1.4313541499999998,0.000848539743413743,0.9635099929003966,True
-0.13719580000000065,-1.3542882499999997,0.0006441185181144476,1.6510350178619095,True
-0.13719580000000065,-1.2772223499999997,0.0006881170397012825,1.4862185998891406,True
-0.13719580000000065,-1.2001564499999997,0.0007087908992533811,1.412382130402695,True
-0.13719580000000065,-1.1230905499999997,0.0008119807202927515,1.0733614881465228,True
-0.13719580000000065,-1.0460246499999997,0.000583106937483133,1.8992520276548925,True
-0.13719580000000065,-0.9689587499999996,0.0005968331774835871,1.8412161376385192,True
-0.13719580000000065,-0.8918928499999996,0.0010828922402636347,0.35520607062785337,True
-0.13719580000000065,-0.8148269499999996,0.0008549381828817055,0.9447719152994016,True
-0.13719580000000065,-0.7377610499999996,0.0008824114396967425,0.8658778089807934,True
-0.13719580000000065,-0.6606951499999996,0.0007425458674473807,1.2963353043383359,True
-0.13719580000000065,-0.5836292499999995,0.00099142598134047,0.5753226109113779,True
-0.13719580000000065,-0.5065633499999995,0.0009213279151620022,0.7582281751839295,True
-0.13719580000000065,-0.4294974499999995,0.0005014797449988513,2.275416719709925,True
-0.13719580000000065,-0.3524315499999995,0.0008017855982041464,1.104878352126236,True
-0.13719580000000065,-0.27536564999999946,0.000649096107526625,1.6318334786964461,True
-0.13719580000000065,-0.19829974999999966,0.0006475918381294829,1.6376207757817163,True
-0.13719580000000065,-0.12123384999999987,0.0008266034742022093,1.0288412607000395,True
-0.13719580000000065,-0.044167949999999845,0.0007289401695570004,1.342463077589954,True
-0.13719580000000065,0.032897950000000176,0.000596889970511601,1.8409787944105522,True
-0.13719580000000065,0.1099638500000002,0.0004738130563969572,2.4169713677811724,True
-0.13719580000000065,0.18702975000000022,0.0005861363897037294,1.8863265793659532,True
-0.13719580000000065,0.26409565000000024,0.0007657107944996762,1.2197094601280247,True
-0.13719580000000065,0.34116155000000026,0.0006563404400290813,1.6041492453090656,True
-0.13719580000000065,0.4182274500000003,0.0008531410557566361,0.9500206712622716,True
-0.13719580000000065,0.4952933500000003,0.00047138264410944065,2.429798944103858,True
-0.13719580000000065,0.5723592500000003,0.0004096506907325255,2.7799176790592934,True
-0.13719580000000065,0.6494251500000003,0.0006965196635618357,1.455944596850602,True
-0.13719580000000065,0.7264910500000004,0.0007304822298539277,1.3371919206705385,True
-0.13719580000000065,0.8035569500000004,0.0005154887404179733,2.206692090353227,True
-0.13719580000000065,0.8806228500000004,0.000641231570482039,1.6622398057618792,True
-0.13719580000000065,0.9576887500000004,0.0003248280237857589,3.3586265717846597,True
-0.13719580000000065,1.0347546500000004,0.0005789763413326117,1.9169842328488627,True
-0.13719580000000065,1.1118205500000005,0.0009115393419822684,0.7848708573249705,True
-0.13719580000000065,1.1888864500000005,0.000474744069978466,2.412074954128819,True
-0.13719580000000065,1.2659523500000005,0.0006059098107387032,1.8035678147599208,True
-0.13719580000000065,1.3430182500000005,0.00046905681779915855,2.442136602904181,True
-0.13719580000000065,1.4200841500000005,0.00037417172883812036,3.005879736574269,True
-0.13719580000000065,1.4971500500000006,0.00034906161053927583,3.179152519586686,True
-0.13719580000000065,1.5742159500000006,0.00040581869954601834,2.8033602624628498,True
-0.13719580000000065,1.6512818500000006,0.00031936705232702925,3.4009176097905707,True
-0.13719580000000065,1.7283477500000006,0.00014990343621051446,5.287510119979246,True
-0.13719580000000065,1.8054136500000006,0.0001820704255305752,4.802605079024025,True
-0.13719580000000065,1.8824795500000007,0.00023932389520624886,4.120592295451276,True
-0.13719580000000065,1.9595454500000007,0.00011066149328201361,6.044580345420662,True
-0.13719580000000065,2.0366113500000007,9.773790581354674e-05,6.354343464649655,True
-0.13719580000000065,2.1136772500000007,2.3640007484934165e-05,9.89468061651236,True
-0.13719580000000065,2.1907431500000007,2.857719795670157e-05,9.421582830170278,True
-0.13719580000000065,2.2678090500000008,2.0181360539032794e-05,10.289237810334797,True
-0.13719580000000065,2.344874950000001,2.365996400941772e-06,15.636003127163153,True
-0.13719580000000065,2.421940850000001,1.1706816130816919e-06,17.391052547304795,False
-0.13719580000000065,2.499006750000001,8.377914106170476e-06,12.48216185093241,True
-0.13719580000000065,2.576072650000001,1.1538301127345142e-06,17.427218497184203,False
-0.13719580000000065,2.653138550000001,8.425750173588853e-09,29.698242137008414,False
-0.13719580000000065,2.730204450000001,2.0759742018268505e-08,27.44903919082556,False
-0.13719580000000065,2.807270350000001,2.808583391196284e-09,32.438553378750335,False
-0.13719580000000065,2.884336250000001,6.961782194276772e-12,47.404586091150335,False
-0.13719580000000065,2.961402150000001,2.808583391196284e-09,32.438553378750335,False
-0.13719580000000065,3.038468050000001,1.1330634089340514e-06,17.47252066635034,False
-0.13719580000000065,3.115533950000001,8.372269092259306e-06,12.48384309555034,True
-0.13719580000000065,3.192599850000001,1.1330634089340514e-06,17.47252066635034,False
-0.13719580000000065,3.269665750000001,2.808583391196284e-09,32.438553378750335,False
-0.13719580000000065,3.346731650000001,0.0,,False
-0.13719580000000065,3.423797550000001,0.0,,False
-0.13719580000000065,3.5008634500000007,0.0,,False
-0.13719580000000065,3.5779293500000002,0.0,,False
-0.13719580000000065,3.6549952500000003,0.0,,False
-0.13719580000000065,3.7320611500000003,0.0,,False
-0.13719580000000065,3.80912705,0.0,,False
-0.05442260000000054,-3.82039705,8.372269092259306e-06,12.48384309555034,True
-0.05442260000000054,-3.74333115,6.186316599804719e-05,7.495165524750339,True
-0.05442260000000054,-3.66626525,8.372269092259306e-06,12.48384309555034,True
-0.05442260000000054,-3.58919935,2.075278023607423e-08,27.449875807950338,False
-0.05442260000000054,-3.51213345,2.808583391196284e-09,32.438553378750335,False
-0.05442260000000054,-3.43506755,1.1538161891701255e-06,17.427248597192733,False
-0.05442260000000054,-3.35800165,1.6747353729692002e-05,10.754479818567745,True
-0.05442260000000054,-3.28093575,6.415285417954257e-05,7.404512183003276,True
-0.05442260000000054,-3.20386985,2.514318418557858e-05,9.740913749396276,True
-0.05442260000000054,-3.1268039499999998,6.415566972471596e-05,7.404402713681746,True
-0.05442260000000054,-3.0497380499999998,1.6773737600274855e-05,10.750553316017706,True
-0.05442260000000054,-2.9726721499999997,2.3603722723771847e-06,15.641939392234157,True
-0.05442260000000054,-2.8956062499999997,2.6323370321767167e-05,9.626497689192623,True
-0.05442260000000054,-2.8185403499999997,0.00014391719705823404,5.389162443383488,True
-0.05442260000000054,-2.7414744499999997,0.00011328541332331178,5.986126802551911,True
-0.05442260000000054,-2.6644085499999997,0.00015457917521733534,5.210896260164502,True
-0.05442260000000054,-2.5873426499999996,0.0001668167161312919,5.0208543952792635,True
-0.05442260000000054,-2.5102767499999996,4.160342878272232e-05,8.484775379781262,True
-0.05442260000000054,-2.4332108499999996,0.00010838475532097651,6.096433872735828,True
-0.05442260000000054,-2.3561449499999996,0.00010456551353003608,6.185914901429341,True
-0.05442260000000054,-2.2790790499999996,6.287524751193713e-05,7.4546883453239605,True
-0.05442260000000054,-2.2020131499999995,0.0001414914052918053,5.431564053882671,True
-0.05442260000000054,-2.1249472499999995,9.374884351341414e-05,6.458282902565664,True
-0.05442260000000054,-2.04788135,0.00017739362863616762,4.867513789830062,True
-0.05442260000000054,-1.97081545,0.0003495783149917113,3.175462961792486,True
-0.05442260000000054,-1.89374955,0.0003050767459046813,3.5151027141171816,True
-0.05442260000000054,-1.8166836499999999,0.00015763599237816913,5.162051860265421,True
-0.05442260000000054,-1.7396177499999999,0.00031752908506243175,3.4153140725475084,True
-0.05442260000000054,-1.6625518499999998,0.0003467105003034483,3.1960100155397995,True
-0.05442260000000054,-1.5854859499999998,0.0002719439339950349,3.801870485808071,True
-0.05442260000000054,-1.5084200499999998,0.0006482424532431915,1.6351160502011974,True
-0.05442260000000054,-1.4313541499999998,0.0004990380351528474,2.287591343256997,True
-0.05442260000000054,-1.3542882499999997,0.0005904930533495476,1.8678550974012054,True
-0.05442260000000054,-1.2772223499999997,0.00062851672882451,1.7121964512497063,True
-0.05442260000000054,-1.2001564499999997,0.0005333831795882088,2.121573737720965,True
-0.05442260000000054,-1.1230905499999997,0.0009825769088578692,0.5976860356795375,True
-0.05442260000000054,-1.0460246499999997,0.0008292504930628149,1.0208664421901508,True
-0.05442260000000054,-0.9689587499999996,0.0006935395965661789,1.4666395481977215,True
-0.05442260000000054,-0.8918928499999996,0.0006410615494300804,1.6629012615556202,True
-0.05442260000000054,-0.8148269499999996,0.0008539976287068557,0.9475175549882324,True
-0.05442260000000054,-0.7377610499999996,0.0009152588937385278,0.7747133753987867,True
-0.05442260000000054,-0.6606951499999996,0.0008940534022815653,0.8331843226176611,True
-0.05442260000000054,-0.5836292499999995,0.00096651843868209,0.6387883567116367,True
-0.05442260000000054,-0.5065633499999995,0.0009146356098397386,0.7764125785606609,True
-0.05442260000000054,-0.4294974499999995,0.000516202886686163,2.20323888210203,True
-0.05442260000000054,-0.3524315499999995,0.0005410963181586824,2.0857619586902603,True
-0.05442260000000054,-0.27536564999999946,0.000893899609035906,0.8336134306043902,True
-0.05442260000000054,-0.19829974999999966,0.0008616087610337356,0.9253855936833563,True
-0.05442260000000054,-0.12123384999999987,0.0010038486649310444,0.544262443882805,True
-0.05442260000000054,-0.044167949999999845,0.0009404967928847175,0.7068641938893276,True
-0.05442260000000054,0.032897950000000176,0.0008110200169478349,1.0763144379996925,True
-0.05442260000000054,0.1099638500000002,0.0007786168603751306,1.178017724504501,True
-0.05442260000000054,0.18702975000000022,0.0008773115816083869,0.8803355495341791,True
-0.05442260000000054,0.26409565000000024,0.0007589095168335151,1.2419639231990456,True
-0.05442260000000054,0.34116155000000026,0.0008433334576240941,0.9788613579503359,True
-0.05442260000000054,0.4182274500000003,0.0006815878854252738,1.5099989715630384,True
-0.05442260000000054,0.4952933500000003,0.0005533973410785864,2.029691810973071,True
-0.05442260000000054,0.5723592500000003,0.0006118114203480966,1.7793903123510084,True
-0.05442260000000054,0.6494251500000003,0.0008107214799659679,1.0772327747168269,True
-0.05442260000000054,0.7264910500000004,0.000735744006487514,1.3192892129518667,True
-0.05442260000000054,0.8035569500000004,0.0009333702622654425,0.7258367964364658,True
-0.05442260000000054,0.8806228500000004,0.000984565895593646,0.5926419601420262,True
-0.05442260000000054,0.9576887500000004,0.0008893841929769524,0.8462451849735231,True
-0.05442260000000054,1.0347546500000004,0.0008882320717893292,0.8494784823089774,True
-0.05442260000000054,1.1118205500000005,0.0007624661498239412,1.2303014995527208,True
-0.05442260000000054,1.1888864500000005,0.0004858396586201126,2.354448768617714,True
-0.05442260000000054,1.2659523500000005,0.0005745944430084336,1.9359340739194675,True
-0.05442260000000054,1.3430182500000005,0.00018607276299551667,4.748367601725805,True
-0.05442260000000054,1.4200841500000005,0.00020655979818033556,4.487828542956347,True
-0.05442260000000054,1.4971500500000006,0.00018905853635600408,4.70866050405888,True
-0.05442260000000054,1.5742159500000006,0.0002130887379900135,4.410207864850953,True
-0.05442260000000054,1.6512818500000006,0.0004068743550772261,2.7968801676681156,True
-0.05442260000000054,1.7283477500000006,0.00032601005644702783,3.3495662747802393,True
-0.05442260000000054,1.8054136500000006,0.00016096471315351797,5.109928564072338,True
-0.05442260000000054,1.8824795500000007,0.0001831687071658816,4.787603977049942,True
-0.05442260000000054,1.9595454500000007,0.0001178844497700409,5.886865863818155,True
-0.05442260000000054,2.0366113500000007,9.398761134124804e-05,6.451938176654535,True
-0.05442260000000054,2.1136772500000007,0.00011445327242943789,5.960544308389047,True
-0.05442260000000054,2.1907431500000007,0.0001534337847783388,5.229447459865242,True
-0.05442260000000054,2.2678090500000008,9.156497376638043e-05,6.517075746902678,True
-0.05442260000000054,2.344874950000001,3.46692764287902e-05,8.939564921130119,True
-0.05442260000000054,2.421940850000001,3.4283757189940112e-06,14.710884416798642,True
-0.05442260000000054,2.499006750000001,1.1622419393437144e-06,17.409099857389172,False
-0.05442260000000054,2.576072650000001,8.375077675650502e-06,12.483006478425555,True
-0.05442260000000054,2.653138550000001,1.1330703707162456e-06,17.472505340650244,False
-0.05442260000000054,2.730204450000001,2.808583391196284e-09,32.438553378750335,False
-0.05442260000000054,2.807270350000001,0.0,,False
-0.05442260000000054,2.884336250000001,0.0,,False
-0.05442260000000054,2.961402150000001,2.075278023607423e-08,27.449875807950338,False
-0.05442260000000054,3.038468050000001,8.372269092259306e-06,12.48384309555034,True
-0.05442260000000054,3.115533950000001,6.186316599804719e-05,7.495165524750339,True
-0.05442260000000054,3.192599850000001,8.372269092259306e-06,12.48384309555034,True
-0.05442260000000054,3.269665750000001,2.075278023607423e-08,27.449875807950338,False
-0.05442260000000054,3.346731650000001,0.0,,False
-0.05442260000000054,3.423797550000001,0.0,,False
-0.05442260000000054,3.5008634500000007,0.0,,False
-0.05442260000000054,3.5779293500000002,0.0,,False
-0.05442260000000054,3.6549952500000003,0.0,,False
-0.05442260000000054,3.7320611500000003,0.0,,False
-0.05442260000000054,3.80912705,0.0,,False
0.028350599999999337,-3.82039705,1.1330634089340514e-06,17.47252066635034,False
0.028350599999999337,-3.74333115,8.372269092259306e-06,12.48384309555034,True
0.028350599999999337,-3.66626525,1.1330634089340514e-06,17.47252066635034,False
0.028350599999999337,-3.58919935,2.808583391196284e-09,32.438553378750335,False
0.028350599999999337,-3.51213345,6.961782194276772e-12,47.404586091150335,False
0.028350599999999337,-3.43506755,5.617166782392568e-09,30.70960948228901,False
0.028350599999999337,-3.35800165,1.1745689694061999e-06,17.382783586533247,False
0.028350599999999337,-3.28093575,1.6750155351301004e-05,10.754062581964225,True
0.028350599999999337,-3.20386985,6.415286114132476e-05,7.404511912320972,True
0.028350599999999337,-3.1268039499999998,2.6252679269103163e-05,9.633205212563754,True
0.028350599999999337,-3.0497380499999998,7.139206682465002e-05,7.137822039905298,True
0.028350599999999337,-2.9726721499999997,1.0670383023928268e-05,11.878848666395731,True
0.028350599999999337,-2.8956062499999997,1.9057801653205644e-05,10.432120718375355,True
0.028350599999999337,-2.8185403499999997,8.088788087917208e-05,6.826335859718154,True
0.028350599999999337,-2.7414744499999997,2.1353113963265603e-05,10.148461945568267,True
0.028350599999999337,-2.6644085499999997,2.9710233518506837e-05,9.324596892463699,True
0.028350599999999337,-2.5873426499999996,9.047343680326513e-05,6.546989165784545,True
0.028350599999999337,-2.5102767499999996,3.8108879519566804e-05,8.703616874813902,True
0.028350599999999337,-2.4332108499999996,0.00015351960448267428,5.228052698118722,True
0.028350599999999337,-2.3561449499999996,0.00019419406786806652,4.64180891810111,True
0.028350599999999337,-2.2790790499999996,0.0002439750901273123,4.072580549357514,True
0.028350599999999337,-2.2020131499999995,0.0002229815813251735,4.297013563855299,True
0.028350599999999337,-2.1249472499999995,0.0003679600580431799,3.047636129438973,True
0.028350599999999337,-2.04788135,0.000564253011909766,1.981235561151342,True
0.028350599999999337,-1.97081545,0.00043944129981014524,2.604816782075061,True
0.028350599999999337,-1.89374955,0.0004962978788281454,2.3013251900317253,True
0.028350599999999337,-1.8166836499999999,0.00023449237860719184,4.171463730805658,True
0.028350599999999337,-1.7396177499999999,0.0005216910846463214,2.1768594001809656,True
0.028350599999999337,-1.6625518499999998,0.0004166541797669927,2.7376342718515247,True
0.028350599999999337,-1.5854859499999998,0.0003817528239194196,2.9558470886260086,True
0.028350599999999337,-1.5084200499999998,0.0004420351490582751,2.5901369628560533,True
0.028350599999999337,-1.4313541499999998,0.0003937480190343292,2.878677689922691,True
0.028350599999999337,-1.3542882499999997,0.0005709501192845399,1.9518046196437289,True
0.028350599999999337,-1.2772223499999997,0.0004467885039510231,2.563457676218835,True
0.028350599999999337,-1.2001564499999997,0.0005539056197808482,2.0274018877728213,True
0.028350599999999337,-1.1230905499999997,0.001032071867931619,0.47510184669069383,True
0.028350599999999337,-1.0460246499999997,0.0006630255152664572,1.5788719746887316,True
0.028350599999999337,-0.9689587499999996,0.0008183080264363972,1.0539998573964922,True
0.028350599999999337,-0.8918928499999996,0.0010494497823506361,0.43345211120608074,True
0.028350599999999337,-0.8148269499999996,0.0007847342717919976,1.1584968707055354,True
0.028350599999999337,-0.7377610499999996,0.0005658279322245538,1.9742831611684146,True
0.028350599999999337,-0.6606951499999996,0.0008139475710252024,1.0673267884783275,True
0.028350599999999337,-0.5836292499999995,0.0007543358732683362,1.257041783469219,True
0.028350599999999337,-0.5065633499999995,0.0007503438096052961,1.270277268344136,True
0.028350599999999337,-0.4294974499999995,0.00043537459536883446,2.628007516815514,True
0.028350599999999337,-0.3524315499999995,0.0006699635772324109,1.5529062208288154,True
0.028350599999999337,-0.27536564999999946,0.0009155281213302708,0.7739797621237332,True
0.028350599999999337,-0.19829974999999966,0.0006171503365087533,1.7577181173398642,True
0.028350599999999337,-0.12123384999999987,0.0007716299945601427,1.200501535177662,True
0.028350599999999337,-0.044167949999999845,0.0008935238652227314,0.8346621271151823,True
0.028350599999999337,0.032897950000000176,0.0009364347720116867,0.7176606152599203,True
0.028350599999999337,0.1099638500000002,0.0008317269006159745,1.0134286480230117,True
0.028350599999999337,0.18702975000000022,0.0007786633813662185,1.1778686965911809,True
0.028350599999999337,0.26409565000000024,0.0006824339776321833,1.5069045330711774,True
0.028350599999999337,0.34116155000000026,0.0005824825962656397,1.901924183877929,True
0.028350599999999337,0.4182274500000003,0.0008354939415930048,1.0021568450712015,True
0.028350599999999337,0.4952933500000003,0.000826907476605798,1.027924078997312,True
0.028350599999999337,0.5723592500000003,0.000781089900749776,1.1701077688031898,True
0.028350599999999337,0.6494251500000003,0.0006795108012587919,1.5176118738007058,True
0.028350599999999337,0.7264910500000004,0.0006385967900223301,1.6725100022649746,True
0.028350599999999337,0.8035569500000004,0.0009683874395558374,0.6339695974410333,True
0.028350599999999337,0.8806228500000004,0.0006642252654355809,1.574362526680521,True
0.028350599999999337,0.9576887500000004,0.0007094268834847072,1.4101450124357,True
0.028350599999999337,1.0347546500000004,0.0006520252939932966,1.6206025578176924,True
0.028350599999999337,1.1118205500000005,0.0005878573459709936,1.879013676562911,True
0.028350599999999337,1.1888864500000005,0.0006506813405822398,1.625749190558023,True
0.028350599999999337,1.2659523500000005,0.00042880646653351885,2.665924232880114,True
0.028350599999999337,1.3430182500000005,0.0005032392528472383,2.2666803204470924,True
0.028350599999999337,1.4200841500000005,0.00029461162179252905,3.6021686526136594,True
0.028350599999999337,1.4971500500000006,0.0004593792365786656,2.4941381174302206,True
0.028350599999999337,1.5742159500000006,0.0004202876690456016,2.7159763509644677,True
0.028350599999999337,1.6512818500000006,0.0002487698670391462,4.0240354537782945,True
0.028350599999999337,1.7283477500000006,0.0001979304154742124,4.5942729992165745,True
0.028350599999999337,1.8054136500000006,0.00023286168255710332,4.188870340696488,True
0.028350599999999337,1.8824795500000007,0.00012632744472387518,5.71432646815156,True
0.028350599999999337,1.9595454500000007,0.00016419559771160274,5.060358025300703,True
0.028350599999999337,2.0366113500000007,8.11392185541803e-05,6.81859737873515,True
0.028350599999999337,2.1136772500000007,0.0002176337338380071,4.357565242476883,True
0.028350599999999337,2.1907431500000007,0.0001156166070652793,5.935319142543021,True
0.028350599999999337,2.2678090500000008,0.00010606414487504923,6.150419830152624,True
0.028350599999999337,2.344874950000001,0.00019512121436591776,4.629928460555007,True
0.028350599999999337,2.421940850000001,2.5161128382423455e-05,9.739134223714418,True
0.028350599999999337,2.499006750000001,8.437336016358723e-06,12.464532735553886,True
0.028350599999999337,2.576072650000001,6.188391877828326e-05,7.494328907625555,True
0.028350599999999337,2.653138550000001,8.3750776756505e-06,12.483006478425555,True
0.028350599999999337,2.730204450000001,2.0759742018268505e-08,27.44903919082556,False
0.028350599999999337,2.807270350000001,0.0,,False
0.028350599999999337,2.884336250000001,0.0,,False
0.028350599999999337,2.961402150000001,2.808583391196284e-09,32.438553378750335,False
0.028350599999999337,3.038468050000001,1.1330634089340514e-06,17.47252066635034,False
0.028350599999999337,3.115533950000001,8.372269092259306e-06,12.48384309555034,True
0.028350599999999337,3.192599850000001,1.1330634089340514e-06,17.47252066635034,False
0.028350599999999337,3.269665750000001,2.808583391196284e-09,32.438553378750335,False
0.028350599999999337,3.346731650000001,0.0,,False
0.028350599999999337,3.423797550000001,0.0,,False
0.028350599999999337,3.5008634500000007,0.0,,False
0.028350599999999337,3.5779293500000002,0.0,,False
0.028350599999999337,3.6549952500000003,0.0,,False
0.028350599999999337,3.7320611500000003,0.0,,False
0.028350599999999337,3.80912705,0.0,,False
0.11112379999999922,-3.82039705,2.808583391196284e-09,32.438553378750335,False
0.11112379999999922,-3.74333115,2.075278023607423e-08,27.449875807950338,False
0.11112379999999922,-3.66626525,2.808583391196284e-09,32.438553378750335,False
0.11112379999999922,-3.58919935,6.961782194276772e-12,47.404586091150335,False
0.11112379999999922,-3.51213345,0.0,,False
0.11112379999999922,-3.43506755,6.961782194276772e-12,47.404586091150335,False
0.11112379999999922,-3.35800165,5.617166782392568e-09,30.70960948228901,False
0.11112379999999922,-3.28093575,1.1538301127345142e-06,17.427218497184203,False
0.11112379999999922,-3.20386985,8.404256206060165e-06,12.474331376782349,True
0.11112379999999922,-3.1268039499999998,1.0679908432381752e-05,11.876622973376284,True
0.11112379999999922,-3.0497380499999998,7.026461362071616e-05,7.177528033732386,True
0.11112379999999922,-2.9726721499999997,1.7880438023972635e-05,10.59118292153019,True
0.11112379999999922,-2.8956062499999997,6.30254148991731e-05,7.448738122207781,True
0.11112379999999922,-2.8185403499999997,1.6791681797119737e-05,10.747886350358963,True
0.11112379999999922,-2.7414744499999997,2.3452645060522806e-06,15.657955935269165,True
0.11112379999999922,-2.6644085499999997,1.7977478138308525e-05,10.577682331549429,True
0.11112379999999922,-2.5873426499999996,7.98378564383111e-05,6.858927453257936,True
0.11112379999999922,-2.5102767499999996,7.370707402735932e-05,7.058222639713558,True
0.11112379999999922,-2.4332108499999996,4.4300869345422275e-05,8.32807674104675,True
0.11112379999999922,-2.3561449499999996,0.0001653353709838169,5.043103246317375,True
0.11112379999999922,-2.2790790499999996,0.00021215359484774796,4.421178398072164,True
0.11112379999999922,-2.2020131499999995,0.00026645452282732094,3.8527358830073664,True
0.11112379999999922,-2.1249472499999995,0.0003914294631216832,2.893408832574926,True
0.11112379999999922,-2.04788135,0.0005118929164841096,2.2241524755328195,True
0.11112379999999922,-1.97081545,0.0004306668606945528,2.6551258510980538,True
0.11112379999999922,-1.89374955,0.00045965123653074155,2.492661648325547,True
0.11112379999999922,-1.8166836499999999,0.0004936053910400214,2.3148941790138333,True
0.11112379999999922,-1.7396177499999999,0.0007739210946133246,1.1931063944412286,True
0.11112379999999922,-1.6625518499999998,0.0004581485995229035,2.50082920070611,True
0.11112379999999922,-1.5854859499999998,0.0004226177895622705,2.7021856589593183,True
0.11112379999999922,-1.5084200499999998,0.0005835543417164199,1.8973389140435233,True
0.11112379999999922,-1.4313541499999998,0.000654488773581695,1.611196214451116,True
0.11112379999999922,-1.3542882499999997,0.0007659073171003476,1.2190693606880398,True
0.11112379999999922,-1.2772223499999997,0.0008190012467688579,1.0518877011976573,True
0.11112379999999922,-1.2001564499999997,0.0005750364854014669,1.9340158869381945,True
0.11112379999999922,-1.1230905499999997,0.0009170301894278231,0.769890759846325,True
0.11112379999999922,-1.0460246499999997,0.0008546622315031178,0.9455771516887731,True
0.11112379999999922,-0.9689587499999996,0.000913611630775897,0.7792066765411896,True
0.11112379999999922,-0.8918928499999996,0.0006381078607573719,1.6744204759015788,True
0.11112379999999922,-0.8148269499999996,0.000559603345974269,2.0018750462135118,True
0.11112379999999922,-0.7377610499999996,0.000635919286665739,1.6829902314556315,True
0.11112379999999922,-0.6606951499999996,0.0007208478212830949,1.3703088977013398,True
0.11112379999999922,-0.5836292499999995,0.0008068473602501202,1.0891808109341132,True
0.11112379999999922,-0.5065633499999995,0.001153180499358247,0.19834130815648066,True
0.11112379999999922,-0.4294974499999995,0.0006879954624629714,1.4866593412111668,True
0.11112379999999922,-0.3524315499999995,0.000751307958647564,1.267074242539691,True
0.11112379999999922,-0.27536564999999946,0.0008928720184532635,0.836482470261113,True
0.11112379999999922,-0.19829974999999966,0.000597556765662641,1.8381938846618648,True
0.11112379999999922,-0.12123384999999987,0.0009417841482628922,0.7034522686226381,True
0.11112379999999922,-0.044167949999999845,0.0008070907430514071,1.0884285154596967,True
0.11112379999999922,0.032897950000000176,0.0008144135412753794,1.0658992332624673,True
0.11112379999999922,0.1099638500000002,0.000954820451151955,0.6691620765328874,True
0.11112379999999922,0.18702975000000022,0.0010294961285051622,0.4813347433078963,True
0.11112379999999922,0.26409565000000024,0.0007101358978897834,1.407653368810985,True
0.11112379999999922,0.34116155000000026,0.0008806210090802715,0.8709440141633521,True
0.11112379999999922,0.4182274500000003,0.0009166841089888719,0.7708322826045205,True
0.11112379999999922,0.4952933500000003,0.0006870552209613834,1.4900705335967976,True
0.11112379999999922,0.5723592500000003,0.0007613153010340327,1.234069241071028,True
0.11112379999999922,0.6494251500000003,0.0005102776897838135,2.232035554804482,True
0.11112379999999922,0.7264910500000004,0.0007738940190665465,1.1931936601435396,True
0.11112379999999922,0.8035569500000004,0.0003742488752179456,3.0053655091278575,True
0.11112379999999922,0.8806228500000004,0.00027603032467094017,3.7646678926406163,True
0.11112379999999922,0.9576887500000004,0.0006714252483725832,1.5474702064683812,True
0.11112379999999922,1.0347546500000004,0.0006964686047457811,1.4561274526408143,True
0.11112379999999922,1.1118205500000005,0.0007343631624894383,1.3239749852908893,True
0.11112379999999922,1.1888864500000005,0.0008691338224632382,0.9036952845141096,True
0.11112379999999922,1.2659523500000005,0.0006562942701937979,1.6043247140971655,True
0.11112379999999922,1.3430182500000005,0.0006877102978893369,1.4876934243515088,True
0.11112379999999922,1.4200841500000005,0.000479727172975958,2.3860298320749878,True
0.11112379999999922,1.4971500500000006,0.00021554894503655338,4.3815745575779586,True
0.11112379999999922,1.5742159500000006,0.00029169761140488413,3.6269630394965353,True
0.11112379999999922,1.6512818500000006,0.00024865379003146776,4.025199593776405,True
0.11112379999999922,1.7283477500000006,0.0004546803027017342,2.5197837909680674,True
0.11112379999999922,1.8054136500000006,0.00014868736168063612,5.3078276827341435,True
0.11112379999999922,1.8824795500000007,6.455117024131462e-05,7.389073064013544,True
0.11112379999999922,1.9595454500000007,0.00017250278595619826,4.937249932853721,True
0.11112379999999922,2.0366113500000007,0.00023543116074103542,4.16149766779099,True
0.11112379999999922,2.1136772500000007,0.00013458576650719384,5.556374057520311,True
0.11112379999999922,2.1907431500000007,4.0410887769342476e-05,8.557319079340962,True
0.11112379999999922,2.2678090500000008,1.5231836075420719e-05,10.99107419638199,True
0.11112379999999922,2.344874950000001,2.6266736109623528e-05,9.631869991175833,True
0.11112379999999922,2.421940850000001,3.4491284992300854e-06,14.695831100911024,True
0.11112379999999922,2.499006750000001,2.2801697348240846e-06,15.728167346671887,True
0.11112379999999922,2.576072650000001,1.6744552108082997e-05,10.754897124975539,True
0.11112379999999922,2.653138550000001,2.266126817868103e-06,15.74357676988901,True
0.11112379999999922,2.730204450000001,5.624128564586845e-09,30.70651997257919,False
0.11112379999999922,2.807270350000001,2.808583391196284e-09,32.438553378750335,False
0.11112379999999922,2.884336250000001,2.075278023607423e-08,27.449875807950338,False
0.11112379999999922,2.961402150000001,2.8155451733905604e-09,32.43237818129086,False
0.11112379999999922,3.038468050000001,2.8155451733905604e-09,32.43237818129086,False
0.11112379999999922,3.115533950000001,2.075278023607423e-08,27.449875807950338,False
0.11112379999999922,3.192599850000001,2.808583391196284e-09,32.438553378750335,False
0.11112379999999922,3.269665750000001,6.961782194276772e-12,47.404586091150335,False
0.11112379999999922,3.346731650000001,0.0,,False
0.11112379999999922,3.423797550000001,0.0,,False
0.11112379999999922,3.5008634500000007,0.0,,False
0.11112379999999922,3.5779293500000002,0.0,,False
0.11112379999999922,3.6549952500000003,0.0,,False
0.11112379999999922,3.7320611500000003,0.0,,False
0.11112379999999922,3.80912705,0.0,,False
0.19389699999999932,-3.82039705,0.0,,False
0.19389699999999932,-3.74333115,0.0,,False
0.19389699999999932,-3.66626525,0.0,,False
0.19389699999999932,-3.58919935,0.0,,False
0.19389699999999932,-3.51213345,0.0,,False
0.19389699999999932,-3.43506755,0.0,,False
0.19389699999999932,-3.35800165,6.961782194276772e-12,47.404586091150335,False
0.19389699999999932,-3.28093575,5.617166782392568e-09,30.70960948228901,False
0.19389699999999932,-3.20386985,1.1566317343435161e-06,17.421169319721937,False
0.19389699999999932,-3.1268039499999998,9.51094966797575e-06,12.165768042995062,True
0.19389699999999932,-3.0497380499999998,9.528900826602822e-06,12.161064614836684,True
0.19389699999999932,-2.9726721499999997,2.2717509464326896e-06,15.737393928515054,True
0.19389699999999932,-2.8956062499999997,8.377893220823892e-06,12.482168069090571,True
0.19389699999999932,-2.8185403499999997,1.1773845145795904e-06,17.376811591822776,False
0.19389699999999932,-2.7414744499999997,9.522197925104923e-06,12.162819821514129,True
0.19389699999999932,-2.6644085499999997,7.36638247328649e-05,7.059686679041582,True
0.19389699999999932,-2.5873426499999996,3.5813574171289036e-05,8.858566010569309,True
0.19389699999999932,-2.5102767499999996,1.5261021567612576e-05,10.98629940431577,True
0.19389699999999932,-2.4332108499999996,3.203194362271405e-05,9.136917619783418,True
0.19389699999999932,-2.3561449499999996,6.663612528027605e-05,7.309781511723053,True
0.19389699999999932,-2.2790790499999996,0.00016986936139179318,4.975622111336891,True
0.19389699999999932,-2.2020131499999995,0.00010593475811517809,6.153464510563545,True
0.19389699999999932,-2.1249472499999995,0.0003250783854788919,3.3567047968843076,True
0.19389699999999932,-2.04788135,0.0005652851269626932,1.9766771576137996,True
0.19389699999999932,-1.97081545,0.00043439867127720007,2.633605036142206,True
0.19389699999999932,-1.89374955,0.00021722665327064634,4.362235233925427,True
0.19389699999999932,-1.8166836499999999,0.00040437446136969287,2.8122530136931694,True
0.19389699999999932,-1.7396177499999999,0.0007465426919507455,1.282945290352738,True
0.19389699999999932,-1.6625518499999998,0.0004983715285015726,2.290924966071617,True
0.19389699999999932,-1.5854859499999998,0.0004888650628383085,2.3389642692576578,True
0.19389699999999932,-1.5084200499999998,0.0006660936500807147,1.5673561054438065,True
0.19389699999999932,-1.4313541499999998,0.0006121163901361034,1.778147268472394,True
0.19389699999999932,-1.3542882499999997,0.0006651591287584944,1.570858089739721,True
0.19389699999999932,-1.2772223499999997,0.0005536900743396992,2.0283727174058996,True
0.19389699999999932,-1.2001564499999997,0.00041252991107964035,2.7624475993085156,True
0.19389699999999932,-1.1230905499999997,0.0007775644835022985,1.1813913478437668,True
0.19389699999999932,-1.0460246499999997,0.0011481141981607536,0.2093239015676909,True
0.19389699999999932,-0.9689587499999996,0.0008917429056255763,0.8396387705441527,True
0.19389699999999932,-0.8918928499999996,0.000668807968576743,1.5572123777911473,True
0.19389699999999932,-0.8148269499999996,0.0006040252181000819,1.811338176312765,True
0.19389699999999932,-0.7377610499999996,0.0005478060424774312,2.055021760047858,True
0.19389699999999932,-0.6606951499999996,0.0012116959616809554,0.07487846539446737,True
0.19389699999999932,-0.5836292499999995,0.001132074647789343,0.24441637434138438,True
0.19389699999999932,-0.5065633499999995,0.0009941419803893954,0.5684987437613387,True
0.19389699999999932,-0.4294974499999995,0.0009191673592042588,0.7640843825580829,True
0.19389699999999932,-0.3524315499999995,0.0009553141124355435,0.6678727867232649,True
0.19389699999999932,-0.27536564999999946,0.0007289877547847777,1.3423002524223755,True
0.19389699999999932,-0.19829974999999966,0.0005070749518416776,2.247740512029354,True
0.19389699999999932,-0.12123384999999987,0.0007008476952880359,1.4404932384772948,True
0.19389699999999932,-0.044167949999999845,0.0005693638213795564,1.9587444049096072,True
0.19389699999999932,0.032897950000000176,0.0006018876616664899,1.82018093036554,True
0.19389699999999932,0.1099638500000002,0.0007942209533645638,1.128523528645972,True
0.19389699999999932,0.18702975000000022,0.0007451405811111404,1.2876344097412749,True
0.19389699999999932,0.26409565000000024,0.0007483828044295229,1.2768046950461391,True
0.19389699999999932,0.34116155000000026,0.0007070099466180084,1.4186574502535145,True
0.19389699999999932,0.4182274500000003,0.0006964477962712875,1.456201977407642,True
0.19389699999999932,0.4952933500000003,0.0005841395219983649,1.894838878646821,True
0.19389699999999932,0.5723592500000003,0.00048409571549093866,2.363418417091814,True
0.19389699999999932,0.6494251500000003,0.0007844089770681908,1.1595310595961805,True
0.19389699999999932,0.7264910500000004,0.0005307035049352844,2.1341366814092897,True
0.19389699999999932,0.8035569500000004,0.0004078899220761304,2.790662002396372,True
0.19389699999999932,0.8806228500000004,0.000612156844770771,1.7779824236298214,True
0.19389699999999932,0.9576887500000004,0.0008796516586660956,0.8736911892157567,True
0.19389699999999932,1.0347546500000004,0.0006663674146521594,1.566331142514225,True
0.19389699999999932,1.1118205500000005,0.00043464791264823387,2.632174290202366,True
0.19389699999999932,1.1888864500000005,0.0006439619934338837,1.6516412308742547,True
0.19389699999999932,1.2659523500000005,0.000834997485758617,1.0036394376294557,True
0.19389699999999932,1.3430182500000005,0.0004560177333723652,2.512457525925927,True
0.19389699999999932,1.4200841500000005,0.0005913146782886319,1.8643868322546289,True
0.19389699999999932,1.4971500500000006,0.00030359022581827967,3.527286362158236,True
0.19389699999999932,1.5742159500000006,0.0002917890273906554,3.626181453679073,True
0.19389699999999932,1.6512818500000006,0.00023188852691384182,4.199316310868937,True
0.19389699999999932,1.7283477500000006,0.0003894330960139029,2.9061630021737352,True
0.19389699999999932,1.8054136500000006,8.457039589478332e-05,6.71528723368178,True
0.19389699999999932,1.8824795500000007,0.00019872856254725863,4.5842348959694466,True
0.19389699999999932,1.9595454500000007,7.162545334103116e-05,7.129681141421276,True
0.19389699999999932,2.0366113500000007,0.00017024337596339243,4.970136169025192,True
0.19389699999999932,2.1136772500000007,0.00016906039516737702,4.987529237355956,True
0.19389699999999932,2.1907431500000007,0.00014168868844451358,5.428088589964105,True
0.19389699999999932,2.2678090500000008,1.6850045819721254e-05,10.73923163482478,True
0.19389699999999932,2.344874950000001,2.3990762112403314e-06,15.601370463147793,True
0.19389699999999932,2.421940850000001,1.6797312887466518e-05,10.747050014093496,True
0.19389699999999932,2.499006750000001,1.0649658090820969e-05,11.883698096139252,True
0.19389699999999932,2.576072650000001,6.193104846732e-05,7.492429986685687,True
0.19389699999999932,2.653138550000001,8.380694842432894e-06,12.48133408552584,True
0.19389699999999932,2.730204450000001,2.3582248973853343e-08,27.131064285898102,False
0.19389699999999932,2.807270350000001,1.1330634089340514e-06,17.47252066635034,False
0.19389699999999932,2.884336250000001,8.372269092259306e-06,12.48384309555034,True
0.19389699999999932,2.961402150000001,1.1330634089340514e-06,17.47252066635034,False
0.19389699999999932,3.038468050000001,2.808583391196284e-09,32.438553378750335,False
0.19389699999999932,3.115533950000001,0.0,,False
0.19389699999999932,3.192599850000001,0.0,,False
0.19389699999999932,3.269665750000001,0.0,,False
0.19389699999999932,3.346731650000001,0.0,,False
0.19389699999999932,3.423797550000001,0.0,,False
0.19389699999999932,3.5008634500000007,0.0,,False
0.19389699999999932,3.5779293500000002,0.0,,False
0.19389699999999932,3.6549952500000003,0.0,,False
0.19389699999999932,3.7320611500000003,0.0,,False
0.19389699999999932,3.80912705,0.0,,False
0.2766701999999994,-3.82039705,0.0,,False
0.2766701999999994,-3.74333115,0.0,,False
0.2766701999999994,-3.66626525,0.0,,False
0.2766701999999994,-3.58919935,0.0,,False
0.2766701999999994,-3.51213345,0.0,,False
0.2766701999999994,-3.43506755,0.0,,False
0.2766701999999994,-3.35800165,0.0,,False
0.2766701999999994,-3.28093575,2.075278023607423e-08,27.449875807950338,False
0.2766701999999994,-3.20386985,8.372276054041499e-06,12.483841021436866,True
0.2766701999999994,-3.1268039499999998,6.186597458143838e-05,7.495052284515208,True
0.2766701999999994,-3.0497380499999998,8.393028834277574e-06,12.477665829105886,True
0.2766701999999994,-2.9726721499999997,2.6376908800661072e-08,26.85171157720487,False
0.2766701999999994,-2.8956062499999997,2.356832540946479e-08,27.13253744240358,False
0.2766701999999994,-2.8185403499999997,4.993131064573731e-08,25.259926051360882,False
0.2766701999999994,-2.7414744499999997,1.0685539522728533e-05,11.875308154477022,True
0.2766701999999994,-2.6644085499999997,9.649655403314765e-05,6.3862265203372575,True
0.2766701999999994,-2.5873426499999996,0.00014510969630092077,5.368579486852184,True
0.2766701999999994,-2.5102767499999996,5.9856774758232115e-05,7.5774046846054866,True
0.2766701999999994,-2.4332108499999996,0.00021421101009470647,4.397105431312041,True
0.2766701999999994,-2.3561449499999996,0.00023936089022000073,4.12020674696233,True
0.2766701999999994,-2.2790790499999996,0.00020044546568054582,4.562777766084827,True
0.2766701999999994,-2.2020131499999995,0.00024395325161236073,4.072803830729944,True
0.2766701999999994,-2.1249472499999995,0.000325983707385356,3.3497678824954304,True
0.2766701999999994,-2.04788135,0.00020133237947549476,4.55176537653604,True
0.2766701999999994,-1.97081545,0.00017734477609845516,4.86820080188585,True
0.2766701999999994,-1.89374955,0.00024135919594790782,4.099469189551794,True
0.2766701999999994,-1.8166836499999999,0.0001618281699677755,5.096584038396929,True
0.2766701999999994,-1.7396177499999999,0.00031933518906736324,3.401166482455575,True
0.2766701999999994,-1.6625518499999998,0.00034041517618582407,3.2417166774452677,True
0.2766701999999994,-1.5854859499999998,0.0007527920910332284,1.262151790506732,True
0.2766701999999994,-1.5084200499999998,0.00030942279064408054,3.479819729947863,True
0.2766701999999994,-1.4313541499999998,0.00046062963592928357,2.4873579186492982,True
0.2766701999999994,-1.3542882499999997,0.0005341217864445666,2.1181220703628,True
0.2766701999999994,-1.2772223499999997,0.0005821218908773504,1.9034692946495517,True
0.2766701999999994,-1.2001564499999997,0.0005609848145768882,1.9957249679183526,True
0.2766701999999994,-1.1230905499999997,0.0009401389523429595,0.7078134213570417,True
0.2766701999999994,-1.0460246499999997,0.0010715559200023695,0.3814558405688632,True
0.2766701999999994,-0.9689587499999996,0.0006560447931889615,1.6052730668424091,True
0.2766701999999994,-0.8918928499999996,0.0004834669453941086,2.36666030709812,True
0.2766701999999994,-0.8148269499999996,0.0007201741221841386,1.372641178513946,True
0.2766701999999994,-0.7377610499999996,0.0004948334191446635,2.308696284565696,True
0.2766701999999994,-0.6606951499999996,0.0008420734915979819,0.9825907631413308,True
0.2766701999999994,-0.5836292499999995,0.0009169523177444539,0.770102581234446,True
0.2766701999999994,-0.5065633499999995,0.0006729430550013178,1.5418379321252775,True
0.2766701999999994,-0.4294974499999995,0.0009919858788242598,0.5739143567057736,True
0.2766701999999994,-0.3524315499999995,0.0006513863910951846,1.6230478948124945,True
0.2766701999999994,-0.27536564999999946,0.0006747671533497171,1.5350858544027086,True
0.2766701999999994,-0.19829974999999966,0.0006138015066983561,1.7712899507722581,True
0.2766701999999994,-0.12123384999999987,0.00030284600179513946,3.5334085154641603,True
0.2766701999999994,-0.044167949999999845,0.000505684414783493,2.254590061508988,True
0.2766701999999994,0.032897950000000176,0.0003580187093703553,3.115953944856375,True
0.2766701999999994,0.1099638500000002,0.0008000550608779684,1.1102678370629993,True
0.2766701999999994,0.18702975000000022,0.000578361517992907,1.919634414616103,True
0.2766701999999994,0.26409565000000024,0.0005665553812831539,1.9710784077439685,True
0.2766701999999994,0.34116155000000026,0.00045725471379789084,2.505700615327092,True
0.2766701999999994,0.4182274500000003,0.0005081294584132473,2.2425587032028327,True
0.2766701999999994,0.4952933500000003,0.0005753661788674207,1.9325861836743221,True
0.2766701999999994,0.5723592500000003,0.0006875505836394182,1.488272778356694,True
0.2766701999999994,0.6494251500000003,0.0005764700498223805,1.9278052453578973,True
0.2766701999999994,0.7264910500000004,0.0006858468996461279,1.4944611794481624,True
0.2766701999999994,0.8035569500000004,0.00043113658150255313,2.6524068019776674,True
0.2766701999999994,0.8806228500000004,0.0008995985399922497,0.8177616022988328,True
0.2766701999999994,0.9576887500000004,0.0007844434886812303,1.1594213186780962,True
0.2766701999999994,1.0347546500000004,0.0005024965776720159,2.270364158240304,True
0.2766701999999994,1.1118205500000005,0.0004951060013617069,2.3073226400794153,True
0.2766701999999994,1.1888864500000005,0.0005724252031894902,1.945368655940792,True
0.2766701999999994,1.2659523500000005,0.0006420004011379488,1.6592509083585762,True
0.2766701999999994,1.3430182500000005,0.0004270765714090803,2.6760072703701825,True
0.2766701999999994,1.4200841500000005,0.0005851292952044439,1.8906160168890713,True
0.2766701999999994,1.4971500500000006,0.0006495346285969951,1.6301489041284987,True
0.2766701999999994,1.5742159500000006,0.00038581305430898286,2.9294579932044624,True
0.2766701999999994,1.6512818500000006,0.00016065401481021367,5.114747855375766,True
0.2766701999999994,1.7283477500000006,0.0001359185621204931,5.531794260886258,True
0.2766701999999994,1.8054136500000006,3.769728155273088e-05,8.730703719662664,True
0.2766701999999994,1.8824795500000007,0.00010605078084274657,6.150734135466437,True
0.2766701999999994,1.9595454500000007,8.548803786952767e-05,6.688367872683125,True
0.2766701999999994,2.0366113500000007,2.8653464405454798e-05,9.414934838834576,True
0.2766701999999994,2.1136772500000007,2.1376675326892874e-05,10.145711170052405,True
0.2766701999999994,2.1907431500000007,2.0160614720578914e-05,10.291803232768027,True
0.2766701999999994,2.2678090500000008,1.1824220098444977e-05,11.622734907086777,True
0.2766701999999994,2.344874950000001,2.7409311003446677e-05,9.525662489033902,True
0.2766701999999994,2.421940850000001,0.0001332485159976349,5.581281873634232,True
0.2766701999999994,2.499006750000001,2.130036014566428e-05,10.154631945230168,True
0.2766701999999994,2.576072650000001,2.5163930004032453e-05,9.738856501495205,True
0.2766701999999994,2.653138550000001,3.3991971885843485e-06,14.73220431603125,True
0.2766701999999994,2.730204450000001,2.917853040966308e-08,26.5999224987652,False
0.2766701999999994,2.807270350000001,8.372269092259306e-06,12.48384309555034,True
0.2766701999999994,2.884336250000001,6.186316599804719e-05,7.495165524750339,True
0.2766701999999994,2.961402150000001,8.372269092259306e-06,12.48384309555034,True
0.2766701999999994,3.038468050000001,2.075278023607423e-08,27.449875807950338,False
0.2766701999999994,3.115533950000001,0.0,,False
0.2766701999999994,3.192599850000001,0.0,,False
0.2766701999999994,3.269665750000001,0.0,,False
0.2766701999999994,3.346731650000001,0.0,,False
0.2766701999999994,3.423797550000001,0.0,,False
0.2766701999999994,3.5008634500000007,0.0,,False
0.2766701999999994,3.5779293500000002,0.0,,False
0.2766701999999994,3.6549952500000003,0.0,,False
0.2766701999999994,3.7320611500000003,0.0,,False
0.2766701999999994,3.80912705,0.0,,False
0.3594433999999995,-3.82039705,0.0,,False
0.3594433999999995,-3.74333115,0.0,,False
0.3594433999999995,-3.66626525,0.0,,False
0.3594433999999995,-3.58919935,0.0,,False
0.3594433999999995,-3.51213345,0.0,,False
0.3594433999999995,-3.43506755,0.0,,False
0.3594433999999995,-3.35800165,0.0,,False
0.3594433999999995,-3.28093575,2.808583391196284e-09,32.438553378750335,False
0.3594433999999995,-3.20386985,1.1330634089340514e-06,17.47252066635034,False
0.3594433999999995,-3.1268039499999998,8.372269092259306e-06,12.48384309555034,True
0.3594433999999995,-3.0497380499999998,1.1330634089340514e-06,17.47252066635034,False
0.3594433999999995,-2.9726721499999997,5.617166782392568e-09,30.70960948228901,False
0.3594433999999995,-2.8956062499999997,1.1330634089340514e-06,17.47252066635034,False
0.3594433999999995,-2.8185403499999997,8.395837417668771e-06,12.476831280966074,True
0.3594433999999995,-2.7414744499999997,1.0670383023928268e-05,11.878848666395731,True
0.3594433999999995,-2.6644085499999997,8.207196133346737e-05,6.790087054596898,True
0.3594433999999995,-2.5873426499999996,0.00011324107829410186,5.98710317033594,True
0.3594433999999995,-2.5102767499999996,0.00013895253698116832,5.476727951251887,True
0.3594433999999995,-2.4332108499999996,5.482425309724014e-05,7.796462381723394,True
0.3594433999999995,-2.3561449499999996,0.00011058406451894072,6.04632622069737,True
0.3594433999999995,-2.2790790499999996,0.0001034127482666705,6.213566027351955,True
0.3594433999999995,-2.2020131499999995,5.1066183912292414e-05,7.973585767080422,True
0.3594433999999995,-2.1249472499999995,0.0001346941105729165,5.554366875826579,True
0.3594433999999995,-2.04788135,0.0002451429422716562,4.060669214088789,True
0.3594433999999995,-1.97081545,0.0002596023167449642,3.9177200780182653,True
0.3594433999999995,-1.89374955,0.00019281998801338082,4.659521117570853,True
0.3594433999999995,-1.8166836499999999,9.877747085629945e-05,6.327953147126236,True
0.3594433999999995,-1.7396177499999999,0.00025613533313791016,3.95125636124737,True
0.3594433999999995,-1.6625518499999998,0.00045897483943544104,2.496334881337725,True
0.3594433999999995,-1.5854859499999998,0.0005587880433418715,2.0055117718848723,True
0.3594433999999995,-1.5084200499999998,0.0004285618178364442,2.6673477442499616,True
0.3594433999999995,-1.4313541499999998,0.0007762713808990952,1.1855429275506935,True
0.3594433999999995,-1.3542882499999997,0.0006146992532376846,1.767644394360508,True
0.3594433999999995,-1.2772223499999997,0.0006297768752938195,1.7072004260704823,True
0.3594433999999995,-1.2001564499999997,0.0006136792171806282,1.7717869548916578,True
0.3594433999999995,-1.1230905499999997,0.00047403390848775465,2.4158089861598966,True
0.3594433999999995,-1.0460246499999997,0.0006140588475048623,1.7702444000108288,True
0.3594433999999995,-0.9689587499999996,0.000504567622024086,2.260104845005146,True
0.3594433999999995,-0.8918928499999996,0.0003412124310399087,3.2358817476679143,True
0.3594433999999995,-0.8148269499999996,0.00038853876029778427,2.9118978555066852,True
0.3594433999999995,-0.7377610499999996,0.0004577819876228021,2.5028259771939365,True
0.3594433999999995,-0.6606951499999996,0.0007834350184895197,1.162630070693631,True
0.3594433999999995,-0.5836292499999995,0.0005822267967763865,1.9030198230157265,True
0.3594433999999995,-0.5065633499999995,0.0006474134813268671,1.6383078498601515,True
0.3594433999999995,-0.4294974499999995,0.0006182820309002869,1.7531483325777895,True
0.3594433999999995,-0.3524315499999995,0.0006199889442067982,1.7462716103642053,True
0.3594433999999995,-0.27536564999999946,0.0005942550586232953,1.8520141821737448,True
0.3594433999999995,-0.19829974999999966,0.0005835571920705042,1.8973267305485637,True
0.3594433999999995,-0.12123384999999987,0.0004771060684798332,2.399695617659624,True
0.3594433999999995,-0.044167949999999845,0.00047317286671771095,2.420343857595944,True
0.3594433999999995,0.032897950000000176,0.0003880215363454484,2.9152205387842107,True
0.3594433999999995,0.1099638500000002,0.0008834147914014551,0.8630432159752929,True
0.3594433999999995,0.18702975000000022,0.0006104286098827654,1.7850343743402852,True
0.3594433999999995,0.26409565000000024,0.00040146677477158506,2.830253549303166,True
0.3594433999999995,0.34116155000000026,0.0004104403772902843,2.7751139529978075,True
0.3594433999999995,0.4182274500000003,0.0004883749016412088,2.341466475945867,True
0.3594433999999995,0.4952933500000003,0.0008244421566636915,1.0353717419206054,True
0.3594433999999995,0.5723592500000003,0.0006260973142137605,1.7218166961621613,True
0.3594433999999995,0.6494251500000003,0.00045127013346789584,2.5385622080209673,True
0.3594433999999995,0.7264910500000004,0.0006861975609713281,1.4931861942882252,True
0.3594433999999995,0.8035569500000004,0.0004510823144817488,2.5396005698930075,True
0.3594433999999995,0.8806228500000004,0.0005972340928592261,1.839541158625971,True
0.3594433999999995,0.9576887500000004,0.0006288535604580351,1.7108600553846054,True
0.3594433999999995,1.0347546500000004,0.0006091620504258704,1.7902151774013708,True
0.3594433999999995,1.1118205500000005,0.0005286932049939429,2.143603154328541,True
0.3594433999999995,1.1888864500000005,0.0003392921703036881,3.2499589296184093,True
0.3594433999999995,1.2659523500000005,0.00032650264581043773,3.3458002638395055,True
0.3594433999999995,1.3430182500000005,0.00026627128955335075,3.8544517596157126,True
0.3594433999999995,1.4200841500000005,0.00048079904985533494,2.380462831154726,True
0.3594433999999995,1.4971500500000006,0.0004344323325509983,2.6334117589214965,True
0.3594433999999995,1.5742159500000006,0.00030559104166200547,3.5109013195649466,True
0.3594433999999995,1.6512818500000006,0.0002763827363613903,3.7614853673559137,True
0.3594433999999995,1.7283477500000006,0.00017264808326497956,4.935149861456342,True
0.3594433999999995,1.8054136500000006,9.776992773625859e-05,6.353526376934373,True
0.3594433999999995,1.8824795500000007,9.049703993758556e-05,6.5463385158577,True
0.3594433999999995,1.9595454500000007,8.933366353105098e-05,6.578612152343304,True
0.3594433999999995,2.0366113500000007,2.1376689250457263e-05,10.145709545380894,True
0.3594433999999995,2.1136772500000007,1.80010395019358e-05,10.574415380302497,True
0.3594433999999995,2.1907431500000007,1.0714718053138194e-05,11.868506256420902,True
0.3594433999999995,2.2678090500000008,7.140612366517039e-05,7.137330961937108,True
0.3594433999999995,2.344874950000001,8.92489225996488e-05,6.580979377640596,True
0.3594433999999995,2.421940850000001,8.930836539518363e-05,6.579318616799552,True
0.3594433999999995,2.499006750000001,3.578157313392379e-05,8.860795810688263,True
0.3594433999999995,2.576072650000001,0.000124906518132283,5.742541682849421,True
0.3594433999999995,2.653138550000001,1.6750155351301e-05,10.754062581964225,True
0.3594433999999995,2.730204450000001,4.4321105645539017e-08,25.557219518635215,False
0.3594433999999995,2.807270350000001,1.1330634089340514e-06,17.47252066635034,False
0.3594433999999995,2.884336250000001,8.372269092259306e-06,12.48384309555034,True
0.3594433999999995,2.961402150000001,1.1330634089340514e-06,17.47252066635034,False
0.3594433999999995,3.038468050000001,2.808583391196284e-09,32.438553378750335,False
0.3594433999999995,3.115533950000001,0.0,,False
0.3594433999999995,3.192599850000001,0.0,,False
0.3594433999999995,3.269665750000001,0.0,,False
0.3594433999999995,3.346731650000001,0.0,,False
0.3594433999999995,3.423797550000001,0.0,,False
0.3594433999999995,3.5008634500000007,0.0,,False
0.3594433999999995,3.5779293500000002,0.0,,False
0.3594433999999995,3.6549952500000003,0.0,,False
0.3594433999999995,3.7320611500000003,0.0,,False
0.3594433999999995,3.80912705,0.0,,False
0.4422165999999996,-3.82039705,0.0,,False
0.4422165999999996,-3.74333115,0.0,,False
0.4422165999999996,-3.66626525,0.0,,False
0.4422165999999996,-3.58919935,0.0,,False
0.4422165999999996,-3.51213345,0.0,,False
0.4422165999999996,-3.43506755,0.0,,False
0.4422165999999996,-3.35800165,0.0,,False
0.4422165999999996,-3.28093575,6.961782194276772e-12,47.404586091150335,False
0.4422165999999996,-3.20386985,2.808583391196284e-09,32.438553378750335,False
0.4422165999999996,-3.1268039499999998,2.075278023607423e-08,27.449875807950338,False
0.4422165999999996,-3.0497380499999998,2.808583391196284e-09,32.438553378750335,False
0.4422165999999996,-2.9726721499999997,2.0759742018268505e-08,27.44903919082556,False
0.4422165999999996,-2.8956062499999997,8.372269092259306e-06,12.48384309555034,True
0.4422165999999996,-2.8185403499999997,6.186598850500278e-05,7.495051723139055,True
0.4422165999999996,-2.7414744499999997,9.534538878731797e-06,12.15958920297746,True
0.4422165999999996,-2.6644085499999997,1.7956718396290256e-05,10.580564368185593,True
0.4422165999999996,-2.5873426499999996,7.372608307357312e-05,7.057579432955463,True
0.4422165999999996,-2.5102767499999996,2.6316695267398047e-05,9.62713028137922,True
0.4422165999999996,-2.4332108499999996,1.1900542241455761e-05,11.606686363755037,True
0.4422165999999996,-2.3561449499999996,8.211242292991719e-05,6.788857644968937,True
0.4422165999999996,-2.2790790499999996,9.771157763722145e-05,6.3550154683878555,True
0.4422165999999996,-2.2020131499999995,2.9848827925790235e-05,9.31298817932644,True
0.4422165999999996,-2.1249472499999995,8.448400865051257e-05,6.7178364612311405,True
0.4422165999999996,-2.04788135,0.00012737188680686474,5.693788715063054,True
0.4422165999999996,-1.97081545,0.0001949816581218508,4.631713120918828,True
0.4422165999999996,-1.89374955,0.00018500791374046106,4.76268309835293,True
0.4422165999999996,-1.8166836499999999,0.0003806755292840041,2.962895985927451,True
0.4422165999999996,-1.7396177499999999,0.0004954641958875643,2.305518712321469,True
0.4422165999999996,-1.6625518499999998,0.00044044365486916307,2.599133734152248,True
0.4422165999999996,-1.5854859499999998,0.0002623037337530096,3.8918981532124635,True
0.4422165999999996,-1.5084200499999998,0.00023273336064660115,4.190245262234673,True
0.4422165999999996,-1.4313541499999998,0.0003752695201257752,2.9985722515663746,True
0.4422165999999996,-1.3542882499999997,0.00043620887206080464,2.6232323703749345,True
0.4422165999999996,-1.2772223499999997,0.00028480396796572963,3.6866190836307995,True
0.4422165999999996,-1.2001564499999997,0.0003537892117136191,3.1455965602197433,True
0.4422165999999996,-1.1230905499999997,0.0005745691727196951,1.9360437757242692,True
0.4422165999999996,-1.0460246499999997,0.0005301161568575402,2.1368987818742777,True
0.4422165999999996,-0.9689587499999996,0.0004906382053832388,2.329933522354518,True
0.4422165999999996,-0.8918928499999996,0.0003571429951000601,3.122062574967291,True
0.4422165999999996,-0.8148269499999996,0.0005166564889808494,2.201047997464336,True
0.4422165999999996,-0.7377610499999996,0.0005283442797485424,2.14524990350628,True
0.4422165999999996,-0.6606951499999996,0.0006538767170546884,1.6135299300014898,True
0.4422165999999996,-0.5836292499999995,0.0003818351984952863,2.955308918580694,True
0.4422165999999996,-0.5065633499999995,0.0005009126323080308,2.2782391101497526,True
0.4422165999999996,-0.4294974499999995,0.00024190717371155236,4.093812504704638,True
0.4422165999999996,-0.3524315499999995,0.00026751939296772317,3.84278726815857,True
0.4422165999999996,-0.27536564999999946,0.0004296136277820206,2.661233442869725,True
0.4422165999999996,-0.19829974999999966,0.0005010398392663382,2.2776057522598614,True
0.4422165999999996,-0.12123384999999987,0.00048415452824332293,2.3631153984652187,True
0.4422165999999996,-0.044167949999999845,0.00041676018475542614,2.7369997438981395,True
0.4422165999999996,0.032897950000000176,0.00034333146808249783,3.2204390180699747,True
0.4422165999999996,0.1099638500000002,0.000493387153951631,2.31599724153567,True
0.4422165999999996,0.18702975000000022,0.0005735430544053664,1.940502377123779,True
0.4422165999999996,0.26409565000000024,0.0005890570259534127,1.873928498884682,True
0.4422165999999996,0.34116155000000026,0.0005181910649826924,2.193650279352873,True
0.4422165999999996,0.4182274500000003,0.0006304287214944047,1.7046200131451854,True
0.4422165999999996,0.4952933500000003,0.0006445160522789809,1.649496047948554,True
0.4422165999999996,0.5723592500000003,0.0006083312790812661,1.7936192625951786,True
0.4422165999999996,0.6494251500000003,0.0007296956412245901,1.3398792901410115,True
0.4422165999999996,0.7264910500000004,0.0005685021222228855,1.9625223016834745,True
0.4422165999999996,0.8035569500000004,0.0008282675547015411,1.023824819106645,True
0.4422165999999996,0.8806228500000004,0.0004398413178352464,2.602547248881338,True
0.4422165999999996,0.9576887500000004,0.0005807565058014042,1.9093267162453564,True
0.4422165999999996,1.0347546500000004,0.0002973736863590321,3.578892484521909,True
0.4422165999999996,1.1118205500000005,0.000251132066586932,4.000462151057667,True
0.4422165999999996,1.1888864500000005,0.00018082755886590423,4.819690556382173,True
0.4422165999999996,1.2659523500000005,0.0002761899074922621,3.7632262445132802,True
0.4422165999999996,1.3430182500000005,0.0002643225918274137,3.8727736225100515,True
0.4422165999999996,1.4200841500000005,0.0004950413148546883,2.307648551306837,True
0.4422165999999996,1.4971500500000006,0.00037639175600740957,2.991124113276664,True
0.4422165999999996,1.5742159500000006,0.0001689629467888314,4.98896741778165,True
0.4422165999999996,1.6512818500000006,0.0003141982190729029,3.4416177803837367,True
0.4422165999999996,1.7283477500000006,8.449969091855493e-05,6.717373494807361,True
0.4422165999999996,1.8054136500000006,8.443127571825783e-05,6.719393854962034,True
0.4422165999999996,1.8824795500000007,3.084611247261428e-05,9.231011348628327,True
0.4422165999999996,1.9595454500000007,9.773338134326206e-05,6.3544589349254235,True
0.4422165999999996,2.0366113500000007,9.98957442599498e-05,6.29987304402747,True
0.4422165999999996,2.1136772500000007,0.00014165950295232175,5.428602434820807,True
0.4422165999999996,2.1907431500000007,1.9084171600224108e-05,10.428671731000742,True
0.4422165999999996,2.2678090500000008,1.795392373646345e-05,10.580952600085556,True
0.4422165999999996,2.344874950000001,7.25722529608386e-05,7.096925100932694,True
0.4422165999999996,2.421940850000001,2.630542612492229e-05,9.628198617616583,True
0.4422165999999996,2.499006750000001,6.52915486788234e-05,7.360626730117936,True
0.4422165999999996,2.576072650000001,2.51196297837335e-05,9.743251567665894,True
0.4422165999999996,2.653138550000001,2.286879598104177e-06,15.720838026120978,True
0.4422165999999996,2.730204450000001,5.624128564586845e-09,30.70651997257919,False
0.4422165999999996,2.807270350000001,2.808583391196284e-09,32.438553378750335,False
0.4422165999999996,2.884336250000001,2.075278023607423e-08,27.449875807950338,False
0.4422165999999996,2.961402150000001,2.808583391196284e-09,32.438553378750335,False
0.4422165999999996,3.038468050000001,6.961782194276772e-12,47.404586091150335,False
0.4422165999999996,3.115533950000001,0.0,,False
0.4422165999999996,3.192599850000001,0.0,,False
0.4422165999999996,3.269665750000001,0.0,,False
0.4422165999999996,3.346731650000001,0.0,,False
0.4422165999999996,3.423797550000001,0.0,,False
0.4422165999999996,3.5008634500000007,0.0,,False
0.4422165999999996,3.5779293500000002,0.0,,False
0.4422165999999996,3.6549952500000003,0.0,,False
0.4422165999999996,3.7320611500000003,0.0,,False
0.4422165999999996,3.80912705,0.0,,False
0.5249897999999997,-3.82039705,0.0,,False
0.5249897999999997,-3.74333115,0.0,,False
0.5249897999999997,-3.66626525,0.0,,False
0.5249897999999997,-3.58919935,0.0,,False
0.5249897999999997,-3.51213345,0.0,,False
0.5249897999999997,-3.43506755,0.0,,False
0.5249897999999997,-3.35800165,0.0,,False
0.5249897999999997,-3.28093575,0.0,,False
0.5249897999999997,-3.20386985,0.0,,False
0.5249897999999997,-3.1268039499999998,0.0,,False
0.5249897999999997,-3.0497380499999998,0.0,,False
0.5249897999999997,-2.9726721499999997,2.808583391196284e-09,32.438553378750335,False
0.5249897999999997,-2.8956062499999997,1.1330634089340514e-06,17.47252066635034,False
0.5249897999999997,-2.8185403499999997,8.375084637432696e-06,12.483004405007637,True
0.5249897999999997,-2.7414744499999997,2.2773681132150823e-06,15.731234000007348,True
0.5249897999999997,-2.6644085499999997,1.1800651773035513e-05,11.627711645838856,True
0.5249897999999997,-2.5873426499999996,2.7412119586837877e-05,9.525406911665147,True
0.5249897999999997,-2.5102767499999996,1.1827021720053978e-05,11.62214397038014,True
0.5249897999999997,-2.4332108499999996,3.4811225748131393e-06,14.672800295898424,True
0.5249897999999997,-2.3561449499999996,3.468051772413718e-05,8.938756278521437,True
0.5249897999999997,-2.2790790499999996,0.00014616820218621285,5.350450518464624,True
0.5249897999999997,-2.2020131499999995,0.00010718771072265854,6.124135605832939,True
0.5249897999999997,-2.1249472499999995,3.932498885835612e-05,8.625262578744968,True
0.5249897999999997,-2.04788135,0.00010126446307584972,6.265928943838018,True
0.5249897999999997,-1.97081545,0.00020379253224192466,4.521470868757226,True
0.5249897999999997,-1.89374955,0.00035552957132394534,3.133356491885372,True
0.5249897999999997,-1.8166836499999999,0.00013933411349999092,5.469887653987681,True
0.5249897999999997,-1.7396177499999999,0.0002342830647312331,4.173691235514973,True
0.5249897999999997,-1.6625518499999998,0.00017956263876009568,4.837200201524726,True
0.5249897999999997,-1.5854859499999998,0.00019625678948254839,4.615453875995303,True
0.5249897999999997,-1.5084200499999998,0.00015606860050681394,5.186977468362235,True
0.5249897999999997,-1.4313541499999998,0.0003117201916836531,3.4613681887948418,True
0.5249897999999997,-1.3542882499999997,0.00019636559666147334,4.614071367085733,True
0.5249897999999997,-1.2772223499999997,0.0002571938807938954,3.940969083042787,True
0.5249897999999997,-1.2001564499999997,0.00023780071977547835,4.136518233210808,True
0.5249897999999997,-1.1230905499999997,0.00033816253866854107,3.258277379766925,True
0.5249897999999997,-1.0460246499999997,0.0005578743709597178,2.009593594536642,True
0.5249897999999997,-0.9689587499999996,0.0006051305766610676,1.806777739170722,True
0.5249897999999997,-0.8918928499999996,0.0003945904454861249,2.8733467366152623,True
0.5249897999999997,-0.8148269499999996,0.000430143109146597,2.6581611643657004,True
0.5249897999999997,-0.7377610499999996,0.0005650597092435975,1.9776720189147063,True
0.5249897999999997,-0.6606951499999996,0.0006241361914239277,1.7296419682055182,True
0.5249897999999997,-0.5836292499999995,0.0002579405538686924,3.933738128210491,True
0.5249897999999997,-0.5065633499999995,0.0002683909505225733,3.8346741135766123,True
0.5249897999999997,-0.4294974499999995,0.0004010162439723386,2.833054297825934,True
0.5249897999999997,-0.3524315499999995,0.0002706615739635973,3.813660437334758,True
0.5249897999999997,-0.27536564999999946,0.0004986901825200659,2.2893306192107827,True
0.5249897999999997,-0.19829974999999966,0.0005015042258596863,2.2752949559281164,True
0.5249897999999997,-0.12123384999999987,0.00041902453999214317,2.7234841034640316,True
0.5249897999999997,-0.044167949999999845,0.00045008942993839503,2.5450969504516667,True
0.5249897999999997,0.032897950000000176,0.00040949346073432713,2.780875226975246,True
0.5249897999999997,0.1099638500000002,0.0006024920183157495,1.817677616199674,True
0.5249897999999997,0.18702975000000022,0.00043806717122298413,2.612628775111893,True
0.5249897999999997,0.26409565000000024,0.00030138816373118175,3.5454447401238642,True
0.5249897999999997,0.34116155000000026,0.00043069733376934676,2.654949363213163,True
0.5249897999999997,0.4182274500000003,0.0004975677795556588,2.294950959600618,True
0.5249897999999997,0.4952933500000003,0.0006404388116822275,1.6653254809893494,True
0.5249897999999997,0.5723592500000003,0.00047108234951378396,2.431388470478649,True
0.5249897999999997,0.6494251500000003,0.00042973032798009487,2.6605559729692088,True
0.5249897999999997,0.7264910500000004,0.00023254385916832398,4.192277087104508,True
0.5249897999999997,0.8035569500000004,0.00045741379789563156,2.504832957516501,True
0.5249897999999997,0.8806228500000004,0.00040501960466878017,2.8082766902646634,True
0.5249897999999997,0.9576887500000004,0.00039317847167527154,2.8822883049741628,True
0.5249897999999997,1.0347546500000004,0.0002321336381114392,4.1966811331992036,True
0.5249897999999997,1.1118205500000005,0.0003395136728193305,3.248331064033462,True
0.5249897999999997,1.1888864500000005,0.00035455636694820843,3.140193700762831,True
0.5249897999999997,1.2659523500000005,0.0003349953925265253,3.2817488220159055,True
0.5249897999999997,1.3430182500000005,0.0003244361956555016,3.361637217348974,True
0.5249897999999997,1.4200841500000005,0.0002502579498970301,4.009159354032938,True
0.5249897999999997,1.4971500500000006,0.0002619373978432562,3.895384205572127,True
0.5249897999999997,1.5742159500000006,7.24344195654473e-05,7.101666997034459,True
0.5249897999999997,1.6512818500000006,0.0002550212314568621,3.9621295520734354,True
0.5249897999999997,1.7283477500000006,0.00017471339214376698,4.9054883064976655,True
0.5249897999999997,1.8054136500000006,9.66822572441212e-05,6.381430892273026,True
0.5249897999999997,1.8824795500000007,2.975175300254338e-05,9.321113535035789,True
0.5249897999999997,1.9595454500000007,0.00015007889477183559,5.284592260495935,True
0.5249897999999997,2.0366113500000007,0.00010104675186572873,6.27129736323286,True
0.5249897999999997,2.1136772500000007,9.767393854772723e-05,6.355976487850988,True
0.5249897999999997,2.1907431500000007,2.1332354221247334e-05,10.150888149893818,True
0.5249897999999997,2.2678090500000008,1.2960078167205837e-05,11.393944815526378,True
0.5249897999999997,2.344874950000001,2.6281864761295024e-05,9.630433759456922,True
0.5249897999999997,2.421940850000001,4.558644468101255e-06,14.00015072635828,True
0.5249897999999997,2.499006750000001,8.389127554388678e-06,12.47882552678591,True
0.5249897999999997,2.576072650000001,1.174575931188394e-06,17.382768802393418,False
0.5249897999999997,2.653138550000001,8.425750173588853e-09,29.698242137008414,False
0.5249897999999997,2.730204450000001,1.3923564388553544e-11,45.67564219468901,False
0.5249897999999997,2.807270350000001,0.0,,False
0.5249897999999997,2.884336250000001,0.0,,False
0.5249897999999997,2.961402150000001,0.0,,False
0.5249897999999997,3.038468050000001,0.0,,False
0.5249897999999997,3.115533950000001,0.0,,False
0.5249897999999997,3.192599850000001,0.0,,False
0.5249897999999997,3.269665750000001,0.0,,False
0.5249897999999997,3.346731650000001,0.0,,False
0.5249897999999997,3.423797550000001,0.0,,False
0.5249897999999997,3.5008634500000007,0.0,,False
0.5249897999999997,3.5779293500000002,0.0,,False
0.5249897999999997,3.6549952500000003,0.0,,False
0.5249897999999997,3.7320611500000003,0.0,,False
0.5249897999999997,3.80912705,0.0,,False
0.6077629999999994,-3.82039705,0.0,,False
0.6077629999999994,-3.74333115,0.0,,False
0.6077629999999994,-3.66626525,0.0,,False
0.6077629999999994,-3.58919935,0.0,,False
0.6077629999999994,-3.51213345,0.0,,False
0.6077629999999994,-3.43506755,0.0,,False
0.6077629999999994,-3.35800165,0.0,,False
0.6077629999999994,-3.28093575,0.0,,False
0.6077629999999994,-3.20386985,0.0,,False
0.6077629999999994,-3.1268039499999998,0.0,,False
0.6077629999999994,-3.0497380499999998,0.0,,False
0.6077629999999994,-2.9726721499999997,6.961782194276772e-12,47.404586091150335,False
0.6077629999999994,-2.8956062499999997,2.808583391196284e-09,32.438553378750335,False
0.6077629999999994,-2.8185403499999997,4.150556047214846e-08,25.720931911489014,False
0.6077629999999994,-2.7414744499999997,8.416590197904845e-06,12.470673396795856,True
0.6077629999999994,-2.6644085499999997,7.863127250797526e-05,6.896911977769209,True
0.6077629999999994,-2.5873426499999996,0.00014049443154424027,5.449201823752614,True
0.6077629999999994,-2.5102767499999996,7.978509565892758e-05,6.860576379824294,True
0.6077629999999994,-2.4332108499999996,2.5169568056161428e-05,9.73829770019189,True
0.6077629999999994,-2.3561449499999996,6.539811420161277e-05,7.356558916799986,True
0.6077629999999994,-2.2790790499999996,5.257886513604372e-05,7.900771726867003,True
0.6077629999999994,-2.2020131499999995,0.000215317703556622,4.384251927244182,True
0.6077629999999994,-2.1249472499999995,0.00011672222175426157,5.911579688996173,True
0.6077629999999994,-2.04788135,0.00010347672249427221,6.212023431668647,True
0.6077629999999994,-1.97081545,0.0001342335974123284,5.562909520755327,True
0.6077629999999994,-1.89374955,0.00018606639177862438,4.748453010494017,True
0.6077629999999994,-1.8166836499999999,0.0002553169585502176,3.9592387488536955,True
0.6077629999999994,-1.7396177499999999,0.0003610937672731739,3.0946213072064457,True
0.6077629999999994,-1.6625518499999998,0.0002797566771848005,3.731220097532593,True
0.6077629999999994,-1.5854859499999998,0.0002523603164018121,3.988292444693804,True
0.6077629999999994,-1.5084200499999998,0.0002011613139558616,4.553885635278582,True
0.6077629999999994,-1.4313541499999998,0.00016948786887421217,4.9812301956735245,True
0.6077629999999994,-1.3542882499999997,0.0002976842170506811,3.576289145202791,True
0.6077629999999994,-1.2772223499999997,0.000640277147673116,1.6659551987770076,True
0.6077629999999994,-1.2001564499999997,0.0003251311392964932,3.3563000476808718,True
0.6077629999999994,-1.1230905499999997,0.00022294856275676704,4.297382946804885,True
0.6077629999999994,-1.0460246499999997,0.0005225509794397577,2.1727514074210403,True
0.6077629999999994,-0.9689587499999996,0.0008267782135223316,1.0283140272507103,True
0.6077629999999994,-0.8918928499999996,0.00026456824271781754,3.8704565599041527,True
0.6077629999999994,-0.8148269499999996,0.00036778686837244344,3.0488104292027027,True
0.6077629999999994,-0.7377610499999996,0.00043901170891398904,2.607256401061884,True
0.6077629999999994,-0.6606951499999996,0.0005442652830224467,2.0711963163785962,True
0.6077629999999994,-0.5836292499999995,0.00017703749560537345,4.872526423708247,True
0.6077629999999994,-0.5065633499999995,0.00029173914481248504,3.626607907981286,True
0.6077629999999994,-0.4294974499999995,0.0003963297073121741,2.862376437759288,True
0.6077629999999994,-0.3524315499999995,0.0003197795144273699,3.397698253196259,True
0.6077629999999994,-0.27536564999999946,0.000321413973935851,3.384981640661802,True
0.6077629999999994,-0.19829974999999966,0.0005365089578135185,2.106998862791187,True
0.6077629999999994,-0.12123384999999987,0.00034753317108055773,3.190098487147039,True
0.6077629999999994,-0.044167949999999845,0.00028911970050899625,3.6491050288121496,True
0.6077629999999994,0.032897950000000176,0.00029631515262661123,3.5877871928908163,True
0.6077629999999994,0.1099638500000002,0.0005677027566814068,1.9660320363093569,True
0.6077629999999994,0.18702975000000022,0.00048072334394093775,2.380855617012182,True
0.6077629999999994,0.26409565000000024,0.0002829692719378705,3.702739496037528,True
0.6077629999999994,0.34116155000000026,0.00013245115773981251,5.596252818618301,True
0.6077629999999994,0.4182274500000003,0.0002178443269644353,4.355152764368715,True
0.6077629999999994,0.4952933500000003,0.000588906111477849,1.8745676221641379,True
0.6077629999999994,0.5723592500000003,0.0005761182124121207,1.9293280818374632,True
0.6077629999999994,0.6494251500000003,0.00047532895446830947,2.4090038212479596,True
0.6077629999999994,0.7264910500000004,0.00032971224546994186,3.321400047191392,True
0.6077629999999994,0.8035569500000004,0.0005586528244452349,2.006115440051607,True
0.6077629999999994,0.8806228500000004,0.0003796776847717067,2.96944284770611,True
0.6077629999999994,0.9576887500000004,0.00028830232245797085,3.6561668278282053,True
0.6077629999999994,1.0347546500000004,0.00015948788551454544,5.132919387390289,True
0.6077629999999994,1.1118205500000005,0.00022019444762537787,4.328387766836913,True
0.6077629999999994,1.1888864500000005,0.0003153901583501162,3.432173184429614,True
0.6077629999999994,1.2659523500000005,0.0004496780522676494,2.5473777960509563,True
0.6077629999999994,1.3430182500000005,0.00010251758192083789,6.23525163527372,True
0.6077629999999994,1.4200841500000005,0.0001214704289425321,5.812120646189905,True
0.6077629999999994,1.4971500500000006,0.00017255275207575497,4.936527542298576,True
0.6077629999999994,1.5742159500000006,5.826669261853672e-05,7.6445622652380285,True
0.6077629999999994,1.6512818500000006,0.00016191825048373425,5.095195968497964,True
0.6077629999999994,1.7283477500000006,0.00011056612032209587,6.046731003594507,True
0.6077629999999994,1.8054136500000006,9.774182797878223e-05,6.354243370295308,True
0.6077629999999994,1.8824795500000007,2.3583345425661755e-05,9.900666402409337,True
0.6077629999999994,1.9595454500000007,8.932242919748618e-05,6.578925852632477,True
0.6077629999999994,2.0366113500000007,3.807406989881036e-05,8.705896308568127,True
0.6077629999999994,2.1136772500000007,8.210114682565923e-05,6.7892002040435,True
0.6077629999999994,2.1907431500000007,8.816579050136049e-05,6.611436062116976,True
0.6077629999999994,2.2678090500000008,8.813942055434202e-05,6.612182217964711,True
0.6077629999999994,2.344874950000001,0.00013214292219399922,5.602064318444357,True
0.6077629999999994,2.421940850000001,1.677090813153708e-05,10.750974107680726,True
0.6077629999999994,2.499006750000001,6.226530249041697e-08,24.7092856626538,False
0.6077629999999994,2.576072650000001,2.8155451733905604e-09,32.43237818129086,False
0.6077629999999994,2.653138550000001,2.8155451733905604e-09,32.43237818129086,False
0.6077629999999994,2.730204450000001,2.075278023607423e-08,27.449875807950338,False
0.6077629999999994,2.807270350000001,2.808583391196284e-09,32.438553378750335,False
0.6077629999999994,2.884336250000001,6.961782194276772e-12,47.404586091150335,False
0.6077629999999994,2.961402150000001,0.0,,False
0.6077629999999994,3.038468050000001,0.0,,False
0.6077629999999994,3.115533950000001,0.0,,False
0.6077629999999994,3.192599850000001,0.0,,False
0.6077629999999994,3.269665750000001,0.0,,False
0.6077629999999994,3.346731650000001,0.0,,False
0.6077629999999994,3.423797550000001,0.0,,False
0.6077629999999994,3.5008634500000007,0.0,,False
0.6077629999999994,3.5779293500000002,0.0,,False
0.6077629999999994,3.6549952500000003,0.0,,False
0.6077629999999994,3.7320611500000003,0.0,,False
0.6077629999999994,3.80912705,0.0,,False
0.690536199999999,-3.82039705,0.0,,False
0.690536199999999,-3.74333115,0.0,,False
0.690536199999999,-3.66626525,0.0,,False
0.690536199999999,-3.58919935,0.0,,False
0.690536199999999,-3.51213345,0.0,,False
0.690536199999999,-3.43506755,0.0,,False
0.690536199999999,-3.35800165,0.0,,False
0.690536199999999,-3.28093575,0.0,,False
0.690536199999999,-3.20386985,0.0,,False
0.690536199999999,-3.1268039499999998,0.0,,False
0.690536199999999,-3.0497380499999998,0.0,,False
0.690536199999999,-2.9726721499999997,0.0,,False
0.690536199999999,-2.8956062499999997,0.0,,False
0.690536199999999,-2.8185403499999997,2.808583391196284e-09,32.438553378750335,False
0.690536199999999,-2.7414744499999997,1.1386875374986381e-06,17.46017027143138,False
0.690536199999999,-2.6644085499999997,1.0644020038691994e-05,11.885018977608627,True
0.690536199999999,-2.5873426499999996,1.905498610803225e-05,10.432489252085606,True
0.690536199999999,-2.5102767499999996,1.9045460699578768e-05,10.433736460359425,True
0.690536199999999,-2.4332108499999996,6.529436422399679e-05,7.360519169916793,True
0.690536199999999,-2.3561449499999996,2.6293106056641998e-05,9.629367107437028,True
0.690536199999999,-2.2790790499999996,2.3655122213041265e-05,9.893086318999167,True
0.690536199999999,-2.2020131499999995,0.00011555995196778909,5.936541731982718,True
0.690536199999999,-2.1249472499999995,0.000165243934112699,5.044483093974776,True
0.690536199999999,-2.04788135,0.0001335441608547243,5.575753695392633,True
0.690536199999999,-1.97081545,0.0002583676469807163,3.9296114645025226,True
0.690536199999999,-1.89374955,0.0003654739644354908,3.064546126166557,True
0.690536199999999,-1.8166836499999999,0.00017768284658210712,4.863450396449322,True
0.690536199999999,-1.7396177499999999,0.00037491146319988667,3.000953317909821,True
0.690536199999999,-1.6625518499999998,0.00019991772804999172,4.569353581361633,True
0.690536199999999,-1.5854859499999998,8.471004122787125e-05,6.7111718987328,True
0.690536199999999,-1.5084200499999998,0.0002584052442995174,3.9292485180234773,True
0.690536199999999,-1.4313541499999998,0.00023894147576982266,4.12458122667543,True
0.690536199999999,-1.3542882499999997,0.0001521420934230842,5.250535086645401,True
0.690536199999999,-1.2772223499999997,0.00020857267089353554,4.463639513188613,True
0.690536199999999,-1.2001564499999997,0.00030941977405248846,3.4798440476074326,True
0.690536199999999,-1.1230905499999997,0.00046039338654940123,2.4886375522519533,True
0.690536199999999,-1.0460246499999997,0.0004499764569756548,2.5457231109322307,True
0.690536199999999,-0.9689587499999996,0.0003636151121605926,3.077265058655927,True
0.690536199999999,-0.8918928499999996,0.0002805477479448471,3.724176784285821,True
0.690536199999999,-0.8148269499999996,0.00030006319151920993,3.5564346062048546,True
0.690536199999999,-0.7377610499999996,0.0004216079984369915,2.70815269385906,True
0.690536199999999,-0.6606951499999996,0.0005497830262932891,2.0460361152683553,True
0.690536199999999,-0.5836292499999995,0.00015020644196840852,5.28247330296063,True
0.690536199999999,-0.5065633499999995,0.00035129465058506324,3.163246394147965,True
0.690536199999999,-0.4294974499999995,0.00044383838328172017,2.5799822779924955,True
0.690536199999999,-0.3524315499999995,0.0004862241465133846,2.352475558403211,True
0.690536199999999,-0.27536564999999946,0.0005164784908647027,2.2019074933054164,True
0.690536199999999,-0.19829974999999966,0.0005942644322866881,1.8519748372705416,True
0.690536199999999,-0.12123384999999987,0.0003748538044949197,3.0013369588987953,True
0.690536199999999,-0.044167949999999845,0.00015419171992480193,5.217156210737791,True
0.690536199999999,0.032897950000000176,0.00041989957674813547,2.7182806795378385,True
0.690536199999999,0.1099638500000002,0.0005965580147862902,1.8423663874556315,True
0.690536199999999,0.18702975000000022,0.00046185170804302535,2.4807490833053194,True
0.690536199999999,0.26409565000000024,0.00028499965415072434,3.684905834921092,True
0.690536199999999,0.34116155000000026,0.0003914026230996802,2.8935798733615457,True
0.690536199999999,0.4182274500000003,0.0003607461226485932,3.0970238996643538,True
0.690536199999999,0.4952933500000003,0.00029908936395307725,3.5645429184712,True
0.690536199999999,0.5723592500000003,0.0005224505492785309,2.1732308456615765,True
0.690536199999999,0.6494251500000003,0.00044048239361693713,2.5989143569155346,True
0.690536199999999,0.7264910500000004,0.00023080147265031801,4.21103684341922,True
0.690536199999999,0.8035569500000004,0.0002725674515445963,3.796157970961446,True
0.690536199999999,0.8806228500000004,0.00011319466784626406,5.988125653611516,True
0.690536199999999,0.9576887500000004,0.00019511631644033434,4.6299910741417944,True
0.690536199999999,1.0347546500000004,0.0002595580234864474,3.9181456975595004,True
0.690536199999999,1.1118205500000005,0.00019275207769697922,4.660399767000857,True
0.690536199999999,1.1888864500000005,0.00020948254511741308,4.452781913220605,True
0.690536199999999,1.2659523500000005,0.00020612484652751865,4.493086393923303,True
0.690536199999999,1.3430182500000005,5.2293499737517734e-05,7.914346318022545,True
0.690536199999999,1.4200841500000005,0.00015245614639168876,5.245391558709607,True
0.690536199999999,1.4971500500000006,0.00011446847766071352,5.960212955006045,True
0.690536199999999,1.5742159500000006,0.00013673528358635923,5.516850872745494,True
0.690536199999999,1.6512818500000006,3.598242588191541e-05,8.846833486556763,True
0.690536199999999,1.7283477500000006,3.812681675462949e-05,8.702443105985598,True
0.690536199999999,1.8054136500000006,0.00014279261509373117,5.408729982951911,True
0.690536199999999,1.8824795500000007,2.8553622669509902e-05,9.423641430271324,True
0.690536199999999,1.9595454500000007,7.872271634087534e-05,6.894012884756902,True
0.690536199999999,2.0366113500000007,7.255711038560272e-05,7.097445611902878,True
0.690536199999999,2.1136772500000007,2.6299822881704285e-05,9.62872998614727,True
0.690536199999999,2.1907431500000007,7.253074740036648e-05,7.098352072557834,True
0.690536199999999,2.2678090500000008,2.0146550918276347e-05,10.29354386068969,True
0.690536199999999,2.344874950000001,1.7903978502253322e-05,10.587901161357879,True
0.690536199999999,2.421940850000001,2.2924967648865697e-06,15.714718798136275,True
0.690536199999999,2.499006750000001,2.917853040966308e-08,26.5999224987652,False
0.690536199999999,2.576072650000001,5.6241285645868454e-09,30.70651997257919,False
0.690536199999999,2.653138550000001,1.1330703707162456e-06,17.472505340650244,False
0.690536199999999,2.730204450000001,8.372269092259306e-06,12.48384309555034,True
0.690536199999999,2.807270350000001,1.1330634089340514e-06,17.47252066635034,False
0.690536199999999,2.884336250000001,2.808583391196284e-09,32.438553378750335,False
0.690536199999999,2.961402150000001,0.0,,False
0.690536199999999,3.038468050000001,0.0,,False
0.690536199999999,3.115533950000001,0.0,,False
0.690536199999999,3.192599850000001,0.0,,False
0.690536199999999,3.269665750000001,0.0,,False
0.690536199999999,3.346731650000001,0.0,,False
0.690536199999999,3.423797550000001,0.0,,False
0.690536199999999,3.5008634500000007,0.0,,False
0.690536199999999,3.5779293500000002,0.0,,False
0.690536199999999,3.6549952500000003,0.0,,False
0.690536199999999,3.7320611500000003,0.0,,False
0.690536199999999,3.80912705,0.0,,False
0.7733093999999991,-3.82039705,0.0,,False
0.7733093999999991,-3.74333115,0.0,,False
0.7733093999999991,-3.66626525,0.0,,False
0.7733093999999991,-3.58919935,0.0,,False
0.7733093999999991,-3.51213345,0.0,,False
0.7733093999999991,-3.43506755,0.0,,False
0.7733093999999991,-3.35800165,0.0,,False
0.7733093999999991,-3.28093575,0.0,,False
0.7733093999999991,-3.20386985,0.0,,False
0.7733093999999991,-3.1268039499999998,0.0,,False
0.7733093999999991,-3.0497380499999998,0.0,,False
0.7733093999999991,-2.9726721499999997,0.0,,False
0.7733093999999991,-2.8956062499999997,0.0,,False
0.7733093999999991,-2.8185403499999997,6.961782194276772e-12,47.404586091150335,False
0.7733093999999991,-2.7414744499999997,5.631090346781121e-09,30.70343428482953,False
0.7733093999999991,-2.6644085499999997,1.1622489011259086e-06,17.40908491644551,False
0.7733093999999991,-2.5873426499999996,9.558072395230292e-06,12.153440165337226,True
0.7733093999999991,-2.5102767499999996,1.1818602931662583e-05,11.623920139257669,True
0.7733093999999991,-2.4332108499999996,2.628187172307721e-05,9.630433098733599,True
0.7733093999999991,-2.3561449499999996,7.256946526279398e-05,7.097020917124492,True
0.7733093999999991,-2.2790790499999996,7.978961316743008e-05,6.860435151972374,True
0.7733093999999991,-2.2020131499999995,9.050933215873706e-05,6.545999732601963,True
0.7733093999999991,-2.1249472499999995,0.00011445044992248232,5.960605821487213,True
0.7733093999999991,-2.04788135,0.00015576778014191533,5.191789916061895,True
0.7733093999999991,-1.97081545,0.0001189647941702846,5.8641107679341795,True
0.7733093999999991,-1.89374955,0.00011899398662425867,5.863498763869352,True
0.7733093999999991,-1.8166836499999999,4.6108219774942365e-05,8.228335774814921,True
0.7733093999999991,-1.7396177499999999,5.609198178643992e-05,7.73944128739133,True
0.7733093999999991,-1.6625518499999998,3.55074420689626e-05,8.879979106065875,True
0.7733093999999991,-1.5854859499999998,0.00012015342694199336,5.839312346207934,True
0.7733093999999991,-1.5084200499999998,0.00024273546119558893,4.0852865044741415,True
0.7733093999999991,-1.4313541499999998,7.397915752082141e-05,7.049031949812148,True
0.7733093999999991,-1.3542882499999997,0.0001643067085900234,5.058670681383921,True
0.7733093999999991,-1.2772223499999997,0.000259606218024853,3.9176825936046327,True
0.7733093999999991,-1.2001564499999997,0.0002640997955688549,3.8748769754154186,True
0.7733093999999991,-1.1230905499999997,0.0001058820739153987,6.154705320789414,True
0.7733093999999991,-1.0460246499999997,0.0001415771832254476,5.430052340877104,True
0.7733093999999991,-0.9689587499999996,0.00013212009399513527,5.602495262303167,True
0.7733093999999991,-0.8918928499999996,0.00017491659093083012,4.9025889746478795,True
0.7733093999999991,-0.8148269499999996,0.0001678243358309369,5.005833210766935,True
0.7733093999999991,-0.7377610499999996,0.0004248416846166854,2.6890943888957897,True
0.7733093999999991,-0.6606951499999996,0.000289441549688276,3.6463298655136573,True
0.7733093999999991,-0.5836292499999995,0.0003400701530217802,3.2442460625671625,True
0.7733093999999991,-0.5065633499999995,0.00029052692283002023,3.6369938701520987,True
0.7733093999999991,-0.4294974499999995,0.00021082427832656354,4.4368566492703225,True
0.7733093999999991,-0.3524315499999995,0.00046602223378067924,2.4583262655319276,True
0.7733093999999991,-0.27536564999999946,0.0002298018913657805,4.221863070390621,True
0.7733093999999991,-0.19829974999999966,0.00024394766784034173,4.0728609235476085,True
0.7733093999999991,-0.12123384999999987,0.00031553322849520887,3.431041936403324,True
0.7733093999999991,-0.044167949999999845,0.00039013272294104943,2.901685876558989,True
0.7733093999999991,0.032897950000000176,0.0002402832577114485,4.110613385491125,True
0.7733093999999991,0.1099638500000002,0.0002667220748887161,3.8502325265482598,True
0.7733093999999991,0.18702975000000022,0.00028222474305425834,3.70931107427856,True
0.7733093999999991,0.26409565000000024,0.00038865412372092586,2.9111573560276263,True
0.7733093999999991,0.34116155000000026,0.00027417556895318777,3.7814848940664163,True
0.7733093999999991,0.4182274500000003,0.0003271818794890827,3.340616602751695,True
0.7733093999999991,0.4952933500000003,0.0002213555759828773,4.315269189017444,True
0.7733093999999991,0.5723592500000003,0.00029272516021683337,3.618191795044358,True
0.7733093999999991,0.6494251500000003,0.00018340941281237423,4.784328268634846,True
0.7733093999999991,0.7264910500000004,4.9644932597876793e-05,8.04399145348911,True
0.7733093999999991,0.8035569500000004,6.339801205145125e-05,7.434035369061648,True
0.7733093999999991,0.8806228500000004,0.00021388411825036175,4.400914767650948,True
0.7733093999999991,0.9576887500000004,0.00016925398504839733,4.984674621474209,True
0.7733093999999991,1.0347546500000004,0.0002451053449528552,4.061051797580216,True
0.7733093999999991,1.1118205500000005,6.782478589911359e-05,7.265679482410056,True
0.7733093999999991,1.1888864500000005,0.00016533989545410157,5.04303498864672,True
0.7733093999999991,1.2659523500000005,0.00013469796312033002,5.554295533278856,True
0.7733093999999991,1.3430182500000005,0.00010562786500095954,6.160701100121976,True
0.7733093999999991,1.4200841500000005,0.00010832641218372158,6.097776928152016,True
0.7733093999999991,1.4971500500000006,3.3132992070718456e-05,9.05261924011553,True
0.7733093999999991,1.5742159500000006,3.1999928661784404e-05,9.13941188279854,True
0.7733093999999991,1.6512818500000006,4.533966641450066e-05,8.27026298979877,True
0.7733093999999991,1.7283477500000006,7.707142678627626e-05,6.946890736919002,True
0.7733093999999991,1.8054136500000006,8.702040702414613e-05,6.6440529598117015,True
0.7733093999999991,1.8824795500000007,1.293370822018737e-05,11.399025231605512,True
0.7733093999999991,1.9595454500000007,1.7924738244271592e-05,10.585010640000265,True
0.7733093999999991,2.0366113500000007,1.0646835583865386e-05,11.884359264941981,True
0.7733093999999991,2.1136772500000007,2.298127855233351e-06,15.708599433011406,True
0.7733093999999991,2.1907431500000007,8.42221432646943e-06,12.469007187949014,True
0.7733093999999991,2.2678090500000008,1.1678660679083013e-06,17.39705877670818,False
0.7733093999999991,2.344874950000001,1.1830086431441773e-06,17.364925005459078,False
0.7733093999999991,2.421940850000001,9.510956629757943e-06,12.165766217200835,True
0.7733093999999991,2.499006750000001,9.505346424757746e-06,12.167237980907158,True
0.7733093999999991,2.576072650000001,1.156624772561322e-06,17.42118433322631,False
0.7733093999999991,2.653138550000001,8.3750776756505e-06,12.483006478425555,True
0.7733093999999991,2.730204450000001,6.186316599804719e-05,7.495165524750339,True
0.7733093999999991,2.807270350000001,8.372269092259306e-06,12.48384309555034,True
0.7733093999999991,2.884336250000001,2.075278023607423e-08,27.449875807950338,False
0.7733093999999991,2.961402150000001,0.0,,False
0.7733093999999991,3.038468050000001,0.0,,False
0.7733093999999991,3.115533950000001,0.0,,False
0.7733093999999991,3.192599850000001,0.0,,False
0.7733093999999991,3.269665750000001,0.0,,False
0.7733093999999991,3.346731650000001,0.0,,False
0.7733093999999991,3.423797550000001,0.0,,False
0.7733093999999991,3.5008634500000007,0.0,,False
0.7733093999999991,3.5779293500000002,0.0,,False
0.7733093999999991,3.6549952500000003,0.0,,False
0.7733093999999991,3.7320611500000003,0.0,,False
0.7733093999999991,3.80912705,0.0,,False
0.8560825999999992,-3.82039705,0.0,,False
0.8560825999999992,-3.74333115,0.0,,False
0.8560825999999992,-3.66626525,0.0,,False
0.8560825999999992,-3.58919935,0.0,,False
0.8560825999999992,-3.51213345,0.0,,False
0.8560825999999992,-3.43506755,0.0,,False
0.8560825999999992,-3.35800165,0.0,,False
0.8560825999999992,-3.28093575,0.0,,False
0.8560825999999992,-3.20386985,0.0,,False
0.8560825999999992,-3.1268039499999998,0.0,,False
0.8560825999999992,-3.0497380499999998,0.0,,False
0.8560825999999992,-2.9726721499999997,0.0,,False
0.8560825999999992,-2.8956062499999997,0.0,,False
0.8560825999999992,-2.8185403499999997,0.0,,False
0.8560825999999992,-2.7414744499999997,2.075278023607423e-08,27.449875807950338,False
0.8560825999999992,-2.6644085499999997,8.39302187249538e-06,12.477667898090859,True
0.8560825999999992,-2.5873426499999996,7.025619483232475e-05,7.177826912036134,True
0.8560825999999992,-2.5102767499999996,7.861613689452158e-05,6.897392155445121,True
0.8560825999999992,-2.4332108499999996,7.254868463542914e-05,7.097735285729821,True
0.8560825999999992,-2.3561449499999996,2.62970003747487e-05,9.628997693896228,True
0.8560825999999992,-2.2790790499999996,1.1821418476835974e-05,11.62332598382609,True
0.8560825999999992,-2.2020131499999995,1.9056708956707944e-05,10.432263737672313,True
0.8560825999999992,-2.1249472499999995,7.597426569459634e-05,6.982654413812761,True
0.8560825999999992,-2.04788135,4.4170735497223434e-05,8.335414646570927,True
0.8560825999999992,-1.97081545,1.4187407915995549e-05,11.168254342371291,True
0.8560825999999992,-1.89374955,2.866583320621045e-05,9.413858343440594,True
0.8560825999999992,-1.8166836499999999,0.00015116376364236397,5.266626397269632,True
0.8560825999999992,-1.7396177499999999,9.05648875979474e-05,6.544469154794735,True
0.8560825999999992,-1.6625518499999998,4.543672741418313e-05,8.264928935467935,True
0.8560825999999992,-1.5854859499999998,0.0002236804820493388,4.289207677709557,True
0.8560825999999992,-1.5084200499999998,0.0001797156356160694,4.835075798006976,True
0.8560825999999992,-1.4313541499999998,5.000485552004471e-05,8.025972878126213,True
0.8560825999999992,-1.3542882499999997,5.716951064151023e-05,7.691979382195989,True
0.8560825999999992,-1.2772223499999997,0.00017472184574106938,4.905367619552872,True
0.8560825999999992,-1.2001564499999997,0.00018815580110116594,4.7205992435723525,True
0.8560825999999992,-1.1230905499999997,0.00011799103617817687,5.884611601330157,True
0.8560825999999992,-1.0460246499999997,0.000153589216762405,5.2269219158016105,True
0.8560825999999992,-0.9689587499999996,0.00010005401963631815,6.295924127211423,True
0.8560825999999992,-0.8918928499999996,4.893584291831652e-05,8.07987553708428,True
0.8560825999999992,-0.8148269499999996,0.0001498675756639535,5.288106897846593,True
0.8560825999999992,-0.7377610499999996,0.0004096295364721318,2.780046489423406,True
0.8560825999999992,-0.6606951499999996,0.00024034097069652543,4.110014348949553,True
0.8560825999999992,-0.5836292499999995,0.00034276026053080424,3.2245923562330114,True
0.8560825999999992,-0.5065633499999995,0.0002418857225754639,4.094033700183869,True
0.8560825999999992,-0.4294974499999995,0.0001890449698631352,4.708839499645023,True
0.8560825999999992,-0.3524315499999995,0.00023016028632537712,4.2179759741358085,True
0.8560825999999992,-0.27536564999999946,0.00031160237094195236,3.4623111511288567,True
0.8560825999999992,-0.19829974999999966,0.0001812610510419493,4.813718112980846,True
0.8560825999999992,-0.12123384999999987,0.0002831587108039048,3.701070174813166,True
0.8560825999999992,-0.044167949999999845,0.00027019646116726795,3.817950469461854,True
0.8560825999999992,0.032897950000000176,8.706375236944369e-05,6.642810825219409,True
0.8560825999999992,0.1099638500000002,0.0003299168477527617,3.3198526702450772,True
0.8560825999999992,0.18702975000000022,0.0003996722070636924,2.8414283078036737,True
0.8560825999999992,0.26409565000000024,0.00021349258212954695,4.405485087017423,True
0.8560825999999992,0.34116155000000026,0.0002447672187749457,4.06449514769331,True
0.8560825999999992,0.4182274500000003,9.19319537518762e-05,6.507098755526582,True
0.8560825999999992,0.4952933500000003,0.000116496320036617,5.916411857038277,True
0.8560825999999992,0.5723592500000003,0.0002228391274086943,4.298607605290065,True
0.8560825999999992,0.6494251500000003,0.00036770422374501574,3.049370989902009,True
0.8560825999999992,0.7264910500000004,0.00013241845834659492,5.596868694205551,True
0.8560825999999992,0.8035569500000004,8.56860889959103e-05,6.6825958925887665,True
0.8560825999999992,0.8806228500000004,0.00013964641577279098,5.464303120907611,True
0.8560825999999992,0.9576887500000004,0.00030077372646522007,3.550535116185678,True
0.8560825999999992,1.0347546500000004,0.00021103003596192082,4.434423442954404,True
0.8560825999999992,1.1118205500000005,4.279486317604009e-05,8.414346502944195,True
0.8560825999999992,1.1888864500000005,0.0001073055245025771,6.121395496011299,True
0.8560825999999992,1.2659523500000005,0.00023097068389267875,4.20920879823435,True
0.8560825999999992,1.3430182500000005,0.0001774410830480277,4.866846620712448,True
0.8560825999999992,1.4200841500000005,0.00015848706618134905,5.148621194782829,True
0.8560825999999992,1.4971500500000006,8.940541943308392e-05,6.576609417002277,True
0.8560825999999992,1.5742159500000006,0.0001121882313462853,6.010402501518792,True
0.8560825999999992,1.6512818500000006,0.0002581202593180724,3.9320009442236405,True
0.8560825999999992,1.7283477500000006,4.3023608285986825e-05,8.401049385407086,True
0.8560825999999992,1.8054136500000006,9.653424469801461e-06,12.128679748950008,True
0.8560825999999992,1.8824795500000007,9.540135160167606e-06,12.158125584546926,True
0.8560825999999992,1.9595454500000007,6.191311123225731e-05,7.493152532529449,True
0.8560825999999992,2.0366113500000007,8.401461546233356e-06,12.475160954972939,True
0.8560825999999992,2.1136772500000007,1.159454241299101e-06,17.415089845876285,False
0.8560825999999992,2.1907431500000007,8.395837417668771e-06,12.476831280966074,True
0.8560825999999992,2.2678090500000008,1.1773775527973962e-06,17.37682634069578,False
0.8560825999999992,2.344874950000001,8.398646001059966e-06,12.47599701195341,True
0.8560825999999992,2.421940850000001,7.02354420520887e-05,7.178563816611696,True
0.8560825999999992,2.499006750000001,7.02354350903065e-05,7.178564063852173,True
0.8560825999999992,2.576072650000001,8.395830455886575e-06,12.47683334925893,True
0.8560825999999992,2.653138550000001,1.1538161891701255e-06,17.427248597192733,False
0.8560825999999992,2.730204450000001,8.372269092259306e-06,12.48384309555034,True
0.8560825999999992,2.807270350000001,1.1330634089340514e-06,17.47252066635034,False
0.8560825999999992,2.884336250000001,2.808583391196284e-09,32.438553378750335,False
0.8560825999999992,2.961402150000001,0.0,,False
0.8560825999999992,3.038468050000001,0.0,,False
0.8560825999999992,3.115533950000001,0.0,,False
0.8560825999999992,3.192599850000001,0.0,,False
0.8560825999999992,3.269665750000001,0.0,,False
0.8560825999999992,3.346731650000001,0.0,,False
0.8560825999999992,3.423797550000001,0.0,,False
0.8560825999999992,3.5008634500000007,0.0,,False
0.8560825999999992,3.5779293500000002,0.0,,False
0.8560825999999992,3.6549952500000003,0.0,,False
0.8560825999999992,3.7320611500000003,0.0,,False
0.8560825999999992,3.80912705,0.0,,False
0.9388557999999994,-3.82039705,0.0,,False
0.9388557999999994,-3.74333115,0.0,,False
0.9388557999999994,-3.66626525,0.0,,False
0.9388557999999994,-3.58919935,0.0,,False
0.9388557999999994,-3.51213345,0.0,,False
0.9388557999999994,-3.43506755,0.0,,False
0.9388557999999994,-3.35800165,0.0,,False
0.9388557999999994,-3.28093575,0.0,,False
0.9388557999999994,-3.20386985,0.0,,False
0.9388557999999994,-3.1268039499999998,0.0,,False
0.9388557999999994,-3.0497380499999998,0.0,,False
0.9388557999999994,-2.9726721499999997,0.0,,False
0.9388557999999994,-2.8956062499999997,0.0,,False
0.9388557999999994,-2.8185403499999997,0.0,,False
0.9388557999999994,-2.7414744499999997,2.808583391196284e-09,32.438553378750335,False
0.9388557999999994,-2.6644085499999997,1.1358719923252476e-06,17.46634546889086,False
0.9388557999999994,-2.5873426499999996,9.508141084584553e-06,12.16650473000358,True
0.9388557999999994,-2.5102767499999996,1.0661964235536875e-05,11.880817442850146,True
0.9388557999999994,-2.4332108499999996,1.90162891309513e-05,10.437559920375312,True
0.9388557999999994,-2.3561449499999996,7.139487540804121e-05,7.137723913866935,True
0.9388557999999994,-2.2790790499999996,9.540135160167607e-06,12.158125584546926,True
0.9388557999999994,-2.2020131499999995,2.3575845743325712e-06,15.644887051311933,True
0.9388557999999994,-2.1249472499999995,3.351826882301127e-05,9.023781932690802,True
0.9388557999999994,-2.04788135,0.00012603959546478142,5.720016544653869,True
0.9388557999999994,-1.97081545,1.6826463570747403e-05,10.742724997346121,True
0.9388557999999994,-1.89374955,1.909930721367779e-05,10.426694260595822,True
0.9388557999999994,-1.8166836499999999,0.000150002579590607,5.285860955412618,True
0.9388557999999994,-1.7396177499999999,9.878343363125183e-05,6.327802579068497,True
0.9388557999999994,-1.6625518499999998,9.270085968227008e-05,6.486323217998779,True
0.9388557999999994,-1.5854859499999998,0.00010724151546606442,6.122883843062371,True
0.9388557999999994,-1.5084200499999998,5.603188795338051e-05,7.742115015889352,True
0.9388557999999994,-1.4313541499999998,0.00021304486687547384,4.410721456934245,True
0.9388557999999994,-1.3542882499999997,0.00015233271544498782,5.247411833418141,True
0.9388557999999994,-1.2772223499999997,4.546697775574392e-05,8.263268835852175,True
0.9388557999999994,-1.2001564499999997,0.00010724714655641118,6.122752872530625,True
0.9388557999999994,-1.1230905499999997,0.00014731250689049388,5.3309991679502735,True
0.9388557999999994,-1.0460246499999997,5.370915477049754e-05,7.847719058098814,True
0.9388557999999994,-0.9689587499999996,9.165921922088951e-05,6.5145097089856385,True
0.9388557999999994,-0.8918928499999996,0.00010843860879685774,6.095194810544094,True
0.9388557999999994,-0.8148269499999996,0.0002461307222953733,4.050638709616262,True
0.9388557999999994,-0.7377610499999996,0.00029198408342347225,3.624514587435752,True
0.9388557999999994,-0.6606951499999996,0.00014498308331552985,5.370756829567623,True
0.9388557999999994,-0.5836292499999995,0.00022397500636280176,4.285925495123476,True
0.9388557999999994,-0.5065633499999995,0.000316422847292081,3.4240192580240145,True
0.9388557999999994,-0.4294974499999995,0.00013087934451978537,5.626030464639527,True
0.9388557999999994,-0.3524315499999995,7.641126480988495e-05,6.96834824147593,True
0.9388557999999994,-0.27536564999999946,0.00020833713379306997,4.466457913624365,True
0.9388557999999994,-0.19829974999999966,0.00032586875092130397,3.3506476532663654,True
0.9388557999999994,-0.12123384999999987,0.0002774159719579439,3.7521778605863108,True
0.9388557999999994,-0.044167949999999845,0.00012985674095174738,5.645596094120611,True
0.9388557999999994,0.032897950000000176,5.963256108035228e-05,7.58676561251457,True
0.9388557999999994,0.1099638500000002,0.00018664312683919684,4.740733466415642,True
0.9388557999999994,0.18702975000000022,0.00024904471179767166,4.021281191287982,True
0.9388557999999994,0.26409565000000024,0.0003210644541486513,3.387695570995877,True
0.9388557999999994,0.34116155000000026,0.00022287110059893077,4.2982497406343985,True
0.9388557999999994,0.4182274500000003,0.00018329774135580055,4.785847445181026,True
0.9388557999999994,0.4952933500000003,0.0001274896727396545,5.691483165006999,True
0.9388557999999994,0.5723592500000003,0.00018546397074346616,4.7565419508423465,True
0.9388557999999994,0.6494251500000003,0.00022154780254695627,4.313104029627311,True
0.9388557999999994,0.7264910500000004,0.00016636468441513498,5.027622605820374,True
0.9388557999999994,0.8035569500000004,4.0394673382955475e-05,8.558320103845034,True
0.9388557999999994,0.8806228500000004,0.00011184447407802901,6.01805716745944,True
0.9388557999999994,0.9576887500000004,0.00015473790674512382,5.20833623186945,True
0.9388557999999994,1.0347546500000004,0.00024388363933263005,4.073515694115734,True
0.9388557999999994,1.1118205500000005,0.00010226064796439386,6.241510900914481,True
0.9388557999999994,1.1888864500000005,3.930422911633786e-05,8.626579692973698,True
0.9388557999999994,1.2659523500000005,0.00010108155452470296,6.270438407606876,True
0.9388557999999994,1.3430182500000005,4.0345841730589635e-05,8.56133724335996,True
0.9388557999999994,1.4200841500000005,2.138227857011088e-05,10.145057440917853,True
0.9388557999999994,1.4971500500000006,2.0189772365641993e-05,10.288198357430634,True
0.9388557999999994,1.5742159500000006,7.590920573227913e-05,6.984791336228156,True
0.9388557999999994,1.6512818500000006,4.3002848543968556e-05,8.402253243675911,True
0.9388557999999994,1.7283477500000006,4.602937726618017e-06,13.976031911262455,True
0.9388557999999994,1.8054136500000006,1.1762848562996957e-06,17.379142352915853,False
0.9388557999999994,1.8824795500000007,1.0641218417082994e-05,11.885675601070584,True
0.9388557999999994,1.9595454500000007,1.7877608555234856e-05,10.59157766645082,True
0.9388557999999994,2.0366113500000007,2.2896881814953733e-06,15.71777653563224,True
0.9388557999999994,2.1136772500000007,8.380694842432894e-06,12.48133408552584,True
0.9388557999999994,2.1907431500000007,6.299622940698124e-05,7.449893455592733,True
0.9388557999999994,2.2678090500000008,1.6747346767909808e-05,10.75448085545078,True
0.9388557999999994,2.344874950000001,2.2896881814953733e-06,15.71777653563224,True
0.9388557999999994,2.421940850000001,9.508141084584553e-06,12.16650473000358,True
0.9388557999999994,2.499006750000001,9.505332501193357e-06,12.167241634652175,True
0.9388557999999994,2.576072650000001,1.135878954107442e-06,17.46633018108533,False
0.9388557999999994,2.653138550000001,5.617166782392568e-09,30.70960948228901,False
0.9388557999999994,2.730204450000001,2.075278023607423e-08,27.449875807950338,False
0.9388557999999994,2.807270350000001,2.808583391196284e-09,32.438553378750335,False
0.9388557999999994,2.884336250000001,6.961782194276772e-12,47.404586091150335,False
0.9388557999999994,2.961402150000001,0.0,,False
0.9388557999999994,3.038468050000001,0.0,,False
0.9388557999999994,3.115533950000001,0.0,,False
0.9388557999999994,3.192599850000001,0.0,,False
0.9388557999999994,3.269665750000001,0.0,,False
0.9388557999999994,3.346731650000001,0.0,,False
0.9388557999999994,3.423797550000001,0.0,,False
0.9388557999999994,3.5008634500000007,0.0,,False
0.9388557999999994,3.5779293500000002,0.0,,False
0.9388557999999994,3.6549952500000003,0.0,,False
0.9388557999999994,3.7320611500000003,0.0,,False
0.9388557999999994,3.80912705,0.0,,False
1.0216289999999995,-3.82039705,0.0,,False
1.0216289999999995,-3.74333115,0.0,,False
1.0216289999999995,-3.66626525,0.0,,False
1.0216289999999995,-3.58919935,0.0,,False
1.0216289999999995,-3.51213345,0.0,,False
1.0216289999999995,-3.43506755,0.0,,False
1.0216289999999995,-3.35800165,0.0,,False
1.0216289999999995,-3.28093575,0.0,,False
1.0216289999999995,-3.20386985,0.0,,False
1.0216289999999995,-3.1268039499999998,0.0,,False
1.0216289999999995,-3.0497380499999998,0.0,,False
1.0216289999999995,-2.9726721499999997,0.0,,False
1.0216289999999995,-2.8956062499999997,0.0,,False
1.0216289999999995,-2.8185403499999997,0.0,,False
1.0216289999999995,-2.7414744499999997,6.961782194276772e-12,47.404586091150335,False
1.0216289999999995,-2.6644085499999997,2.8155451733905604e-09,32.43237818129086,False
1.0216289999999995,-2.5873426499999996,2.356832540946479e-08,27.13253744240358,False
1.0216289999999995,-2.5102767499999996,4.9931310645737306e-08,25.259926051360882,False
1.0216289999999995,-2.4332108499999996,9.528907788385017e-06,12.161062792482005,True
1.0216289999999995,-2.3561449499999996,7.024105921887109e-05,7.178364336743532,True
1.0216289999999995,-2.2790790499999996,9.546851985229894e-06,12.156370038966937,True
1.0216289999999995,-2.2020131499999995,8.40706478945136e-06,12.473497943341664,True
1.0216289999999995,-2.1249472499999995,6.415005255793356e-05,7.40462111574097,True
1.0216289999999995,-2.04788135,2.5119615860169114e-05,9.743252950253797,True
1.0216289999999995,-1.97081545,2.292517650233152e-06,15.714696074050673,True
1.0216289999999995,-1.89374955,2.2801766966062786e-06,15.728159731003382,True
1.0216289999999995,-1.8166836499999999,1.7945477100943278e-05,10.58212636736197,True
1.0216289999999995,-1.7396177499999999,2.0193687569095278e-05,10.287714701801688,True
1.0216289999999995,-1.6625518499999998,8.089352589308326e-05,6.826161790553725,True
1.0216289999999995,-1.5854859499999998,7.986700712159198e-05,6.858016877598369,True
1.0216289999999995,-1.5084200499999998,2.2512526433871536e-05,10.016575521921105,True
1.0216289999999995,-1.4313541499999998,9.765320665283771e-05,6.356505982813492,True
1.0216289999999995,-1.3542882499999997,3.0811344622550996e-05,9.233824400290697,True
1.0216289999999995,-1.2772223499999997,2.023127096433195e-05,10.283076688513031,True
1.0216289999999995,-1.2001564499999997,7.373170024035552e-05,7.057389397317313,True
1.0216289999999995,-1.1230905499999997,3.468614185270177e-05,8.938351805187155,True
1.0216289999999995,-1.0460246499999997,7.375807018737397e-05,7.056497463156357,True
1.0216289999999995,-0.9689587499999996,9.046391139481165e-05,6.54725179366111,True
1.0216289999999995,-0.8918928499999996,0.00010836792470597594,6.0968212382425175,True
1.0216289999999995,-0.8148269499999996,0.00013077775208803603,5.627967396286589,True
1.0216289999999995,-0.7377610499999996,0.0002595809268507679,3.9179256071581126,True
1.0216289999999995,-0.6606951499999996,0.00013808655612752757,5.492321827492679,True
1.0216289999999995,-0.5836292499999995,0.00017601702315022094,4.886945789430171,True
1.0216289999999995,-0.5065633499999995,0.0002049446673531123,4.5074089095913275,True
1.0216289999999995,-0.4294974499999995,0.00013807535660287373,5.492524139306509,True
1.0216289999999995,-0.3524315499999995,0.00022727095784498593,4.249486982762303,True
1.0216289999999995,-0.27536564999999946,0.00014424375025619098,5.383509112052988,True
1.0216289999999995,-0.19829974999999966,0.00019159261649389793,4.675449267441652,True
1.0216289999999995,-0.12123384999999987,0.0001905397347371704,4.6891945074852455,True
1.0216289999999995,-0.044167949999999845,0.00014033866787556846,5.451968786769213,True
1.0216289999999995,0.032897950000000176,0.0002511717254007965,4.00006827579975,True
1.0216289999999995,0.1099638500000002,8.693076816716049e-05,6.64662367768358,True
1.0216289999999995,0.18702975000000022,0.0002462928641427197,4.048996072162137,True
1.0216289999999995,0.26409565000000024,0.00022734780575723885,4.248643705954208,True
1.0216289999999995,0.34116155000000026,0.00022630164778735578,4.260148082319451,True
1.0216289999999995,0.4182274500000003,0.000254523751129651,3.967000112717995,True
1.0216289999999995,0.4952933500000003,0.00018815303428846788,4.720635922850518,True
1.0216289999999995,0.5723592500000003,0.00011792313978533966,5.88604734897039,True
1.0216289999999995,0.6494251500000003,0.00016193055662845016,5.095006400443956,True
1.0216289999999995,0.7264910500000004,9.775024676717363e-05,6.354028534881126,True
1.0216289999999995,0.8035569500000004,3.701176019858006e-05,8.776480521351601,True
1.0216289999999995,0.8806228500000004,0.00021310711825439987,4.4099927214810615,True
1.0216289999999995,0.9576887500000004,0.0001881209636332807,4.721061118743629,True
1.0216289999999995,1.0347546500000004,0.000187026611124992,4.7356137579336135,True
1.0216289999999995,1.1118205500000005,0.00010947179566093594,6.071541627156557,True
1.0216289999999995,1.1888864500000005,9.04846780986121e-05,6.546679264247016,True
1.0216289999999995,1.2659523500000005,8.934597663754908e-05,6.578268374405016,True
1.0216289999999995,1.3430182500000005,8.095576334844489e-05,6.824243446553667,True
1.0216289999999995,1.4200841500000005,1.9086994107179696e-05,10.428302851064606,True
1.0216289999999995,1.4971500500000006,1.069117757485751e-05,11.873992404040571,True
1.0216289999999995,1.5742159500000006,9.545759288732194e-06,12.156655547870747,True
1.0216289999999995,1.6512818500000006,2.3547620673769864e-06,15.647875069787046,True
1.0216289999999995,1.7283477500000006,8.407071751233557e-06,12.47349587781266,True
1.0216289999999995,1.8054136500000006,9.526120090340402e-06,12.161792622262213,True
1.0216289999999995,1.8824795500000007,7.02410522570889e-05,7.178364583964238,True
1.0216289999999995,1.9595454500000007,7.025618787054257e-05,7.177827159203579,True
1.0216289999999995,2.0366113500000007,8.398639039277773e-06,12.475999079554608,True
1.0216289999999995,2.1136772500000007,1.174575931188394e-06,17.382768802393418,False
1.0216289999999995,2.1907431500000007,1.6744538184518612e-05,10.75489919908901,True
1.0216289999999995,2.2678090500000008,6.299623636876343e-05,7.4498931799406405,True
1.0216289999999995,2.344874950000001,8.37789322082389e-06,12.482168069090571,True
1.0216289999999995,2.421940850000001,4.431414386334474e-08,25.55761135018022,False
1.0216289999999995,2.499006750000001,2.3561363627270515e-08,27.133274347052172,False
1.0216289999999995,2.576072650000001,2.8155451733905604e-09,32.43237818129086,False
1.0216289999999995,2.653138550000001,6.961782194276772e-12,47.404586091150335,False
1.0216289999999995,2.730204450000001,0.0,,False
1.0216289999999995,2.807270350000001,0.0,,False
1.0216289999999995,2.884336250000001,0.0,,False
1.0216289999999995,2.961402150000001,0.0,,False
1.0216289999999995,3.038468050000001,0.0,,False
1.0216289999999995,3.115533950000001,0.0,,False
1.0216289999999995,3.192599850000001,0.0,,False
1.0216289999999995,3.269665750000001,0.0,,False
1.0216289999999995,3.346731650000001,0.0,,False
1.0216289999999995,3.423797550000001,0.0,,False
1.0216289999999995,3.5008634500000007,0.0,,False
1.0216289999999995,3.5779293500000002,0.0,,False
1.0216289999999995,3.6549952500000003,0.0,,False
1.0216289999999995,3.7320611500000003,0.0,,False
1.0216289999999995,3.80912705,0.0,,False
1.1044021999999996,-3.82039705,0.0,,False
1.1044021999999996,-3.74333115,0.0,,False
1.1044021999999996,-3.66626525,0.0,,False
1.1044021999999996,-3.58919935,0.0,,False
1.1044021999999996,-3.51213345,0.0,,False
1.1044021999999996,-3.43506755,0.0,,False
1.1044021999999996,-3.35800165,0.0,,False
1.1044021999999996,-3.28093575,0.0,,False
1.1044021999999996,-3.20386985,0.0,,False
1.1044021999999996,-3.1268039499999998,0.0,,False
1.1044021999999996,-3.0497380499999998,0.0,,False
1.1044021999999996,-2.9726721499999997,0.0,,False
1.1044021999999996,-2.8956062499999997,0.0,,False
1.1044021999999996,-2.8185403499999997,0.0,,False
1.1044021999999996,-2.7414744499999997,0.0,,False
1.1044021999999996,-2.6644085499999997,0.0,,False
1.1044021999999996,-2.5873426499999996,0.0,,False
1.1044021999999996,-2.5102767499999996,2.815545173390561e-09,32.43237818129086,False
1.1044021999999996,-2.4332108499999996,1.1386805757164441e-06,17.460185521529283,False
1.1044021999999996,-2.3561449499999996,9.526085281429432e-06,12.16180173671537,True
1.1044021999999996,-2.2790790499999996,9.51094966797575e-06,12.165768042995062,True
1.1044021999999996,-2.2020131499999995,2.2689562866058816e-06,15.740464300120372,True
1.1044021999999996,-2.1249472499999995,8.38070180421509e-06,12.481332013497628,True
1.1044021999999996,-2.04788135,1.1773775527973962e-06,17.37682634069578,False
1.1044021999999996,-1.97081545,2.9192453974051632e-08,26.598732520980487,False
1.1044021999999996,-1.89374955,8.446635520171682e-09,29.692066939548933,False
1.1044021999999996,-1.8166836499999999,4.713665081892958e-08,25.40359354594225,False
1.1044021999999996,-1.7396177499999999,1.1678730296904957e-06,17.39704390771587,False
1.1044021999999996,-1.6625518499999998,1.0670396947492657e-05,11.878845411586232,True
1.1044021999999996,-1.5854859499999998,1.9078575318788302e-05,10.429403283263948,True
1.1044021999999996,-1.5084200499999998,2.016340938040572e-05,10.291457492055656,True
1.1044021999999996,-1.4313541499999998,7.148351065755009e-05,7.134629164898213,True
1.1044021999999996,-1.3542882499999997,1.7938788123009766e-05,10.583056277849664,True
1.1044021999999996,-1.2772223499999997,6.416693886719171e-05,7.403964613809305,True
1.1044021999999996,-1.2001564499999997,2.5190320836397506e-05,9.736241918548355,True
1.1044021999999996,-1.1230905499999997,4.611391323920383e-06,13.971455095863778,True
1.1044021999999996,-1.0460246499999997,1.9098228440744483e-05,10.426835150583765,True
1.1044021999999996,-0.9689587499999996,3.6982553821041625e-05,8.778449607896254,True
1.1044021999999996,-0.8918928499999996,0.00013675321385963972,5.516523808341996,True
1.1044021999999996,-0.8148269499999996,6.441822084794237e-05,7.394215694261716,True
1.1044021999999996,-0.7377610499999996,0.00024048442822048127,4.108525943064656,True
1.1044021999999996,-0.6606951499999996,0.0001736123297721982,4.921257637059426,True
1.1044021999999996,-0.5836292499999995,6.55804627872861e-05,7.349613667370272,True
1.1044021999999996,-0.5065633499999995,0.000179827811343859,4.833519355913255,True
1.1044021999999996,-0.4294974499999995,0.0001865375843950832,4.74214435723048,True
1.1044021999999996,-0.3524315499999995,0.00022158544163645047,4.312680298651445,True
1.1044021999999996,-0.27536564999999946,0.00017821526053703405,4.855987463987621,True
1.1044021999999996,-0.19829974999999966,6.903800311312538e-05,7.221456300313999,True
1.1044021999999996,-0.12123384999999987,0.00013595163496900943,5.5311873912103025,True
1.1044021999999996,-0.044167949999999845,0.00021052415076988265,4.440410097581082,True
1.1044021999999996,0.032897950000000176,0.00043555182391942884,2.6269923494168923,True
1.1044021999999996,0.1099638500000002,0.00016203943342519707,5.093329852396186,True
1.1044021999999996,0.18702975000000022,0.00018332686419195263,4.78545116943298,True
1.1044021999999996,0.26409565000000024,0.00022623655997790982,4.260865595430571,True
1.1044021999999996,0.34116155000000026,0.00033316732282055993,3.2953977025740375,True
1.1044021999999996,0.4182274500000003,0.0001558917786285515,5.189805094854499,True
1.1044021999999996,0.4952933500000003,0.00016302103570397876,5.0782652332821225,True
1.1044021999999996,0.5723592500000003,3.200275813052218e-05,9.139191340381558,True
1.1044021999999996,0.6494251500000003,2.7509173624738156e-05,9.516591172309624,True
1.1044021999999996,0.7264910500000004,1.1856214174028028e-05,11.615994818516613,True
1.1044021999999996,0.8035569500000004,5.714183505947071e-06,13.436614480340218,True
1.1044021999999996,0.8806228500000004,4.4203815307522e-05,8.33354731583049,True
1.1044021999999996,0.9576887500000004,9.496978115996498e-05,6.426007607824336,True
1.1044021999999996,1.0347546500000004,0.00010722638681439293,6.123235746375606,True
1.1044021999999996,1.1118205500000005,9.157060485672722e-05,6.516922354021118,True
1.1044021999999996,1.1888864500000005,8.093501752999102e-05,6.8248827306389845,True
1.1044021999999996,1.2659523500000005,2.746876076076371e-05,9.520258221402068,True
1.1044021999999996,1.3430182500000005,7.97907058639278e-05,6.860400992932318,True
1.1044021999999996,1.4200841500000005,7.974640564362883e-05,6.861786247554135,True
1.1044021999999996,1.4971500500000006,7.028255781756104e-05,7.176891110115238,True
1.1044021999999996,1.5742159500000006,8.437336016358723e-06,12.464532735553886,True
1.1044021999999996,1.6512818500000006,8.39583741766877e-06,12.476831280966076,True
1.1044021999999996,1.7283477500000006,6.186598154322058e-05,7.495052003827117,True
1.1044021999999996,1.8054136500000006,9.508141084584553e-06,12.16650473000358,True
1.1044021999999996,1.8824795500000007,9.52608528142943e-06,12.16180173671537,True
1.1044021999999996,1.9595454500000007,9.505332501193357e-06,12.167241634652175,True
1.1044021999999996,2.0366113500000007,1.135878954107442e-06,17.46633018108533,False
1.1044021999999996,2.1136772500000007,8.425750173588853e-09,29.698242137008414,False
1.1044021999999996,2.1907431500000007,1.1538161891701255e-06,17.427248597192733,False
1.1044021999999996,2.2678090500000008,8.375077675650502e-06,12.483006478425555,True
1.1044021999999996,2.344874950000001,1.1330703707162456e-06,17.472505340650244,False
1.1044021999999996,2.421940850000001,2.808583391196284e-09,32.438553378750335,False
1.1044021999999996,2.499006750000001,0.0,,False
1.1044021999999996,2.576072650000001,0.0,,False
1.1044021999999996,2.653138550000001,0.0,,False
1.1044021999999996,2.730204450000001,0.0,,False
1.1044021999999996,2.807270350000001,0.0,,False
1.1044021999999996,2.884336250000001,0.0,,False
1.1044021999999996,2.961402150000001,0.0,,False
1.1044021999999996,3.038468050000001,0.0,,False
1.1044021999999996,3.115533950000001,0.0,,False
1.1044021999999996,3.192599850000001,0.0,,False
1.1044021999999996,3.269665750000001,0.0,,False
1.1044021999999996,3.346731650000001,0.0,,False
1.1044021999999996,3.423797550000001,0.0,,False
1.1044021999999996,3.5008634500000007,0.0,,False
1.1044021999999996,3.5779293500000002,0.0,,False
1.1044021999999996,3.6549952500000003,0.0,,False
1.1044021999999996,3.7320611500000003,0.0,,False
1.1044021999999996,3.80912705,0.0,,False
1.1871753999999992,-3.82039705,0.0,,False
1.1871753999999992,-3.74333115,0.0,,False
1.1871753999999992,-3.66626525,0.0,,False
1.1871753999999992,-3.58919935,0.0,,False
1.1871753999999992,-3.51213345,0.0,,False
1.1871753999999992,-3.43506755,0.0,,False
1.1871753999999992,-3.35800165,0.0,,False
1.1871753999999992,-3.28093575,0.0,,False
1.1871753999999992,-3.20386985,0.0,,False
1.1871753999999992,-3.1268039499999998,0.0,,False
1.1871753999999992,-3.0497380499999998,0.0,,False
1.1871753999999992,-2.9726721499999997,0.0,,False
1.1871753999999992,-2.8956062499999997,6.961782194276772e-12,47.404586091150335,False
1.1871753999999992,-2.8185403499999997,2.808583391196284e-09,32.438553378750335,False
1.1871753999999992,-2.7414744499999997,2.075278023607423e-08,27.449875807950338,False
1.1871753999999992,-2.6644085499999997,2.808583391196284e-09,32.438553378750335,False
1.1871753999999992,-2.5873426499999996,1.3923564388553544e-11,45.67564219468901,False
1.1871753999999992,-2.5102767499999996,2.8155451733905604e-09,32.43237818129086,False
1.1871753999999992,-2.4332108499999996,4.431414386334474e-08,25.55761135018022,False
1.1871753999999992,-2.3561449499999996,8.39583741766877e-06,12.476831280966076,True
1.1871753999999992,-2.2790790499999996,6.186879708839396e-05,7.494938488070158,True
1.1871753999999992,-2.2020131499999995,8.39583741766877e-06,12.476831280966076,True
1.1871753999999992,-2.1249472499999995,4.7122727254541024e-08,25.404330450590844,False
1.1871753999999992,-2.04788135,1.1358859158896364e-06,17.466314893373493,False
1.1871753999999992,-1.97081545,8.375084637432696e-06,12.483004405007637,True
1.1871753999999992,-1.89374955,1.1538161891701255e-06,17.427248597192733,False
1.1871753999999992,-1.8166836499999999,5.6241285645868454e-09,30.70651997257919,False
1.1871753999999992,-1.7396177499999999,2.6390832365049625e-08,26.850395239354352,False
1.1871753999999992,-1.6625518499999998,9.552455228447899e-06,12.154906489831117,True
1.1871753999999992,-1.5854859499999998,7.865764245499373e-05,6.896075611363492,True
1.1871753999999992,-1.5084200499999998,7.364306499084662e-05,7.060389725995205,True
1.1871753999999992,-1.4313541499999998,2.516676643455243e-05,9.738575360197103,True
1.1871753999999992,-1.3542882499999997,3.4755054080307466e-06,14.676828431382727,True
1.1871753999999992,-1.2772223499999997,1.9066220441597038e-05,10.431019086931547,True
1.1871753999999992,-1.2001564499999997,7.981147256772825e-05,6.859751889072513,True
1.1871753999999992,-1.1230905499999997,2.0186984667597384e-05,10.288542786447556,True
1.1871753999999992,-1.0460246499999997,8.208883371916114e-05,6.789574320162676,True
1.1871753999999992,-0.9689587499999996,9.884569197196002e-05,6.3262310151747005,True
1.1871753999999992,-0.8918928499999996,3.810891432847777e-05,8.70361459646885,True
1.1871753999999992,-0.8148269499999996,8.438696157439449e-05,6.7207033638408324,True
1.1871753999999992,-0.7377610499999996,0.00010726509075325606,6.122335563878878,True
1.1871753999999992,-0.6606951499999996,9.888332409967206e-05,6.325281561435158,True
1.1871753999999992,-0.5836292499999995,9.162898280289313e-05,6.515332673802701,True
1.1871753999999992,-0.5065633499999995,0.00016082388405188117,5.1121118329376944,True
1.1871753999999992,-0.4294974499999995,0.00014299283825842742,5.405234882125095,True
1.1871753999999992,-0.3524315499999995,0.00030466759539762443,3.5184502158908373,True
1.1871753999999992,-0.27536564999999946,0.00020379644048359576,4.521423033906748,True
1.1871753999999992,-0.19829974999999966,0.00018937468421443545,4.7044928992832125,True
1.1871753999999992,-0.12123384999999987,0.0003035446597021931,3.52766076769341,True
1.1871753999999992,-0.044167949999999845,0.00014760810997689012,5.325998944512312,True
1.1871753999999992,0.032897950000000176,0.0001514604663870401,5.2617353321963485,True
1.1871753999999992,0.1099638500000002,0.00021152933529763817,4.428528781219604,True
1.1871753999999992,0.18702975000000022,7.397632109030144e-05,7.049127586941983,True
1.1871753999999992,0.26409565000000024,0.0002678881220571456,3.839351621894185,True
1.1871753999999992,0.34116155000000026,0.000321361088689653,3.3853920913116013,True
1.1871753999999992,0.4182274500000003,0.00011907415435290079,5.8618188626307655,True
1.1871753999999992,0.4952933500000003,8.830719349203508e-05,6.607438769936456,True
1.1871753999999992,0.5723592500000003,2.020774440961565e-05,10.285978994812716,True
1.1871753999999992,0.6494251500000003,7.14655803842696e-05,7.135254900619721,True
1.1871753999999992,0.7264910500000004,1.7953944621810032e-05,10.580949698485858,True
1.1871753999999992,0.8035569500000004,1.0705213530031293e-05,11.87071984912881,True
1.1871753999999992,0.8806228500000004,7.150708594474174e-05,7.133806666703937,True
1.1871753999999992,0.9576887500000004,2.7446922245812122e-05,9.52224208665689,True
1.1871753999999992,1.0347546500000004,7.257790493653197e-05,7.096730847720746,True
1.1871753999999992,1.1118205500000005,1.904548158492535e-05,10.433733725056653,True
1.1871753999999992,1.1888864500000005,1.0691156689510926e-05,11.873997276766756,True
1.1871753999999992,1.2659523500000005,1.0670389985710462e-05,11.878847038990452,True
1.1871753999999992,1.3430182500000005,1.0670389985710462e-05,11.878847038990452,True
1.1871753999999992,1.4200841500000005,1.1777083447626046e-05,11.632698334102656,True
1.1871753999999992,1.4971500500000006,1.788041713862605e-05,10.59118583505839,True
1.1871753999999992,1.5742159500000006,2.271743984650495e-06,15.737401572429533,True
1.1871753999999992,1.6512818500000006,1.138680575716444e-06,17.460185521529283,False
1.1871753999999992,1.7283477500000006,8.372276054041499e-06,12.483841021436866,True
1.1871753999999992,1.8054136500000006,1.135878954107442e-06,17.46633018108533,False
1.1871753999999992,1.8824795500000007,2.6369947018466797e-08,26.852370006723515,False
1.1871753999999992,1.9595454500000007,2.356832540946479e-08,27.13253744240358,False
1.1871753999999992,2.0366113500000007,5.624128564586845e-09,30.70651997257919,False
1.1871753999999992,2.1136772500000007,2.0766703800462783e-08,27.448202854213406,False
1.1871753999999992,2.1907431500000007,5.617166782392568e-09,30.70960948228901,False
1.1871753999999992,2.2678090500000008,2.0759742018268505e-08,27.44903919082556,False
1.1871753999999992,2.344874950000001,2.808583391196284e-09,32.438553378750335,False
1.1871753999999992,2.421940850000001,6.961782194276772e-12,47.404586091150335,False
1.1871753999999992,2.499006750000001,0.0,,False
1.1871753999999992,2.576072650000001,0.0,,False
1.1871753999999992,2.653138550000001,0.0,,False
1.1871753999999992,2.730204450000001,0.0,,False
1.1871753999999992,2.807270350000001,0.0,,False
1.1871753999999992,2.884336250000001,0.0,,False
1.1871753999999992,2.961402150000001,0.0,,False
1.1871753999999992,3.038468050000001,0.0,,False
1.1871753999999992,3.115533950000001,0.0,,False
1.1871753999999992,3.192599850000001,0.0,,False
1.1871753999999992,3.269665750000001,0.0,,False
1.1871753999999992,3.346731650000001,0.0,,False
1.1871753999999992,3.423797550000001,0.0,,False
1.1871753999999992,3.5008634500000007,0.0,,False
1.1871753999999992,3.5779293500000002,0.0,,False
1.1871753999999992,3.6549952500000003,0.0,,False
1.1871753999999992,3.7320611500000003,0.0,,False
1.1871753999999992,3.80912705,0.0,,False
1.2699485999999989,-3.82039705,0.0,,False
1.2699485999999989,-3.74333115,0.0,,False
1.2699485999999989,-3.66626525,0.0,,False
1.2699485999999989,-3.58919935,0.0,,False
1.2699485999999989,-3.51213345,0.0,,False
1.2699485999999989,-3.43506755,0.0,,False
1.2699485999999989,-3.35800165,0.0,,False
1.2699485999999989,-3.28093575,0.0,,False
1.2699485999999989,-3.20386985,0.0,,False
1.2699485999999989,-3.1268039499999998,0.0,,False
1.2699485999999989,-3.0497380499999998,0.0,,False
1.2699485999999989,-2.9726721499999997,0.0,,False
1.2699485999999989,-2.8956062499999997,2.808583391196284e-09,32.438553378750335,False
1.2699485999999989,-2.8185403499999997,1.1330634089340514e-06,17.47252066635034,False
1.2699485999999989,-2.7414744499999997,8.372269092259306e-06,12.48384309555034,True
1.2699485999999989,-2.6644085499999997,1.1330703707162456e-06,17.472505340650244,False
1.2699485999999989,-2.5873426499999996,8.425750173588853e-09,29.698242137008414,False
1.2699485999999989,-2.5102767499999996,1.1538161891701255e-06,17.427248597192733,False
1.2699485999999989,-2.4332108499999996,8.377886259041698e-06,12.482170141813402,True
1.2699485999999989,-2.3561449499999996,2.2689423630414932e-06,15.740479606802767,True
1.2699485999999989,-2.2790790499999996,9.508148046366747e-06,12.166502903670036,True
1.2699485999999989,-2.2020131499999995,9.508141084584553e-06,12.16650473000358,True
1.2699485999999989,-2.1249472499999995,1.1773914763617847e-06,17.37679684303698,False
1.2699485999999989,-2.04788135,8.386312009215286e-06,12.479662813173233,True
1.2699485999999989,-1.97081545,6.303774192923559e-05,7.4482503065752805,True
1.2699485999999989,-1.89374955,1.6750155351301004e-05,10.754062581964225,True
1.2699485999999989,-1.8166836499999999,1.1538301127345142e-06,17.427218497184203,False
1.2699485999999989,-1.7396177499999999,2.917853040966308e-08,26.5999224987652,False
1.2699485999999989,-1.6625518499999998,1.0641204493518604e-05,11.88567886480487,True
1.2699485999999989,-1.5854859499999998,7.976152733351812e-05,6.8613133103528225,True
1.2699485999999989,-1.5084200499999998,2.7388551261428408e-05,9.527552410648656,True
1.2699485999999989,-1.4313541499999998,6.418203967173442e-05,7.4033776746210975,True
1.2699485999999989,-1.3542882499999997,1.9066213479814843e-05,10.431019997707049,True
1.2699485999999989,-1.2772223499999997,3.6929779118093716e-05,8.782011611843009,True
1.2699485999999989,-1.2001564499999997,0.00014276899107406416,5.4091426876529916,True
1.2699485999999989,-1.1230905499999997,2.9728191638916105e-05,9.323089664185224,True
1.2699485999999989,-1.0460246499999997,0.00010719721524576545,6.123914438224902,True
1.2699485999999989,-0.9689587499999996,0.00022142382494566668,4.3145002461265145,True
1.2699485999999989,-0.8918928499999996,3.926270963230132e-05,8.629216009741855,True
1.2699485999999989,-0.8148269499999996,8.214158753676246e-05,6.787971865552374,True
1.2699485999999989,-0.7377610499999996,3.81004746547398e-05,8.704167058728624,True
1.2699485999999989,-0.6606951499999996,2.139072520563105e-05,10.144072297533095,True
1.2699485999999989,-0.5836292499999995,1.5258226907785767e-05,10.986756219523597,True
1.2699485999999989,-0.5065633499999995,4.4223475391260374e-05,8.33243818063448,True
1.2699485999999989,-0.4294974499999995,8.89135910815661e-05,6.5903689106230345,True
1.2699485999999989,-0.3524315499999995,0.00012512365545336616,5.738209292321274,True
1.2699485999999989,-0.27536564999999946,0.00011518984563786092,5.944543224289002,True
1.2699485999999989,-0.19829974999999966,0.0001391584538922511,5.473034270321629,True
1.2699485999999989,-0.12123384999999987,0.00020825242070879655,4.467472356412778,True
1.2699485999999989,-0.044167949999999845,0.00017591885553047636,4.888337311707852,True
1.2699485999999989,0.032897950000000176,4.888586287519541e-05,8.082424402285307,True
1.2699485999999989,0.1099638500000002,2.8768504410893123e-05,9.404940436439146,True
1.2699485999999989,0.18702975000000022,3.2025275530127115e-05,9.137436920566195,True
1.2699485999999989,0.26409565000000024,0.0002176035043817929,4.357911731695161,True
1.2699485999999989,0.34116155000000026,8.113920463061592e-05,6.818597806766012,True
1.2699485999999989,0.4182274500000003,2.5943731621603333e-05,9.662733261949981,True
1.2699485999999989,0.4952933500000003,1.912460534954514e-05,10.423392550934285,True
1.2699485999999989,0.5723592500000003,1.2962893712379227e-05,11.393402985400707,True
1.2699485999999989,0.6494251500000003,8.812429190267053e-05,6.612610394385162,True
1.2699485999999989,0.7264910500000004,8.203607990155981e-05,6.791177804910355,True
1.2699485999999989,0.8035569500000004,2.9675437821314782e-05,9.3275198961124,True
1.2699485999999989,0.8806228500000004,8.814222217595103e-05,6.6121029335499095,True
1.2699485999999989,0.9576887500000004,1.293089963679617e-05,11.399566941617199,True
1.2699485999999989,1.0347546500000004,8.427824531469632e-06,12.467346212260933,True
1.2699485999999989,1.1118205500000005,1.1801930979707868e-06,17.370868574921452,False
1.2699485999999989,1.1888864500000005,8.39865296284216e-06,12.475994944353923,True
1.2699485999999989,1.2659523500000005,6.186880405017617e-05,7.4949382073948705,True
1.2699485999999989,1.3430182500000005,8.419405743078235e-06,12.469839121993449,True
1.2699485999999989,1.4200841500000005,8.440144599749921e-06,12.463702569167241,True
1.2699485999999989,1.4971500500000006,6.188954290684786e-05,7.4941022276598925,True
1.2699485999999989,1.5742159500000006,8.375105522779278e-06,12.48299818476422,True
1.2699485999999989,1.6512818500000006,2.6376908800661072e-08,26.85171157720487,False
1.2699485999999989,1.7283477500000006,4.150556047214846e-08,25.720931911489014,False
1.2699485999999989,1.8054136500000006,5.617166782392568e-09,30.70960948228901,False
1.2699485999999989,1.8824795500000007,1.3923564388553544e-11,45.67564219468901,False
1.2699485999999989,1.9595454500000007,2.808583391196284e-09,32.438553378750335,False
1.2699485999999989,2.0366113500000007,1.1330634089340514e-06,17.47252066635034,False
1.2699485999999989,2.1136772500000007,8.372269092259306e-06,12.48384309555034,True
1.2699485999999989,2.1907431500000007,1.1330634089340514e-06,17.47252066635034,False
1.2699485999999989,2.2678090500000008,2.808583391196284e-09,32.438553378750335,False
1.2699485999999989,2.344874950000001,0.0,,False
1.2699485999999989,2.421940850000001,0.0,,False
1.2699485999999989,2.499006750000001,0.0,,False
1.2699485999999989,2.576072650000001,0.0,,False
1.2699485999999989,2.653138550000001,0.0,,False
1.2699485999999989,2.730204450000001,0.0,,False
1.2699485999999989,2.807270350000001,0.0,,False
1.2699485999999989,2.884336250000001,0.0,,False
1.2699485999999989,2.961402150000001,0.0,,False
1.2699485999999989,3.038468050000001,0.0,,False
1.2699485999999989,3.115533950000001,0.0,,False
1.2699485999999989,3.192599850000001,0.0,,False
1.2699485999999989,3.269665750000001,0.0,,False
1.2699485999999989,3.346731650000001,0.0,,False
1.2699485999999989,3.423797550000001,0.0,,False
1.2699485999999989,3.5008634500000007,0.0,,False
1.2699485999999989,3.5779293500000002,0.0,,False
1.2699485999999989,3.6549952500000003,0.0,,False
1.2699485999999989,3.7320611500000003,0.0,,False
1.2699485999999989,3.80912705,0.0,,False
1.352721799999999,-3.82039705,0.0,,False
1.352721799999999,-3.74333115,0.0,,False
1.352721799999999,-3.66626525,0.0,,False
1.352721799999999,-3.58919935,0.0,,False
1.352721799999999,-3.51213345,0.0,,False
1.352721799999999,-3.43506755,0.0,,False
1.352721799999999,-3.35800165,0.0,,False
1.352721799999999,-3.28093575,0.0,,False
1.352721799999999,-3.20386985,0.0,,False
1.352721799999999,-3.1268039499999998,0.0,,False
1.352721799999999,-3.0497380499999998,0.0,,False
1.352721799999999,-2.9726721499999997,0.0,,False
1.352721799999999,-2.8956062499999997,2.075278023607423e-08,27.449875807950338,False
1.352721799999999,-2.8185403499999997,8.372269092259306e-06,12.48384309555034,True
1.352721799999999,-2.7414744499999997,6.186316599804719e-05,7.495165524750339,True
1.352721799999999,-2.6644085499999997,8.3750776756505e-06,12.483006478425555,True
1.352721799999999,-2.5873426499999996,1.1745689694061999e-06,17.382783586533247,False
1.352721799999999,-2.5102767499999996,1.6744538184518612e-05,10.75489919908901,True
1.352721799999999,-2.4332108499999996,6.299623636876343e-05,7.4498931799406405,True
1.352721799999999,-2.3561449499999996,8.398639039277773e-06,12.475999079554608,True
1.352721799999999,-2.2790790499999996,8.416583236122648e-06,12.470675459988922,True
1.352721799999999,-2.2020131499999995,6.299905887571902e-05,7.449781425155529,True
1.352721799999999,-2.1249472499999995,1.6761403608430176e-05,10.752388117036299,True
1.352721799999999,-2.04788135,4.638826120307773e-06,13.9566593620855,True
1.352721799999999,-1.97081545,3.3521070444620284e-05,9.023573452311318,True
1.352721799999999,-1.89374955,6.526799427697833e-05,7.361526743359347,True
1.352721799999999,-1.8166836499999999,8.401461546233356e-06,12.475160954972939,True
1.352721799999999,-1.7396177499999999,4.994523421012586e-08,25.25923059104113,False
1.352721799999999,-1.6625518499999998,9.531723333558407e-06,12.160325888910013,True
1.352721799999999,-1.5854859499999998,7.028818194612562e-05,7.176691516913355,True
1.352721799999999,-1.5084200499999998,1.0709086962791413e-05,11.869817493838259,True
1.352721799999999,-1.4313541499999998,1.6835988979200885e-05,10.741313359477418,True
1.352721799999999,-1.3542882499999997,7.976997396903829e-05,6.861049177307852,True
1.352721799999999,-1.2772223499999997,0.00014274543667221906,5.409554244145504,True
1.352721799999999,-1.2001564499999997,9.544368619998449e-05,6.4135916565893005,True
1.352721799999999,-1.1230905499999997,2.1403031350346952e-05,10.142637709996027,True
1.352721799999999,-1.0460246499999997,0.00010107314269809377,6.270645990667449,True
1.352721799999999,-0.9689587499999996,0.00017742031634422728,4.867138561142611,True
1.352721799999999,-0.8918928499999996,4.2689355540837444e-05,8.42050370772948,True
1.352721799999999,-0.8148269499999996,0.0001049714943300896,6.1762492587517155,True
1.352721799999999,-0.7377610499999996,0.0001450587071026883,5.3694561111476276,True
1.352721799999999,-0.6606951499999996,8.934879218272245e-05,6.578189771952634,True
1.352721799999999,-0.5836292499999995,4.3091490755259636e-05,8.397116929591276,True
1.352721799999999,-0.5065633499999995,0.00012836129164542424,5.674487948601344,True
1.352721799999999,-0.4294974499999995,4.421504267930459e-05,8.332913856641271,True
1.352721799999999,-0.3524315499999995,9.058562645461908e-05,6.543898030444825,True
1.352721799999999,-0.27536564999999946,0.00010839428072943,6.096214667076457,True
1.352721799999999,-0.19829974999999966,0.0002332564847178496,4.18464492900159,True
1.352721799999999,-0.12123384999999987,0.00020492778104385412,4.507614437805353,True
1.352721799999999,-0.044167949999999845,0.00018815579413938375,4.720599335863121,True
1.352721799999999,0.032897950000000176,0.0001568705792857242,5.174192804237217,True
1.352721799999999,0.1099638500000002,5.2646775452445316e-05,7.897552143527812,True
1.352721799999999,0.18702975000000022,1.754791508928114e-05,10.638006955781687,True
1.352721799999999,0.26409565000000024,5.263163983899163e-05,7.898269353182497,True
1.352721799999999,0.34116155000000026,0.00014628598811900265,5.348441328333952,True
1.352721799999999,0.4182274500000003,9.771155675187487e-05,6.355016001539985,True
1.352721799999999,0.4952933500000003,8.097373539241854e-05,6.823689768973375,True
1.352721799999999,0.5723592500000003,2.745644765426561e-05,9.521376580731337,True
1.352721799999999,0.6494251500000003,8.09417134697067e-05,6.8246763768036445,True
1.352721799999999,0.7264910500000004,8.816298887975148e-05,6.611515325337269,True
1.352721799999999,0.8035569500000004,8.927528558488506e-05,6.580242690804448,True
1.352721799999999,0.8806228500000004,0.00014053594406649458,5.448464919104019,True
1.352721799999999,0.9576887500000004,1.7906780123862324e-05,10.587510876777284,True
1.352721799999999,1.0347546500000004,6.50878094460018e-08,24.598704279689233,False
1.352721799999999,1.1118205500000005,8.425750173588853e-09,29.698242137008414,False
1.352721799999999,1.1888864500000005,1.15382315095232e-06,17.427233547143064,False
1.352721799999999,1.2659523500000005,8.377886259041698e-06,12.482170141813402,True
1.352721799999999,1.3430182500000005,2.2689423630414932e-06,15.740479606802767,True
1.352721799999999,1.4200841500000005,9.508141084584553e-06,12.16650473000358,True
1.352721799999999,1.4971500500000006,9.505332501193357e-06,12.167241634652175,True
1.352721799999999,1.5742159500000006,1.138680575716444e-06,17.460185521529283,False
1.352721799999999,1.6512818500000006,1.1358719923252476e-06,17.46634546889086,False
1.352721799999999,1.7283477500000006,8.372269092259306e-06,12.48384309555034,True
1.352721799999999,1.8054136500000006,1.1330634089340514e-06,17.47252066635034,False
1.352721799999999,1.8824795500000007,2.808583391196284e-09,32.438553378750335,False
1.352721799999999,1.9595454500000007,2.075278023607423e-08,27.449875807950338,False
1.352721799999999,2.0366113500000007,8.372269092259306e-06,12.48384309555034,True
1.352721799999999,2.1136772500000007,6.186316599804719e-05,7.495165524750339,True
1.352721799999999,2.1907431500000007,8.372269092259306e-06,12.48384309555034,True
1.352721799999999,2.2678090500000008,2.075278023607423e-08,27.449875807950338,False
1.352721799999999,2.344874950000001,0.0,,False
1.352721799999999,2.421940850000001,0.0,,False
1.352721799999999,2.499006750000001,0.0,,False
1.352721799999999,2.576072650000001,0.0,,False
1.352721799999999,2.653138550000001,0.0,,False
1.352721799999999,2.730204450000001,0.0,,False
1.352721799999999,2.807270350000001,0.0,,False
1.352721799999999,2.884336250000001,0.0,,False
1.352721799999999,2.961402150000001,0.0,,False
1.352721799999999,3.038468050000001,0.0,,False
1.352721799999999,3.115533950000001,0.0,,False
1.352721799999999,3.192599850000001,0.0,,False
1.352721799999999,3.269665750000001,0.0,,False
1.352721799999999,3.346731650000001,0.0,,False
1.352721799999999,3.423797550000001,0.0,,False
1.352721799999999,3.5008634500000007,0.0,,False
1.352721799999999,3.5779293500000002,0.0,,False
1.352721799999999,3.6549952500000003,0.0,,False
1.352721799999999,3.7320611500000003,0.0,,False
1.352721799999999,3.80912705,0.0,,False
1.435494999999999,-3.82039705,0.0,,False
1.435494999999999,-3.74333115,0.0,,False
1.435494999999999,-3.66626525,0.0,,False
1.435494999999999,-3.58919935,0.0,,False
1.435494999999999,-3.51213345,0.0,,False
1.435494999999999,-3.43506755,0.0,,False
1.435494999999999,-3.35800165,0.0,,False
1.435494999999999,-3.28093575,0.0,,False
1.435494999999999,-3.20386985,0.0,,False
1.435494999999999,-3.1268039499999998,0.0,,False
1.435494999999999,-3.0497380499999998,0.0,,False
1.435494999999999,-2.9726721499999997,0.0,,False
1.435494999999999,-2.8956062499999997,2.808583391196284e-09,32.438553378750335,False
1.435494999999999,-2.8185403499999997,1.1330634089340514e-06,17.47252066635034,False
1.435494999999999,-2.7414744499999997,8.372283015823695e-06,12.483838947325118,True
1.435494999999999,-2.6644085499999997,1.1594333559525182e-06,17.4151347770149,False
1.435494999999999,-2.5873426499999996,8.419391819513846e-06,12.469843247001373,True
1.435494999999999,-2.5102767499999996,6.300184657376362e-05,7.449671053514454,True
1.435494999999999,-2.4332108499999996,1.6744559069865192e-05,10.754896087919448,True
1.435494999999999,-2.3561449499999996,1.1594472795169069e-06,17.41510482283256,False
1.435494999999999,-2.2790790499999996,1.1829947195797887e-06,17.364954363056142,False
1.435494999999999,-2.2020131499999995,1.6797278078555546e-05,10.747055183093279,True
1.435494999999999,-2.1249472499999995,6.644536486799353e-05,7.316932339692141,True
1.435494999999999,-2.04788135,5.137512459801005e-05,7.95854095591609,True
1.435494999999999,-1.97081545,0.0001366779844131266,5.517896349092005,True
1.435494999999999,-1.89374955,2.741773675362027e-05,9.524895835475876,True
1.435494999999999,-1.8166836499999999,9.578839099030754e-06,12.148026625635946,True
1.435494999999999,-1.7396177499999999,2.300936438624547e-06,15.705552917934448,True
1.435494999999999,-1.6625518499999998,1.0670389985710462e-05,11.878847038990452,True
1.435494999999999,-1.5854859499999998,1.9037048872969566e-05,10.434838380686848,True
1.435494999999999,-1.5084200499999998,1.1782700614408438e-05,11.63150892445459,True
1.435494999999999,-1.4313541499999998,1.0670396947492658e-05,11.878845411586232,True
1.435494999999999,-1.3542882499999997,1.178551615958183e-05,11.630912958826066,True
1.435494999999999,-1.2772223499999997,2.017572248690382e-05,10.289934749317322,True
1.435494999999999,-1.2001564499999997,2.021441946398477e-05,10.285155196897744,True
1.435494999999999,-1.1230905499999997,2.0204921902660062e-05,10.286327414712973,True
1.435494999999999,-1.0460246499999997,9.044315165279337e-05,6.547824262519385,True
1.435494999999999,-0.9689587499999996,0.00016185985861400396,5.096095653207379,True
1.435494999999999,-0.8918928499999996,0.00012391146827981232,5.76249204662916,True
1.435494999999999,-0.8148269499999996,0.00014736070839068175,5.330183139439568,True
1.435494999999999,-0.7377610499999996,5.257604262908813e-05,7.900905630052744,True
1.435494999999999,-0.6606951499999996,9.156216518298925e-05,6.517152257227967,True
1.435494999999999,-0.5836292499999995,0.0001439020614447804,5.3894247840476215,True
1.435494999999999,-0.5065633499999995,4.418021913498375e-05,8.33487915930468,True
1.435494999999999,-0.4294974499999995,8.210114682565923e-05,6.7892002040435,True
1.435494999999999,-0.3524315499999995,8.207088952231626e-05,6.790119629395142,True
1.435494999999999,-0.27536564999999946,3.8126837639976065e-05,8.702441739621444,True
1.435494999999999,-0.19829974999999966,0.00010951609588123486,6.070532441137892,True
1.435494999999999,-0.12123384999999987,0.000173612288001505,4.921258237191184,True
1.435494999999999,-0.044167949999999845,0.00012634083660330658,5.71406205914754,True
1.435494999999999,0.032897950000000176,0.00012624266898356203,5.716000929329577,True
1.435494999999999,0.1099638500000002,0.00027493550944060165,3.7745808255923823,True
1.435494999999999,0.18702975000000022,0.0001060602505569425,6.150511415551633,True
1.435494999999999,0.26409565000000024,9.056205116742742e-05,6.544547277007883,True
1.435494999999999,0.34116155000000026,0.00010835101054958901,6.097210587113525,True
1.435494999999999,0.4182274500000003,0.00010830953283624565,6.098165624599993,True
1.435494999999999,0.4952933500000003,9.154704349309996e-05,6.51756423670131,True
1.435494999999999,0.5723592500000003,8.092938643964422e-05,6.825056281422447,True
1.435494999999999,0.6494251500000003,1.906341185820584e-05,10.431386546992126,True
1.435494999999999,0.7264910500000004,1.0696773856293318e-05,11.87268708761484,True
1.435494999999999,0.8035569500000004,1.293652376536076e-05,11.398482296887362,True
1.435494999999999,0.8806228500000004,2.6299808958139903e-05,9.628731306692128,True
1.435494999999999,0.9576887500000004,3.4283757189940117e-06,14.710884416798642,True
1.435494999999999,1.0347546500000004,1.4056840520369971e-08,28.421598057245244,False
1.435494999999999,1.1118205500000005,1.1330773324984399e-06,17.47249001504431,False
1.435494999999999,1.1888864500000005,8.375077675650502e-06,12.483006478425555,True
1.435494999999999,1.2659523500000005,1.1745689694061999e-06,17.382783586533247,False
1.435494999999999,1.3430182500000005,8.37789322082389e-06,12.482168069090571,True
1.435494999999999,1.4200841500000005,6.186598154322058e-05,7.495052003827117,True
1.435494999999999,1.4971500500000006,8.39302187249538e-06,12.477667898090859,True
1.435494999999999,1.5742159500000006,4.431414386334474e-08,25.55761135018022,False
1.435494999999999,1.6512818500000006,8.372276054041499e-06,12.483841021436866,True
1.435494999999999,1.7283477500000006,6.186316599804719e-05,7.495165524750339,True
1.435494999999999,1.8054136500000006,8.372269092259306e-06,12.48384309555034,True
1.435494999999999,1.8824795500000007,2.075278023607423e-08,27.449875807950338,False
1.435494999999999,1.9595454500000007,2.808583391196284e-09,32.438553378750335,False
1.435494999999999,2.0366113500000007,1.1330634089340514e-06,17.47252066635034,False
1.435494999999999,2.1136772500000007,8.372269092259306e-06,12.48384309555034,True
1.435494999999999,2.1907431500000007,1.1330634089340514e-06,17.47252066635034,False
1.435494999999999,2.2678090500000008,2.808583391196284e-09,32.438553378750335,False
1.435494999999999,2.344874950000001,0.0,,False
1.435494999999999,2.421940850000001,0.0,,False
1.435494999999999,2.499006750000001,0.0,,False
1.435494999999999,2.576072650000001,0.0,,False
1.435494999999999,2.653138550000001,0.0,,False
1.435494999999999,2.730204450000001,0.0,,False
1.435494999999999,2.807270350000001,0.0,,False
1.435494999999999,2.884336250000001,0.0,,False
1.435494999999999,2.961402150000001,0.0,,False
1.435494999999999,3.038468050000001,0.0,,False
1.435494999999999,3.115533950000001,0.0,,False
1.435494999999999,3.192599850000001,0.0,,False
1.435494999999999,3.269665750000001,0.0,,False
1.435494999999999,3.346731650000001,0.0,,False
1.435494999999999,3.423797550000001,0.0,,False
1.435494999999999,3.5008634500000007,0.0,,False
1.435494999999999,3.5779293500000002,0.0,,False
1.435494999999999,3.6549952500000003,0.0,,False
1.435494999999999,3.7320611500000003,0.0,,False
1.435494999999999,3.80912705,0.0,,False
1.5182681999999992,-3.82039705,0.0,,False
1.5182681999999992,-3.74333115,0.0,,False
1.5182681999999992,-3.66626525,0.0,,False
1.5182681999999992,-3.58919935,0.0,,False
1.5182681999999992,-3.51213345,0.0,,False
1.5182681999999992,-3.43506755,0.0,,False
1.5182681999999992,-3.35800165,0.0,,False
1.5182681999999992,-3.28093575,0.0,,False
1.5182681999999992,-3.20386985,0.0,,False
1.5182681999999992,-3.1268039499999998,0.0,,False
1.5182681999999992,-3.0497380499999998,0.0,,False
1.5182681999999992,-2.9726721499999997,0.0,,False
1.5182681999999992,-2.8956062499999997,6.961782194276772e-12,47.404586091150335,False
1.5182681999999992,-2.8185403499999997,2.8155451733905604e-09,32.43237818129086,False
1.5182681999999992,-2.7414744499999997,2.917853040966308e-08,26.5999224987652,False
1.5182681999999992,-2.6644085499999997,2.2924967648865697e-06,15.714718798136275,True
1.5182681999999992,-2.5873426499999996,1.7880424100408246e-05,10.591184863881946,True
1.5182681999999992,-2.5102767499999996,1.0641211455300798e-05,11.885677232937194,True
1.5182681999999992,-2.4332108499999996,1.1622419393437144e-06,17.409099857389172,False
1.5182681999999992,-2.3561449499999996,1.1443047042810308e-06,17.447895901868115,False
1.5182681999999992,-2.2790790499999996,1.0644020038691994e-05,11.885018977608627,True
1.5182681999999992,-2.2020131499999995,1.909367612333101e-05,10.427429780365717,True
1.5182681999999992,-2.1249472499999995,3.578719030070618e-05,8.860404267888702,True
1.5182681999999992,-2.04788135,0.000197369396986941,4.601353048675491,True
1.5182681999999992,-1.97081545,0.00010488676732225182,6.178263359808681,True
1.5182681999999992,-1.89374955,2.8607441336480154e-05,9.41894445583937,True
1.5182681999999992,-1.8166836499999999,7.259861594607489e-05,7.096019158607051,True
1.5182681999999992,-1.7396177499999999,2.743290021420273e-05,9.523516715345057,True
1.5182681999999992,-1.6625518499999998,7.979913857588358e-05,6.860137391691389,True
1.5182681999999992,-1.5854859499999998,7.98473539996358e-05,6.8586307428043884,True
1.5182681999999992,-1.5084200499999998,7.864532238671344e-05,6.896466327765362,True
1.5182681999999992,-1.4313541499999998,7.02854220952098e-05,7.176789458532325,True
1.5182681999999992,-1.3542882499999997,9.602393500875829e-06,12.14190056597681,True
1.5182681999999992,-1.2772223499999997,1.687750846323742e-05,10.735169605812175,True
1.5182681999999992,-1.2001564499999997,7.141174083195277e-05,7.1371347523519,True
1.5182681999999992,-1.1230905499999997,7.144484152759792e-05,7.135978846910439,True
1.5182681999999992,-1.0460246499999997,1.913128736569646e-05,10.422521196952589,True
1.5182681999999992,-0.9689587499999996,4.419818421717522e-05,8.333865087988373,True
1.5182681999999992,-0.8918928499999996,0.0001985260426448489,4.586778117795228,True
1.5182681999999992,-0.8148269499999996,5.140711171181091e-05,7.956988417189031,True
1.5182681999999992,-0.7377610499999996,6.544242138369392e-05,7.354869576008665,True
1.5182681999999992,-0.6606951499999996,2.742056622235805e-05,9.524638436787805,True
1.5182681999999992,-0.5836292499999995,7.979916642301235e-05,6.860136521253907,True
1.5182681999999992,-0.5065633499999995,2.1350305379874407e-05,10.148790048497847,True
1.5182681999999992,-0.4294974499999995,7.984344575796472e-05,6.858752834732034,True
1.5182681999999992,-0.3524315499999995,2.744133292615851e-05,9.52275008811551,True
1.5182681999999992,-0.27536564999999946,6.648299003392336e-05,7.315520302158666,True
1.5182681999999992,-0.19829974999999966,4.425373269460335e-05,8.330732160070655,True
1.5182681999999992,-0.12123384999999987,0.00010225332187250017,6.241689605138727,True
1.5182681999999992,-0.044167949999999845,0.00016185206997779055,5.096215682750193,True
1.5182681999999992,0.032897950000000176,5.215599106494985e-05,7.920913959680499,True
1.5182681999999992,0.1099638500000002,0.00011557790312641616,5.936154289854052,True
1.5182681999999992,0.18702975000000022,3.30830816454193e-05,9.056379461047074,True
1.5182681999999992,0.26409565000000024,8.32275073330954e-05,6.75521253041731,True
1.5182681999999992,0.34116155000000026,0.00011441566814885464,5.9613639723955565,True
1.5182681999999992,0.4182274500000003,0.00014510860360442306,5.368598269646073,True
1.5182681999999992,0.4952933500000003,3.698534151908624e-05,8.778261594885313,True
1.5182681999999992,0.5723592500000003,7.979635087783897e-05,6.8602245302863345,True
1.5182681999999992,0.6494251500000003,1.0673219454448242e-05,11.878185702521018,True
1.5182681999999992,0.7264910500000004,1.2508841506347926e-06,17.225766516357865,True
1.5182681999999992,0.8035569500000004,1.791521283581811e-05,10.586336512139914,True
1.5182681999999992,0.8806228500000004,7.254589693738454e-05,7.097831133049274,True
1.5182681999999992,0.9576887500000004,1.7886034305408447e-05,10.590402356881558,True
1.5182681999999992,1.0347546500000004,1.1773914763617847e-06,17.37679684303698,False
1.5182681999999992,1.1118205500000005,8.375084637432696e-06,12.483004405007637,True
1.5182681999999992,1.1888864500000005,6.186597458143838e-05,7.495052284515208,True
1.5182681999999992,1.2659523500000005,8.395830455886575e-06,12.47683334925893,True
1.5182681999999992,1.3430182500000005,1.156624772561322e-06,17.42118433322631,False
1.5182681999999992,1.4200841500000005,8.372283015823695e-06,12.483838947325118,True
1.5182681999999992,1.4971500500000006,1.1358719923252478e-06,17.46634546889086,False
1.5182681999999992,1.5742159500000006,2.6369947018466797e-08,26.852370006723515,False
1.5182681999999992,1.6512818500000006,1.1358719923252478e-06,17.46634546889086,False
1.5182681999999992,1.7283477500000006,8.372276054041499e-06,12.483841021436866,True
1.5182681999999992,1.8054136500000006,1.1330634089340514e-06,17.47252066635034,False
1.5182681999999992,1.8824795500000007,2.808583391196284e-09,32.438553378750335,False
1.5182681999999992,1.9595454500000007,6.961782194276772e-12,47.404586091150335,False
1.5182681999999992,2.0366113500000007,2.808583391196284e-09,32.438553378750335,False
1.5182681999999992,2.1136772500000007,2.075278023607423e-08,27.449875807950338,False
1.5182681999999992,2.1907431500000007,2.808583391196284e-09,32.438553378750335,False
1.5182681999999992,2.2678090500000008,6.961782194276772e-12,47.404586091150335,False
1.5182681999999992,2.344874950000001,0.0,,False
1.5182681999999992,2.421940850000001,0.0,,False
1.5182681999999992,2.499006750000001,0.0,,False
1.5182681999999992,2.576072650000001,0.0,,False
1.5182681999999992,2.653138550000001,0.0,,False
1.5182681999999992,2.730204450000001,0.0,,False
1.5182681999999992,2.807270350000001,0.0,,False
1.5182681999999992,2.884336250000001,0.0,,False
1.5182681999999992,2.961402150000001,0.0,,False
1.5182681999999992,3.038468050000001,0.0,,False
1.5182681999999992,3.115533950000001,0.0,,False
1.5182681999999992,3.192599850000001,0.0,,False
1.5182681999999992,3.269665750000001,0.0,,False
1.5182681999999992,3.346731650000001,0.0,,False
1.5182681999999992,3.423797550000001,0.0,,False
1.5182681999999992,3.5008634500000007,0.0,,False
1.5182681999999992,3.5779293500000002,0.0,,False
1.5182681999999992,3.6549952500000003,0.0,,False
1.5182681999999992,3.7320611500000003,0.0,,False
1.5182681999999992,3.80912705,0.0,,False
1.6010413999999993,-3.82039705,0.0,,False
1.6010413999999993,-3.74333115,0.0,,False
1.6010413999999993,-3.66626525,0.0,,False
1.6010413999999993,-3.58919935,0.0,,False
1.6010413999999993,-3.51213345,0.0,,False
1.6010413999999993,-3.43506755,0.0,,False
1.6010413999999993,-3.35800165,0.0,,False
1.6010413999999993,-3.28093575,0.0,,False
1.6010413999999993,-3.20386985,0.0,,False
1.6010413999999993,-3.1268039499999998,0.0,,False
1.6010413999999993,-3.0497380499999998,0.0,,False
1.6010413999999993,-2.9726721499999997,0.0,,False
1.6010413999999993,-2.8956062499999997,0.0,,False
1.6010413999999993,-2.8185403499999997,2.808583391196284e-09,32.438553378750335,False
1.6010413999999993,-2.7414744499999997,1.1745689694061999e-06,17.382783586533247,False
1.6010413999999993,-2.6644085499999997,2.511681423856011e-05,9.743531162437064,True
1.6010413999999993,-2.5873426499999996,0.00012486220398841963,5.743426777572263,True
1.6010413999999993,-2.5102767499999996,1.676809954814588e-05,10.751391863540887,True
1.6010413999999993,-2.4332108499999996,6.506692409941896e-08,24.599504790420667,False
1.6010413999999993,-2.3561449499999996,8.413788576295841e-06,12.471503822967442,True
1.6010413999999993,-2.2790790499999996,7.861052668952138e-05,6.897570162808668,True
1.6010413999999993,-2.2020131499999995,0.00013213341070911013,5.6022438643417525,True
1.6010413999999993,-2.1249472499999995,2.021724197094035e-05,10.284806940687982,True
1.6010413999999993,-2.04788135,2.6367684465630513e-05,9.622302118833028,True
1.6010413999999993,-1.97081545,2.0240803334567625e-05,10.281901707410766,True
1.6010413999999993,-1.89374955,7.481092409697274e-05,7.02114394516931,True
1.6010413999999993,-1.8166836499999999,0.00010490474632800768,6.17783583315892,True
1.6010413999999993,-1.7396177499999999,9.155825694131815e-05,6.517258727917269,True
1.6010413999999993,-1.6625518499999998,8.438802642376341e-05,6.720671888856143,True
1.6010413999999993,-1.5854859499999998,4.416791299026785e-05,8.335574039740152,True
1.6010413999999993,-1.5084200499999998,1.5208288635357837e-05,10.994933267612451,True
1.6010413999999993,-1.4313541499999998,1.913408898730546e-05,10.422155948045098,True
1.6010413999999993,-1.3542882499999997,2.1314396100838072e-05,10.152988832293248,True
1.6010413999999993,-1.2772223499999997,8.089351893130106e-05,6.826162005219161,True
1.6010413999999993,-1.2001564499999997,2.35457481068607e-05,9.904646129723297,True
1.6010413999999993,-1.1230905499999997,3.46541617006831e-05,8.940652612513091,True
1.6010413999999993,-1.0460246499999997,4.5990503702935095e-06,13.978139365462043,True
1.6010413999999993,-0.9689587499999996,3.5254367186764843e-06,14.641248158242858,True
1.6010413999999993,-0.8918928499999996,2.5186419556508614e-05,9.736628252149263,True
1.6010413999999993,-0.8148269499999996,6.8483535349432124e-06,12.984997369291591,True
1.6010413999999993,-0.7377610499999996,2.5157254949663337e-05,9.739518244541221,True
1.6010413999999993,-0.6606951499999996,4.56706325649265e-06,13.995548493413335,True
1.6010413999999993,-0.5836292499999995,9.60802459122261e-06,12.140438250332139,True
1.6010413999999993,-0.5065633499999995,2.129365724416638e-05,10.155416999486306,True
1.6010413999999993,-0.4294974499999995,8.929605228868553e-05,6.579662539526143,True
1.6010413999999993,-0.3524315499999995,2.1347482872918822e-05,10.14911982148468,True
1.6010413999999993,-0.27536564999999946,2.629031139681519e-05,9.629632241532232,True
1.6010413999999993,-0.19829974999999966,0.00012720183740412515,5.697121037635526,True
1.6010413999999993,-0.12123384999999987,5.257324100747913e-05,7.901038549521167,True
1.6010413999999993,-0.044167949999999845,0.00015235736254333058,5.247008287533851,True
1.6010413999999993,0.032897950000000176,0.0001071641354354669,6.124684280868962,True
1.6010413999999993,0.1099638500000002,0.00014174250711148387,5.427141326627389,True
1.6010413999999993,0.18702975000000022,1.9113357092415965e-05,10.42486004360612,True
1.6010413999999993,0.26409565000000024,2.6331830880851727e-05,9.625696115924631,True
1.6010413999999993,0.34116155000000026,0.0001366864310486468,5.517742204884499,True
1.6010413999999993,0.4182274500000003,4.5342468036109666e-05,8.270108864766625,True
1.6010413999999993,0.4952933500000003,2.9764080032605866e-05,9.320080270841531,True
1.6010413999999993,0.5723592500000003,7.254760586249583e-05,7.09777237592915,True
1.6010413999999993,0.6494251500000003,1.182141151505378e-05,11.623327452774044,True
1.6010413999999993,0.7264910500000004,2.5166745549205847e-05,9.738577430194923,True
1.6010413999999993,0.8035569500000004,7.365538505912692e-05,7.05997247212442,True
1.6010413999999993,0.8806228500000004,8.69855904416075e-05,6.645051136364522,True
1.6010413999999993,0.9576887500000004,7.138925127947663e-05,7.137920413048537,True
1.6010413999999993,1.0347546500000004,8.398646001059966e-06,12.47599701195341,True
1.6010413999999993,1.1118205500000005,1.1594403177347127e-06,17.415119799878763,False
1.6010413999999993,1.1888864500000005,9.528893864820628e-06,12.161066437192694,True
1.6010413999999993,1.2659523500000005,9.528900826602822e-06,12.161064614836684,True
1.6010413999999993,1.3430182500000005,1.1414961208898347e-06,17.45402553655285,False
1.6010413999999993,1.4200841500000005,2.6376908800661072e-08,26.85171157720487,False
1.6010413999999993,1.4971500500000006,1.1358719923252478e-06,17.46634546889086,False
1.6010413999999993,1.5742159500000006,8.372283015823695e-06,12.483838947325118,True
1.6010413999999993,1.6512818500000006,1.1358719923252478e-06,17.46634546889086,False
1.6010413999999993,1.7283477500000006,2.3561363627270515e-08,27.133274347052172,False
1.6010413999999993,1.8054136500000006,2.808583391196284e-09,32.438553378750335,False
1.6010413999999993,1.8824795500000007,6.961782194276772e-12,47.404586091150335,False
1.6010413999999993,1.9595454500000007,0.0,,False
1.6010413999999993,2.0366113500000007,0.0,,False
1.6010413999999993,2.1136772500000007,0.0,,False
1.6010413999999993,2.1907431500000007,0.0,,False
1.6010413999999993,2.2678090500000008,0.0,,False
1.6010413999999993,2.344874950000001,0.0,,False
1.6010413999999993,2.421940850000001,0.0,,False
1.6010413999999993,2.499006750000001,0.0,,False
1.6010413999999993,2.576072650000001,0.0,,False
1.6010413999999993,2.653138550000001,0.0,,False
1.6010413999999993,2.730204450000001,0.0,,False
1.6010413999999993,2.807270350000001,0.0,,False
1.6010413999999993,2.884336250000001,0.0,,False
1.6010413999999993,2.961402150000001,0.0,,False
1.6010413999999993,3.038468050000001,0.0,,False
1.6010413999999993,3.115533950000001,0.0,,False
1.6010413999999993,3.192599850000001,0.0,,False
1.6010413999999993,3.269665750000001,0.0,,False
1.6010413999999993,3.346731650000001,0.0,,False
1.6010413999999993,3.423797550000001,0.0,,False
1.6010413999999993,3.5008634500000007,0.0,,False
1.6010413999999993,3.5779293500000002,0.0,,False
1.6010413999999993,3.6549952500000003,0.0,,False
1.6010413999999993,3.7320611500000003,0.0,,False
1.6010413999999993,3.80912705,0.0,,False
1.6838145999999994,-3.82039705,0.0,,False
1.6838145999999994,-3.74333115,0.0,,False
1.6838145999999994,-3.66626525,0.0,,False
1.6838145999999994,-3.58919935,0.0,,False
1.6838145999999994,-3.51213345,0.0,,False
1.6838145999999994,-3.43506755,0.0,,False
1.6838145999999994,-3.35800165,0.0,,False
1.6838145999999994,-3.28093575,0.0,,False
1.6838145999999994,-3.20386985,0.0,,False
1.6838145999999994,-3.1268039499999998,0.0,,False
1.6838145999999994,-3.0497380499999998,0.0,,False
1.6838145999999994,-2.9726721499999997,0.0,,False
1.6838145999999994,-2.8956062499999997,0.0,,False
1.6838145999999994,-2.8185403499999997,2.0759742018268505e-08,27.44903919082556,False
1.6838145999999994,-2.7414744499999997,8.380694842432894e-06,12.48133408552584,True
1.6838145999999994,-2.6644085499999997,6.415004559615137e-05,7.404621386435125,True
1.6838145999999994,-2.5873426499999996,2.5119615860169114e-05,9.743252950253797,True
1.6838145999999994,-2.5102767499999996,2.2868865598863714e-06,15.720830432797337,True
1.6838145999999994,-2.4332108499999996,8.432711955783129e-09,29.696182038738886,False
1.6838145999999994,-2.3561449499999996,1.1443047042810308e-06,17.447895901868115,False
1.6838145999999994,-2.2790790499999996,1.1797829266079929e-05,11.62830831886991,True
1.6838145999999994,-2.2020131499999995,2.741213351040227e-05,9.52540564470446,True
1.6838145999999994,-2.1249472499999995,1.4054451560841128e-05,11.191740093639297,True
1.6838145999999994,-2.04788135,1.9086973221833113e-05,10.428305580418334,True
1.6838145999999994,-1.97081545,1.1850576121899055e-05,11.61718124756829,True
1.6838145999999994,-1.89374955,2.8550814086118707e-05,9.423886789787618,True
1.6838145999999994,-1.8166836499999999,0.00015114689821845242,5.266904707540131,True
1.6838145999999994,-1.7396177499999999,9.498772535680987e-05,6.425536356046852,True
1.6838145999999994,-1.6625518499999998,7.659569577596833e-05,6.962335004784366,True
1.6838145999999994,-1.5854859499999998,0.00019134516617521418,4.678672898230759,True
1.6838145999999994,-1.5084200499999998,3.810608485973999e-05,8.703799800265823,True
1.6838145999999994,-1.4313541499999998,0.00010499333980682339,6.175730219262809,True
1.6838145999999994,-1.3542882499999997,0.00010104395024411973,6.271366522213147,True
1.6838145999999994,-1.2772223499999997,0.00014172456291463895,5.427457122788254,True
1.6838145999999994,-1.2001564499999997,4.30471557260497e-05,8.399684571345418,True
1.6838145999999994,-1.1230905499999997,0.00018679888354608637,4.738652768439492,True
1.6838145999999994,-1.0460246499999997,3.6899535738315134e-05,8.784055169731893,True
1.6838145999999994,-0.9689587499999996,2.749793929117337e-05,9.517610030884196,True
1.6838145999999994,-0.8918928499999996,1.1907217295824883e-05,11.605287672927556,True
1.6838145999999994,-0.8148269499999996,1.903314759308067e-05,10.435349600206417,True
1.6838145999999994,-0.7377610499999996,0.0001321250128060653,5.602402400179583,True
1.6838145999999994,-0.6606951499999996,1.9039850494578567e-05,10.434471323832428,True
1.6838145999999994,-0.5836292499999995,1.688030312306423e-05,10.73475661527242,True
1.6838145999999994,-0.5065633499999995,8.20568257200137e-05,6.790547100009566,True
1.6838145999999994,-0.4294974499999995,0.00015724179919749664,5.168297152118072,True
1.6838145999999994,-0.3524315499999995,8.090583203779914e-05,6.825782361432184,True
1.6838145999999994,-0.27536564999999946,1.0729846704809682e-05,11.864986857512944,True
1.6838145999999994,-0.19829974999999966,2.5169561094379234e-05,9.738298390114169,True
1.6838145999999994,-0.12123384999999987,6.644817345138471e-05,7.316826908554189,True
1.6838145999999994,-0.044167949999999845,3.468051076235499e-05,8.938756779236138,True
1.6838145999999994,0.032897950000000176,7.481762699847063e-05,7.020920467670267,True
1.6838145999999994,0.1099638500000002,2.6279070101468213e-05,9.630699006961473,True
1.6838145999999994,0.18702975000000022,2.3037519837979375e-06,15.702502581512524,True
1.6838145999999994,0.26409565000000024,3.4547735131412558e-06,14.691752080016629,True
1.6838145999999994,0.34116155000000026,3.4724810982653944e-05,8.935572591916742,True
1.6838145999999994,0.4182274500000003,9.273674807595984e-05,6.4853577416369355,True
1.6838145999999994,0.4952933500000003,0.00015113736584821677,5.26706202278032,True
1.6838145999999994,0.5723592500000003,2.8622604797062608e-05,9.417622674317526,True
1.6838145999999994,0.6494251500000003,2.6308227746531293e-05,9.627932975794213,True
1.6838145999999994,0.7264910500000004,0.00012601885660810973,5.720427002896808,True
1.6838145999999994,0.8035569500000004,2.6263920564450145e-05,9.632137374984808,True
1.6838145999999994,0.8806228500000004,1.0724222576245094e-05,11.866294626416856,True
1.6838145999999994,0.9576887500000004,9.534511031603021e-06,12.159596488099025,True
1.6838145999999994,1.0347546500000004,1.1415100444542231e-06,17.453995111679532,False
1.6838145999999994,1.1118205500000005,1.1622489011259088e-06,17.40908491644551,False
1.6838145999999994,1.1888864500000005,1.789835437368874e-05,10.588684824376529,True
1.6838145999999994,1.2659523500000005,7.137130708263175e-05,7.138547461680349,True
1.6838145999999994,1.3430182500000005,9.508148046366747e-06,12.166502903670036,True
1.6838145999999994,1.4200841500000005,4.431414386334474e-08,25.55761135018022,False
1.6838145999999994,1.4971500500000006,8.372269092259306e-06,12.48384309555034,True
1.6838145999999994,1.5742159500000006,6.186316599804719e-05,7.495165524750339,True
1.6838145999999994,1.6512818500000006,8.372269092259306e-06,12.48384309555034,True
1.6838145999999994,1.7283477500000006,2.075278023607423e-08,27.449875807950338,False
1.6838145999999994,1.8054136500000006,0.0,,False
1.6838145999999994,1.8824795500000007,0.0,,False
1.6838145999999994,1.9595454500000007,0.0,,False
1.6838145999999994,2.0366113500000007,0.0,,False
1.6838145999999994,2.1136772500000007,0.0,,False
1.6838145999999994,2.1907431500000007,0.0,,False
1.6838145999999994,2.2678090500000008,0.0,,False
1.6838145999999994,2.344874950000001,0.0,,False
1.6838145999999994,2.421940850000001,0.0,,False
1.6838145999999994,2.499006750000001,0.0,,False
1.6838145999999994,2.576072650000001,0.0,,False
1.6838145999999994,2.653138550000001,0.0,,False
1.6838145999999994,2.730204450000001,0.0,,False
1.6838145999999994,2.807270350000001,0.0,,False
1.6838145999999994,2.884336250000001,0.0,,False
1.6838145999999994,2.961402150000001,0.0,,False
1.6838145999999994,3.038468050000001,0.0,,False
1.6838145999999994,3.115533950000001,0.0,,False
1.6838145999999994,3.192599850000001,0.0,,False
1.6838145999999994,3.269665750000001,0.0,,False
1.6838145999999994,3.346731650000001,0.0,,False
1.6838145999999994,3.423797550000001,0.0,,False
1.6838145999999994,3.5008634500000007,0.0,,False
1.6838145999999994,3.5779293500000002,0.0,,False
1.6838145999999994,3.6549952500000003,0.0,,False
1.6838145999999994,3.7320611500000003,0.0,,False
1.6838145999999994,3.80912705,0.0,,False
1.7665877999999995,-3.82039705,0.0,,False
1.7665877999999995,-3.74333115,0.0,,False
1.7665877999999995,-3.66626525,0.0,,False
1.7665877999999995,-3.58919935,0.0,,False
1.7665877999999995,-3.51213345,0.0,,False
1.7665877999999995,-3.43506755,0.0,,False
1.7665877999999995,-3.35800165,0.0,,False
1.7665877999999995,-3.28093575,0.0,,False
1.7665877999999995,-3.20386985,0.0,,False
1.7665877999999995,-3.1268039499999998,0.0,,False
1.7665877999999995,-3.0497380499999998,0.0,,False
1.7665877999999995,-2.9726721499999997,0.0,,False
1.7665877999999995,-2.8956062499999997,0.0,,False
1.7665877999999995,-2.8185403499999997,5.617166782392568e-09,30.70960948228901,False
1.7665877999999995,-2.7414744499999997,2.2661407414324913e-06,15.743561444188915,True
1.7665877999999995,-2.6644085499999997,1.6750155351301004e-05,10.754062581964225,True
1.7665877999999995,-2.5873426499999996,2.307632378340251e-06,15.698304700731406,True
1.7665877999999995,-2.5102767499999996,1.1234333564785137e-08,28.98066558582768,False
1.7665877999999995,-2.4332108499999996,2.8294687377791143e-09,32.42007346152868,False
1.7665877999999995,-2.3561449499999996,1.1594612030812953e-06,17.415074869009935,False
1.7665877999999995,-2.2790790499999996,1.793034844927179e-05,10.584230067237474,True
1.7665877999999995,-2.2020131499999995,7.987091536326309e-05,6.857894821687872,True
1.7665877999999995,-2.1249472499999995,8.817420928975188e-05,6.611197893687221,True
1.7665877999999995,-2.04788135,0.00014053878049701457,5.44841457648663,True
1.7665877999999995,-1.97081545,7.866328050712271e-05,6.895896827615716,True
1.7665877999999995,-1.89374955,1.9084178562006305e-05,10.428670821082273,True
1.7665877999999995,-1.8166836499999999,7.991803112873543e-05,6.856423847791273,True
1.7665877999999995,-1.7396177499999999,5.480628801504868e-05,7.797279872930489,True
1.7665877999999995,-1.6625518499999998,0.0002687822235536093,3.831040396493572,True
1.7665877999999995,-1.5854859499999998,6.209932628890856e-05,7.485661609899203,True
1.7665877999999995,-1.5084200499999998,4.652935707379616e-05,8.205656720140293,True
1.7665877999999995,-1.4313541499999998,0.00026761608729615883,3.8418858574868233,True
1.7665877999999995,-1.3542882499999997,0.0001166458996112508,5.913211216791572,True
1.7665877999999995,-1.2772223499999997,3.595603504955036e-05,8.848663597427855,True
1.7665877999999995,-1.2001564499999997,6.885923006615492e-06,12.971351040881958,True
1.7665877999999995,-1.1230905499999997,3.361253516286694e-05,9.01677673304337,True
1.7665877999999995,-1.0460246499999997,9.269523555370548e-05,6.486474553246689,True
1.7665877999999995,-0.9689587499999996,0.00022022570157441534,4.3280337506205635,True
1.7665877999999995,-0.8918928499999996,9.768906023761651e-05,6.3555903490437275,True
1.7665877999999995,-0.8148269499999996,2.023516528243865e-05,10.282596599351384,True
1.7665877999999995,-0.7377610499999996,7.865764245499373e-05,6.896075611363492,True
1.7665877999999995,-0.6606951499999996,2.0149359501667547e-05,10.293196155008244,True
1.7665877999999995,-0.5836292499999995,7.255711734738493e-05,7.097445372573576,True
1.7665877999999995,-0.5065633499999995,3.6914636542857845e-05,8.783034592739074,True
1.7665877999999995,-0.4294974499999995,8.20540171366225e-05,6.790632475946506,True
1.7665877999999995,-0.3524315499999995,1.902192022129808e-05,10.436821407842896,True
1.7665877999999995,-0.27536564999999946,2.3009364386245467e-06,15.705552917934448,True
1.7665877999999995,-0.19829974999999966,9.552469152012286e-06,12.15490285411019,True
1.7665877999999995,-0.12123384999999987,9.542943743558803e-06,12.157391367749875,True
1.7665877999999995,-0.044167949999999845,3.4491493845766686e-06,14.695815997103695,True
1.7665877999999995,0.032897950000000176,1.677934084349286e-05,10.74972022482841,True
1.7665877999999995,0.1099638500000002,2.310454885295836e-06,15.695255694055657,True
1.7665877999999995,0.18702975000000022,3.4823544320832755e-08,26.158772394075054,False
1.7665877999999995,0.26409565000000024,9.542957667123192e-06,12.157387728405215,True
1.7665877999999995,0.34116155000000026,8.211909102250411e-05,6.788655095755658,True
1.7665877999999995,0.4182274500000003,0.00011553077343737941,5.937171624336563,True
1.7665877999999995,0.4952933500000003,0.00015344611180840128,5.2292470701391505,True
1.7665877999999995,0.5723592500000003,3.582199295968043e-05,8.85797972888415,True
1.7665877999999995,0.6494251500000003,6.648688435203006e-05,7.315374197655766,True
1.7665877999999995,0.7264910500000004,3.350875037633998e-05,9.024490370307516,True
1.7665877999999995,0.8035569500000004,4.620909770591672e-06,13.96631179759433,True
1.7665877999999995,0.8806228500000004,9.548567872123391e-06,12.155921763592705,True
1.7665877999999995,0.9576887500000004,9.555284697185678e-06,12.154167767858368,True
1.7665877999999995,1.0347546500000004,1.2037614233802515e-06,17.32154774853239,False
1.7665877999999995,1.1118205500000005,8.407085674797944e-06,12.473491746759786,True
1.7665877999999995,1.1888864500000005,7.13920737864322e-05,7.137821796670394,True
1.7665877999999995,1.2659523500000005,7.863127250797528e-05,6.896911977769209,True
1.7665877999999995,1.3430182500000005,9.531716371776212e-06,12.16032771072639,True
1.7665877999999995,1.4200841500000005,4.993827242793158e-08,25.259578296962868,False
1.7665877999999995,1.4971500500000006,1.156624772561322e-06,17.42118433322631,False
1.7665877999999995,1.5742159500000006,8.375084637432696e-06,12.483004405007637,True
1.7665877999999995,1.6512818500000006,1.1330703707162456e-06,17.472505340650244,False
1.7665877999999995,1.7283477500000006,2.808583391196284e-09,32.438553378750335,False
1.7665877999999995,1.8054136500000006,0.0,,False
1.7665877999999995,1.8824795500000007,0.0,,False
1.7665877999999995,1.9595454500000007,0.0,,False
1.7665877999999995,2.0366113500000007,0.0,,False
1.7665877999999995,2.1136772500000007,0.0,,False
1.7665877999999995,2.1907431500000007,0.0,,False
1.7665877999999995,2.2678090500000008,0.0,,False
1.7665877999999995,2.344874950000001,0.0,,False
1.7665877999999995,2.421940850000001,0.0,,False
1.7665877999999995,2.499006750000001,0.0,,False
1.7665877999999995,2.576072650000001,0.0,,False
1.7665877999999995,2.653138550000001,0.0,,False
1.7665877999999995,2.730204450000001,0.0,,False
1.7665877999999995,2.807270350000001,0.0,,False
1.7665877999999995,2.884336250000001,0.0,,False
1.7665877999999995,2.961402150000001,0.0,,False
1.7665877999999995,3.038468050000001,0.0,,False
1.7665877999999995,3.115533950000001,0.0,,False
1.7665877999999995,3.192599850000001,0.0,,False
1.7665877999999995,3.269665750000001,0.0,,False
1.7665877999999995,3.346731650000001,0.0,,False
1.7665877999999995,3.423797550000001,0.0,,False
1.7665877999999995,3.5008634500000007,0.0,,False
1.7665877999999995,3.5779293500000002,0.0,,False
1.7665877999999995,3.6549952500000003,0.0,,False
1.7665877999999995,3.7320611500000003,0.0,,False
1.7665877999999995,3.80912705,0.0,,False
1.8493609999999996,-3.82039705,0.0,,False
1.8493609999999996,-3.74333115,0.0,,False
1.8493609999999996,-3.66626525,0.0,,False
1.8493609999999996,-3.58919935,0.0,,False
1.8493609999999996,-3.51213345,0.0,,False
1.8493609999999996,-3.43506755,0.0,,False
1.8493609999999996,-3.35800165,0.0,,False
1.8493609999999996,-3.28093575,0.0,,False
1.8493609999999996,-3.20386985,0.0,,False
1.8493609999999996,-3.1268039499999998,0.0,,False
1.8493609999999996,-3.0497380499999998,0.0,,False
1.8493609999999996,-2.9726721499999997,0.0,,False
1.8493609999999996,-2.8956062499999997,0.0,,False
1.8493609999999996,-2.8185403499999997,2.0766703800462783e-08,27.448202854213406,False
1.8493609999999996,-2.7414744499999997,8.377886259041698e-06,12.482170141813402,True
1.8493609999999996,-2.6644085499999997,6.190467155851933e-05,7.493492571013403,True
1.8493609999999996,-2.5873426499999996,8.37789322082389e-06,12.482168069090571,True
1.8493609999999996,-2.5102767499999996,2.3582248973853343e-08,27.131064285898102,False
1.8493609999999996,-2.4332108499999996,4.431414386334474e-08,25.55761135018022,False
1.8493609999999996,-2.3561449499999996,8.42500898629624e-06,12.468179653543785,True
1.8493609999999996,-2.2790790499999996,7.364305802906444e-05,7.060389961795333,True
1.8493609999999996,-2.2020131499999995,9.762961744208169e-05,6.357108590686096,True
1.8493609999999996,-2.1249472499999995,3.307462108633474e-05,9.057017436669396,True
1.8493609999999996,-2.04788135,3.693819790648511e-05,8.781443048540007,True
1.8493609999999996,-1.97081545,1.2921395113689271e-05,11.401401014910823,True
1.8493609999999996,-1.89374955,4.551934604821162e-06,14.00382484522963,True
1.8493609999999996,-1.8166836499999999,2.524023822347886e-05,9.731304003218948,True
1.8493609999999996,-1.7396177499999999,2.472874282644049e-05,9.782371179084247,True
1.8493609999999996,-1.6625518499999998,0.0001572822259850355,5.16765594129404,True
1.8493609999999996,-1.5854859499999998,3.0864077554805746e-05,9.229559043829424,True
1.8493609999999996,-1.5084200499999998,7.490236792987282e-05,7.018096895380143,True
1.8493609999999996,-1.4313541499999998,5.260526293019096e-05,7.899519731069093,True
1.8493609999999996,-1.3542882499999997,8.775696630900478e-05,6.623029194166405,True
1.8493609999999996,-1.2772223499999997,0.00010608102422252518,6.150022905618831,True
1.8493609999999996,-1.2001564499999997,2.3630468152916294e-05,9.89568734749363,True
1.8493609999999996,-1.1230905499999997,2.029354322860456e-05,10.27541085465883,True
1.8493609999999996,-1.0460246499999997,3.9192011617855116e-05,8.633711465067087,True
1.8493609999999996,-0.9689587499999996,0.00016175610863638799,5.097695003228436,True
1.8493609999999996,-0.8918928499999996,9.989293567655858e-05,6.299943173711368,True
1.8493609999999996,-0.8148269499999996,2.0199276888748896e-05,10.28702440055383,True
1.8493609999999996,-0.7377610499999996,9.596769372311243e-06,12.143361929944254,True
1.8493609999999996,-0.6606951499999996,1.067038998571046e-05,11.878847038990452,True
1.8493609999999996,-0.5836292499999995,7.974922118880223e-05,6.861698183402555,True
1.8493609999999996,-0.5065633499999995,8.090020790923458e-05,6.825955760175802,True
1.8493609999999996,-0.4294974499999995,1.7948285684334474e-05,10.581736017732654,True
1.8493609999999996,-0.3524315499999995,1.2037544615980572e-06,17.321562174226067,False
1.8493609999999996,-0.27536564999999946,8.380715727779477e-06,12.481327869446373,True
1.8493609999999996,-0.19829974999999966,6.299904495215464e-05,7.449781976435043,True
1.8493609999999996,-0.12123384999999987,1.6786057668555147e-05,10.748721932644557,True
1.8493609999999996,-0.044167949999999845,9.53451103160302e-06,12.159596488099025,True
1.8493609999999996,0.032897950000000176,6.190748710369272e-05,7.493379126201438,True
1.8493609999999996,0.1099638500000002,8.377886259041698e-06,12.482170141813402,True
1.8493609999999996,0.18702975000000022,4.713665081892958e-08,25.40359354594225,False
1.8493609999999996,0.26409565000000024,1.0685525599164144e-05,11.875311404674099,True
1.8493609999999996,0.34116155000000026,9.762963136564608e-05,6.357108234953018,True
1.8493609999999996,0.4182274500000003,0.00015456119621157948,5.21118639199829,True
1.8493609999999996,0.4952933500000003,5.2620356772951474e-05,7.898804141884962,True
1.8493609999999996,0.5723592500000003,6.874068413983567e-05,7.232221614059797,True
1.8493609999999996,0.6494251500000003,4.188384197555487e-05,8.468019576730416,True
1.8493609999999996,0.7264910500000004,6.763224694389782e-05,7.2727704055913875,True
1.8493609999999996,0.8035569500000004,3.352949619479386e-05,9.022946561992024,True
1.8493609999999996,0.8806228500000004,7.36638247328649e-05,7.059686679041582,True
1.8493609999999996,0.9576887500000004,8.090020094745236e-05,6.8259559748235095,True
1.8493609999999996,1.0347546500000004,2.627904921612163e-05,9.630700989343289,True
1.8493609999999996,1.1118205500000005,4.561460013274646e-06,13.998610629144375,True
1.8493609999999996,1.1888864500000005,1.902471488112489e-05,10.436454971841824,True
1.8493609999999996,1.2659523500000005,1.907854050987733e-05,10.429407834195793,True
1.8493609999999996,1.3430182500000005,3.4368014691676003e-06,14.704761723842413,True
1.8493609999999996,1.4200841500000005,9.51659468188692e-06,12.164288022526106,True
1.8493609999999996,1.4971500500000006,9.528900826602822e-06,12.161064614836684,True
1.8493609999999996,1.5742159500000006,1.1594333559525182e-06,17.4151347770149,False
1.8493609999999996,1.6512818500000006,5.6241285645868454e-09,30.70651997257919,False
1.8493609999999996,1.7283477500000006,6.961782194276772e-12,47.404586091150335,False
1.8493609999999996,1.8054136500000006,0.0,,False
1.8493609999999996,1.8824795500000007,6.961782194276772e-12,47.404586091150335,False
1.8493609999999996,1.9595454500000007,2.808583391196284e-09,32.438553378750335,False
1.8493609999999996,2.0366113500000007,2.075278023607423e-08,27.449875807950338,False
1.8493609999999996,2.1136772500000007,2.808583391196284e-09,32.438553378750335,False
1.8493609999999996,2.1907431500000007,6.961782194276772e-12,47.404586091150335,False
1.8493609999999996,2.2678090500000008,0.0,,False
1.8493609999999996,2.344874950000001,0.0,,False
1.8493609999999996,2.421940850000001,0.0,,False
1.8493609999999996,2.499006750000001,0.0,,False
1.8493609999999996,2.576072650000001,0.0,,False
1.8493609999999996,2.653138550000001,0.0,,False
1.8493609999999996,2.730204450000001,0.0,,False
1.8493609999999996,2.807270350000001,0.0,,False
1.8493609999999996,2.884336250000001,0.0,,False
1.8493609999999996,2.961402150000001,0.0,,False
1.8493609999999996,3.038468050000001,0.0,,False
1.8493609999999996,3.115533950000001,0.0,,False
1.8493609999999996,3.192599850000001,0.0,,False
1.8493609999999996,3.269665750000001,0.0,,False
1.8493609999999996,3.346731650000001,0.0,,False
1.8493609999999996,3.423797550000001,0.0,,False
1.8493609999999996,3.5008634500000007,0.0,,False
1.8493609999999996,3.5779293500000002,0.0,,False
1.8493609999999996,3.6549952500000003,0.0,,False
1.8493609999999996,3.7320611500000003,0.0,,False
1.8493609999999996,3.80912705,0.0,,False
1.9321341999999992,-3.82039705,0.0,,False
1.9321341999999992,-3.74333115,0.0,,False
1.9321341999999992,-3.66626525,0.0,,False
1.9321341999999992,-3.58919935,0.0,,False
1.9321341999999992,-3.51213345,0.0,,False
1.9321341999999992,-3.43506755,0.0,,False
1.9321341999999992,-3.35800165,0.0,,False
1.9321341999999992,-3.28093575,0.0,,False
1.9321341999999992,-3.20386985,0.0,,False
1.9321341999999992,-3.1268039499999998,0.0,,False
1.9321341999999992,-3.0497380499999998,0.0,,False
1.9321341999999992,-2.9726721499999997,0.0,,False
1.9321341999999992,-2.8956062499999997,0.0,,False
1.9321341999999992,-2.8185403499999997,5.617166782392568e-09,30.70960948228901,False
1.9321341999999992,-2.7414744499999997,2.266133779650297e-06,15.743569107027193,True
1.9321341999999992,-2.6644085499999997,1.6747346767909808e-05,10.75448085545078,True
1.9321341999999992,-2.5873426499999996,2.2896881814953733e-06,15.71777653563224,True
1.9321341999999992,-2.5102767499999996,1.1443047042810308e-06,17.447895901868115,False
1.9321341999999992,-2.4332108499999996,9.510956629757943e-06,12.165766217200835,True
1.9321341999999992,-2.3561449499999996,1.0703476757791217e-05,11.871124553789496,True
1.9321341999999992,-2.2790790499999996,2.741492817022907e-05,9.525151360480926,True
1.9321341999999992,-2.2020131499999995,0.0001416953913460115,5.427970592459119,True
1.9321341999999992,-2.1249472499999995,9.765317184392677e-05,6.356506871931577,True
1.9321341999999992,-2.04788135,0.00014056232097529525,5.44799680560041,True
1.9321341999999992,-1.97081545,1.796905934991713e-05,10.578850695028196,True
1.9321341999999992,-1.89374955,1.793317791800957e-05,10.583836483318422,True
1.9321341999999992,-1.8166836499999999,0.00013328724778362684,5.580556941299923,True
1.9321341999999992,-1.7396177499999999,2.9707424935115644e-05,9.324832699753054,True
1.9321341999999992,-1.6625518499999998,2.641482111644944e-05,9.617847051521967,True
1.9321341999999992,-1.5854859499999998,1.5213912763922421e-05,10.994011014683519,True
1.9321341999999992,-1.5084200499999998,8.929498047753441e-05,6.5796924789926825,True
1.9321341999999992,-1.4313541499999998,3.096219644207494e-05,9.221641958236418,True
1.9321341999999992,-1.3542882499999997,5.487416352253928e-05,7.794192640335217,True
1.9321341999999992,-1.2772223499999997,0.00027715449264586854,3.754530016280311,True
1.9321341999999992,-1.2001564499999997,0.00013113383638635478,5.621184989837226,True
1.9321341999999992,-1.1230905499999997,0.00014283407192172795,5.40800590933121,True
1.9321341999999992,-1.0460246499999997,8.09529547650537e-05,6.824329983690975,True
1.9321341999999992,-0.9689587499999996,3.4755082209561304e-05,8.933399108433534,True
1.9321341999999992,-0.8918928499999996,8.094453597666229e-05,6.824589398587816,True
1.9321341999999992,-0.8148269499999996,7.13853708849343e-05,7.13805599762884,True
1.9321341999999992,-0.7377610499999996,8.440165485096503e-06,12.463696396871859,True
1.9321341999999992,-0.6606951499999996,1.1858102647531795e-06,17.359024852706657,False
1.9321341999999992,-0.5836292499999995,1.7901183842426515e-05,10.588290536964953,True
1.9321341999999992,-0.5065633499999995,7.139487540804121e-05,7.137723913866935,True
1.9321341999999992,-0.4294974499999995,9.534517993385214e-06,12.15959466681664,True
1.9321341999999992,-0.3524315499999995,4.993827242793158e-08,25.259578296962868,False
1.9321341999999992,-0.27536564999999946,1.1566386961257105e-06,17.421154306307926,False
1.9321341999999992,-0.19829974999999966,1.6747353729692002e-05,10.754479818567745,True
1.9321341999999992,-0.12123384999999987,6.30225993539997e-05,7.44884955472135,True
1.9321341999999992,-0.044167949999999845,1.0644013076909801e-05,11.88502060904571,True
1.9321341999999992,0.032897950000000176,1.6765297926536878e-05,10.751808653605949,True
1.9321341999999992,0.1099638500000002,2.266126817868103e-06,15.74357676988901,True
1.9321341999999992,0.18702975000000022,2.9192453974051632e-08,26.598732520980487,False
1.9321341999999992,0.26409565000000024,9.53732657677641e-06,12.158860017526733,True
1.9321341999999992,0.34116155000000026,8.094454293844449e-05,6.824589184057676,True
1.9321341999999992,0.4182274500000003,9.879184545786101e-05,6.327590184628496,True
1.9321341999999992,0.4952933500000003,9.053007101540875e-05,6.545428257730964,True
1.9321341999999992,0.5723592500000003,3.580124714122655e-05,8.859424709618859,True
1.9321341999999992,0.6494251500000003,0.0001272169869411432,5.696823983532656,True
1.9321341999999992,0.7264910500000004,5.026279308396549e-05,8.013139524634754,True
1.9321341999999992,0.8035569500000004,0.00012719621327556054,5.697231325288892,True
1.9321341999999992,0.8806228500000004,3.5802332875942055e-05,8.859349065629797,True
1.9321341999999992,0.9576887500000004,9.65268113364906e-05,6.385444522098407,True
1.9321341999999992,1.0347546500000004,0.00013438829623163125,5.560036550853527,True
1.9321341999999992,1.1118205500000005,2.5172362715988235e-05,9.73802076093675,True
1.9321341999999992,1.1888864500000005,7.256945133922961e-05,7.097021395701671,True
1.9321341999999992,1.2659523500000005,8.816297495618709e-05,6.611515719267759,True
1.9321341999999992,1.3430182500000005,2.747438488932829e-05,9.519747566910203,True
1.9321341999999992,1.4200841500000005,7.255711734738493e-05,7.097445372573576,True
1.9321341999999992,1.4971500500000006,7.863408805314865e-05,6.896822664731631,True
1.9321341999999992,1.5742159500000006,9.528907788385017e-06,12.161062792482005,True
1.9321341999999992,1.6512818500000006,2.6390832365049625e-08,26.850395239354352,False
1.9321341999999992,1.7283477500000006,2.6376908800661072e-08,26.85171157720487,False
1.9321341999999992,1.8054136500000006,4.712272725454103e-08,25.404330450590844,False
1.9321341999999992,1.8824795500000007,2.918549219185736e-08,26.599327438909793,False
1.9321341999999992,1.9595454500000007,1.1358859158896364e-06,17.466314893373493,False
1.9321341999999992,2.0366113500000007,8.372276054041499e-06,12.483841021436866,True
1.9321341999999992,2.1136772500000007,1.1330634089340514e-06,17.47252066635034,False
1.9321341999999992,2.1907431500000007,2.808583391196284e-09,32.438553378750335,False
1.9321341999999992,2.2678090500000008,0.0,,False
1.9321341999999992,2.344874950000001,0.0,,False
1.9321341999999992,2.421940850000001,0.0,,False
1.9321341999999992,2.499006750000001,0.0,,False
1.9321341999999992,2.576072650000001,0.0,,False
1.9321341999999992,2.653138550000001,0.0,,False
1.9321341999999992,2.730204450000001,0.0,,False
1.9321341999999992,2.807270350000001,0.0,,False
1.9321341999999992,2.884336250000001,0.0,,False
1.9321341999999992,2.961402150000001,0.0,,False
1.9321341999999992,3.038468050000001,0.0,,False
1.9321341999999992,3.115533950000001,0.0,,False
1.9321341999999992,3.192599850000001,0.0,,False
1.9321341999999992,3.269665750000001,0.0,,False
1.9321341999999992,3.346731650000001,0.0,,False
1.9321341999999992,3.423797550000001,0.0,,False
1.9321341999999992,3.5008634500000007,0.0,,False
1.9321341999999992,3.5779293500000002,0.0,,False
1.9321341999999992,3.6549952500000003,0.0,,False
1.9321341999999992,3.7320611500000003,0.0,,False
1.9321341999999992,3.80912705,0.0,,False
2.014907399999999,-3.82039705,0.0,,False
2.014907399999999,-3.74333115,0.0,,False
2.014907399999999,-3.66626525,0.0,,False
2.014907399999999,-3.58919935,0.0,,False
2.014907399999999,-3.51213345,0.0,,False
2.014907399999999,-3.43506755,0.0,,False
2.014907399999999,-3.35800165,0.0,,False
2.014907399999999,-3.28093575,0.0,,False
2.014907399999999,-3.20386985,0.0,,False
2.014907399999999,-3.1268039499999998,0.0,,False
2.014907399999999,-3.0497380499999998,0.0,,False
2.014907399999999,-2.9726721499999997,0.0,,False
2.014907399999999,-2.8956062499999997,0.0,,False
2.014907399999999,-2.8185403499999997,2.0759742018268505e-08,27.44903919082556,False
2.014907399999999,-2.7414744499999997,8.377886259041698e-06,12.482170141813402,True
2.014907399999999,-2.6644085499999997,6.301698914899952e-05,7.449071608000029,True
2.014907399999999,-2.5873426499999996,1.677090813153708e-05,10.750974107680726,True
2.014907399999999,-2.5102767499999996,9.57040638707497e-06,12.150223478966,True
2.014907399999999,-2.4332108499999996,7.137412958958732e-05,7.1384488205085335,True
2.014907399999999,-2.3561449499999996,7.862176798486837e-05,6.897213498179586,True
2.014907399999999,-2.2790790499999996,1.2975206818877324e-05,11.391034804170394,True
2.014907399999999,-2.2020131499999995,2.634692472361225e-05,9.624266729143693,True
2.014907399999999,-2.1249472499999995,2.241548631953565e-05,10.027350594420339,True
2.014907399999999,-2.04788135,7.974920726523783e-05,6.8616986188938265,True
2.014907399999999,-1.97081545,1.0670383023928268e-05,11.878848666395731,True
2.014907399999999,-1.89374955,1.1824213136662781e-05,11.622736375686676,True
2.014907399999999,-1.8166836499999999,9.764475305553537e-05,6.356721920918242,True
2.014907399999999,-1.7396177499999999,9.88013778280967e-05,6.327349518876719,True
2.014907399999999,-1.6625518499999998,7.376367343059198e-05,7.0563079807580795,True
2.014907399999999,-1.5854859499999998,3.5873037852170454e-05,8.854427926891564,True
2.014907399999999,-1.5084200499999998,0.00015842479391707645,5.149601455515141,True
2.014907399999999,-1.4313541499999998,0.00015232428969481424,5.247549802840179,True
2.014907399999999,-1.3542882499999997,0.00010001355803986832,6.296933035620194,True
2.014907399999999,-1.2772223499999997,0.00012287374998366723,5.783469285610863,True
2.014907399999999,-1.2001564499999997,0.00014734836743705488,5.330392040500466,True
2.014907399999999,-1.1230905499999997,3.579284923818174e-05,8.860009875615388,True
2.014907399999999,-1.0460246499999997,1.069397919646651e-05,11.873338848534194,True
2.014907399999999,-0.9689587499999996,3.4575542494036744e-06,14.689745202182197,True
2.014907399999999,-0.8918928499999996,1.795390285111687e-05,10.580955501688631,True
2.014907399999999,-0.8148269499999996,1.1800651773035513e-05,11.627711645838856,True
2.014907399999999,-0.7377610499999996,9.513786098495724e-06,12.165024272485201,True
2.014907399999999,-0.6606951499999996,1.144311666063225e-06,17.447880726722495,False
2.014907399999999,-0.5836292499999995,2.2924967648865697e-06,15.714718798136275,True
2.014907399999999,-0.5065633499999995,1.677090813153708e-05,10.750974107680726,True
2.014907399999999,-0.4294974499999995,3.4020057719755444e-06,14.730144221979202,True
2.014907399999999,-0.3524315499999995,8.377900182606087e-06,12.482165996369462,True
2.014907399999999,-0.27536564999999946,1.1414891591076403e-06,17.45404074912868,False
2.014907399999999,-0.19829974999999966,2.2896881814953733e-06,15.71777653563224,True
2.014907399999999,-0.12123384999999987,1.6768113471710272e-05,10.75138979234181,True
2.014907399999999,-0.044167949999999845,1.0644020038691994e-05,11.885018977608627,True
2.014907399999999,0.032897950000000176,6.191029568708392e-05,7.493265967035962,True
2.014907399999999,0.1099638500000002,8.380694842432894e-06,12.48133408552584,True
2.014907399999999,0.18702975000000022,4.714361260112386e-08,25.403225175241015,False
2.014907399999999,0.26409565000000024,2.2745804151704688e-06,15.734289159432203,True
2.014907399999999,0.34116155000000026,1.7959526979681452e-05,10.580174262904507,True
2.014907399999999,0.4182274500000003,3.086795098756586e-05,9.229246024678524,True
2.014907399999999,0.4952933500000003,0.0001500014938558915,5.285879009768883,True
2.014907399999999,0.5723592500000003,2.2459821348745574e-05,10.022421976673243,True
2.014907399999999,0.6494251500000003,2.6331789110158563e-05,9.62570007274568,True
2.014907399999999,0.7264910500000004,7.479127097501656e-05,7.021799303797008,True
2.014907399999999,0.8035569500000004,2.6287502813423992e-05,9.629898724975735,True
2.014907399999999,0.8806228500000004,1.1850576121899053e-05,11.61718124756829,True
2.014907399999999,0.9576887500000004,7.257506850601201e-05,7.096828331340834,True
2.014907399999999,1.0347546500000004,2.626673610962353e-05,9.631869991175833,True
2.014907399999999,1.1118205500000005,3.508606103675889e-06,14.653184774767821,True
2.014907399999999,1.1888864500000005,2.629309213307761e-05,9.629368428319234,True
2.014907399999999,1.2659523500000005,0.00014391720402001627,5.38916232272353,True
2.014907399999999,1.3430182500000005,9.878904383625202e-05,6.327660922172666,True
2.014907399999999,1.4200841500000005,3.8089219435828436e-05,8.704904017436967,True
2.014907399999999,1.4971500500000006,8.092376231107964e-05,6.825229629696814,True
2.014907399999999,1.5742159500000006,1.0649637205474387e-05,11.883702987862598,True
2.014907399999999,1.6512818500000006,1.1650644462992992e-06,17.40304969393282,False
2.014907399999999,1.7283477500000006,1.0644013076909801e-05,11.88502060904571,True
2.014907399999999,1.8054136500000006,1.9031417782622785e-05,10.435576306240067,True
2.014907399999999,1.8824795500000007,1.0664765857145874e-05,11.880162096864039,True
2.014907399999999,1.9595454500000007,9.510956629757943e-06,12.165766217200835,True
2.014907399999999,2.0366113500000007,6.186597458143838e-05,7.495052284515208,True
2.014907399999999,2.1136772500000007,8.372269092259306e-06,12.48384309555034,True
2.014907399999999,2.1907431500000007,2.075278023607423e-08,27.449875807950338,False
2.014907399999999,2.2678090500000008,0.0,,False
2.014907399999999,2.344874950000001,0.0,,False
2.014907399999999,2.421940850000001,0.0,,False
2.014907399999999,2.499006750000001,0.0,,False
2.014907399999999,2.576072650000001,0.0,,False
2.014907399999999,2.653138550000001,0.0,,False
2.014907399999999,2.730204450000001,0.0,,False
2.014907399999999,2.807270350000001,0.0,,False
2.014907399999999,2.884336250000001,0.0,,False
2.014907399999999,2.961402150000001,0.0,,False
2.014907399999999,3.038468050000001,0.0,,False
2.014907399999999,3.115533950000001,0.0,,False
2.014907399999999,3.192599850000001,0.0,,False
2.014907399999999,3.269665750000001,0.0,,False
2.014907399999999,3.346731650000001,0.0,,False
2.014907399999999,3.423797550000001,0.0,,False
2.014907399999999,3.5008634500000007,0.0,,False
2.014907399999999,3.5779293500000002,0.0,,False
2.014907399999999,3.6549952500000003,0.0,,False
2.014907399999999,3.7320611500000003,0.0,,False
2.014907399999999,3.80912705,0.0,,False
2.097680599999999,-3.82039705,0.0,,False
2.097680599999999,-3.74333115,0.0,,False
2.097680599999999,-3.66626525,0.0,,False
2.097680599999999,-3.58919935,0.0,,False
2.097680599999999,-3.51213345,0.0,,False
2.097680599999999,-3.43506755,0.0,,False
2.097680599999999,-3.35800165,0.0,,False
2.097680599999999,-3.28093575,0.0,,False
2.097680599999999,-3.20386985,0.0,,False
2.097680599999999,-3.1268039499999998,0.0,,False
2.097680599999999,-3.0497380499999998,0.0,,False
2.097680599999999,-2.9726721499999997,0.0,,False
2.097680599999999,-2.8956062499999997,0.0,,False
2.097680599999999,-2.8185403499999997,2.808583391196284e-09,32.438553378750335,False
2.097680599999999,-2.7414744499999997,1.1538161891701255e-06,17.427248597192733,False
2.097680599999999,-2.6644085499999997,1.6747346767909808e-05,10.75448085545078,True
2.097680599999999,-2.5873426499999996,6.413210139930649e-05,7.405319206163018,True
2.097680599999999,-2.5102767499999996,1.7903978502253322e-05,10.587901161357879,True
2.097680599999999,-2.4332108499999996,1.903703494940518e-05,10.434840205029454,True
2.097680599999999,-2.3561449499999996,7.254869855899353e-05,7.097734807015652,True
2.097680599999999,-2.2790790499999996,2.739418235177519e-05,9.527039626923596,True
2.097680599999999,-2.2020131499999995,7.144201205886015e-05,7.136077633515904,True
2.097680599999999,-2.1249472499999995,1.0693944387555537e-05,11.873346967622181,True
2.097680599999999,-2.04788135,8.4429740684877e-06,12.462866508742687,True
2.097680599999999,-1.97081545,1.1650853316458822e-06,17.403004979957334,False
2.097680599999999,-1.89374955,9.587278772768731e-06,12.145829894191195,True
2.097680599999999,-1.8166836499999999,9.045265617590027e-05,6.547562150302096,True
2.097680599999999,-1.7396177499999999,0.00015955785036422828,5.1318253997806735,True
2.097680599999999,-1.6625518499999998,3.921277832165558e-05,8.632390137735284,True
2.097680599999999,-1.5854859499999998,9.046390443302944e-05,6.5472519856165965,True
2.097680599999999,-1.5084200499999998,9.382829200085734e-05,6.456169942955976,True
2.097680599999999,-1.4313541499999998,5.367606103663461e-05,7.849256457561502,True
2.097680599999999,-1.3542882499999997,7.936955464150959e-05,6.873601477488414,True
2.097680599999999,-1.2772223499999997,4.762934763421385e-05,8.14737482350663,True
2.097680599999999,-1.2001564499999997,3.810326235278441e-05,8.703984562078698,True
2.097680599999999,-1.1230905499999997,4.593447127075505e-06,13.981180190573532,True
2.097680599999999,-1.0460246499999997,6.40090365126901e-08,24.64039217349289,False
2.097680599999999,-0.9689587499999996,1.0652466674212167e-05,11.88304036282837,True
2.097680599999999,-0.8918928499999996,7.982941676457313e-05,6.859191144183923,True
2.097680599999999,-0.8148269499999996,2.743848257207415e-05,9.523009190617461,True
2.097680599999999,-0.7377610499999996,6.306974296660083e-05,7.4469843796487005,True
2.097680599999999,-0.6606951499999996,8.401475469797745e-06,12.475156821161491,True
2.097680599999999,-0.5836292499999995,8.398659924624354e-06,12.475992876756152,True
2.097680599999999,-0.5065633499999995,6.192823292214661e-05,7.4925433883371495,True
2.097680599999999,-0.4294974499999995,1.677090813153708e-05,10.750974107680726,True
2.097680599999999,-0.3524315499999995,6.188674824702105e-05,7.494214863582882,True
2.097680599999999,-0.27536564999999946,8.395858303015353e-06,12.476825076097802,True
2.097680599999999,-0.19829974999999966,8.422200402905042e-06,12.469011311581358,True
2.097680599999999,-0.12123384999999987,6.1933850088929e-05,7.49231715095056,True
2.097680599999999,-0.044167949999999845,1.0646835583865386e-05,11.884359264941981,True
2.097680599999999,0.032897950000000176,1.6770929016883662e-05,10.750971001403046,True
2.097680599999999,0.1099638500000002,3.419943007038228e-06,14.717027253301948,True
2.097680599999999,0.18702975000000022,8.401461546233358e-06,12.475160954972939,True
2.097680599999999,0.26409565000000024,9.516594681886918e-06,12.164288022526108,True
2.097680599999999,0.34116155000000026,6.422918328433553e-05,7.40154618132992,True
2.097680599999999,0.4182274500000003,4.420658908200222e-05,8.333390801824745,True
2.097680599999999,0.4952933500000003,0.0001428548455873106,5.407643161204184,True
2.097680599999999,0.5723592500000003,2.0216149274442654e-05,10.284941757737535,True
2.097680599999999,0.6494251500000003,1.801058579573586e-05,10.573092935606194,True
2.097680599999999,0.7264910500000004,7.138816554476111e-05,7.137958348882815,True
2.097680599999999,0.8035569500000004,1.0691177574857508e-05,11.873992404040571,True
2.097680599999999,0.8806228500000004,1.1806275901600098e-05,11.626523140289006,True
2.097680599999999,0.9576887500000004,2.6305433086704485e-05,9.628197957485058,True
2.097680599999999,1.0347546500000004,5.736008097334263e-06,13.427105820121527,True
2.097680599999999,1.1118205500000005,1.6775460448950548e-05,10.750297132947658,True
2.097680599999999,1.1888864500000005,6.869106315179284e-06,12.977450125894352,True
2.097680599999999,1.2659523500000005,5.144861031050087e-05,7.954975664415854,True
2.097680599999999,1.3430182500000005,0.0001462360707319213,5.34929262055007,True
2.097680599999999,1.4200841500000005,9.881822932844388e-05,6.326924122311927,True
2.097680599999999,1.4971500500000006,8.820449444022363e-05,6.610341311519553,True
2.097680599999999,1.5742159500000006,1.0688341144337534e-05,11.874654254177846,True
2.097680599999999,1.6512818500000006,8.442967106705506e-06,12.462868565488375,True
2.097680599999999,1.7283477500000006,7.976152037173592e-05,6.861313528064853,True
2.097680599999999,1.8054136500000006,0.00014884313927287227,5.3052157681608785,True
2.097680599999999,1.8824795500000007,7.976433591690931e-05,6.861225480601049,True
2.097680599999999,1.9595454500000007,9.552462190230091e-06,12.154904671969991,True
2.097680599999999,2.0366113500000007,8.41658323612265e-06,12.47067545998892,True
2.097680599999999,2.1136772500000007,1.156624772561322e-06,17.42118433322631,False
2.097680599999999,2.1907431500000007,5.6241285645868454e-09,30.70651997257919,False
2.097680599999999,2.2678090500000008,6.961782194276772e-12,47.404586091150335,False
2.097680599999999,2.344874950000001,0.0,,False
2.097680599999999,2.421940850000001,0.0,,False
2.097680599999999,2.499006750000001,0.0,,False
2.097680599999999,2.576072650000001,0.0,,False
2.097680599999999,2.653138550000001,0.0,,False
2.097680599999999,2.730204450000001,0.0,,False
2.097680599999999,2.807270350000001,0.0,,False
2.097680599999999,2.884336250000001,0.0,,False
2.097680599999999,2.961402150000001,0.0,,False
2.097680599999999,3.038468050000001,0.0,,False
2.097680599999999,3.115533950000001,0.0,,False
2.097680599999999,3.192599850000001,0.0,,False
2.097680599999999,3.269665750000001,0.0,,False
2.097680599999999,3.346731650000001,0.0,,False
2.097680599999999,3.423797550000001,0.0,,False
2.097680599999999,3.5008634500000007,0.0,,False
2.097680599999999,3.5779293500000002,0.0,,False
2.097680599999999,3.6549952500000003,0.0,,False
2.097680599999999,3.7320611500000003,0.0,,False
2.097680599999999,3.80912705,0.0,,False
2.180453799999999,-3.82039705,0.0,,False
2.180453799999999,-3.74333115,0.0,,False
2.180453799999999,-3.66626525,0.0,,False
2.180453799999999,-3.58919935,0.0,,False
2.180453799999999,-3.51213345,0.0,,False
2.180453799999999,-3.43506755,0.0,,False
2.180453799999999,-3.35800165,0.0,,False
2.180453799999999,-3.28093575,0.0,,False
2.180453799999999,-3.20386985,0.0,,False
2.180453799999999,-3.1268039499999998,0.0,,False
2.180453799999999,-3.0497380499999998,0.0,,False
2.180453799999999,-2.9726721499999997,0.0,,False
2.180453799999999,-2.8956062499999997,0.0,,False
2.180453799999999,-2.8185403499999997,1.3923564388553544e-11,45.67564219468901,False
2.180453799999999,-2.7414744499999997,8.425750173588853e-09,29.698242137008414,False
2.180453799999999,-2.6644085499999997,1.1953217496422742e-06,17.33909736300034,False
2.180453799999999,-2.5873426499999996,1.6750162313083198e-05,10.754061545255052,True
2.180453799999999,-2.5102767499999996,6.300467604250141e-05,7.449559033065521,True
2.180453799999999,-2.4332108499999996,1.068551863738195e-05,11.875313029774222,True
2.180453799999999,-2.3561449499999996,2.5184682784268528e-05,9.73680025943758,True
2.180453799999999,-2.2790790499999996,7.364025640745543e-05,7.060484856365962,True
2.180453799999999,-2.2020131499999995,7.974920726523785e-05,6.8616986188938265,True
2.180453799999999,-2.1249472499999995,1.7921915737316007e-05,10.585403440320738,True
2.180453799999999,-2.04788135,1.1830016813619831e-06,17.36493968421442,False
2.180453799999999,-1.97081545,1.1471202494544214e-06,17.441766155353008,False
2.180453799999999,-1.89374955,1.0714718053138195e-05,11.868506256420902,True
2.180453799999999,-1.8166836499999999,3.9183578905899333e-05,8.634248214849462,True
2.180453799999999,-1.7396177499999999,0.00015957859618268217,5.131501105265038,True
2.180453799999999,-1.6625518499999998,4.0322273405180167e-05,8.562794755779818,True
2.180453799999999,-1.5854859499999998,0.0001417066396031407,5.427772591308977,True
2.180453799999999,-1.5084200499999998,4.4183041641939334e-05,8.334719810532082,True
2.180453799999999,-1.4313541499999998,0.00012730841685047888,5.695031964540338,True
2.180453799999999,-1.3542882499999997,5.871140520458217e-05,7.625596848354364,True
2.180453799999999,-1.2772223499999997,0.00020585386965411867,4.496367671310663,True
2.180453799999999,-1.2001564499999997,0.00015731529187176967,5.167131604518466,True
2.180453799999999,-1.1230905499999997,1.797467651669952e-05,10.578071081181964,True
2.180453799999999,-1.0460246499999997,1.1784858882951822e-07,23.1179066799172,False
2.180453799999999,-0.9689587499999996,2.017572944868601e-05,10.289933888627433,True
2.180453799999999,-0.8918928499999996,0.00015840121862988475,5.1499726671644295,True
2.180453799999999,-0.8148269499999996,9.380472367544788e-05,6.456796563897638,True
2.180453799999999,-0.7377610499999996,3.467489359557259e-05,8.939160817454349,True
2.180453799999999,-0.6606951499999996,3.428396604340594e-06,14.710869221564625,True
2.180453799999999,-0.5836292499999995,2.2857869016064765e-06,15.722030133748742,True
2.180453799999999,-0.5065633499999995,1.7942668517552082e-05,10.58251677808831,True
2.180453799999999,-0.4294974499999995,1.1779885069235048e-05,11.632105032509601,True
2.180453799999999,-0.3524315499999995,9.513779136713528e-06,12.165026097736423,True
2.180453799999999,-0.27536564999999946,2.277361151432888e-06,15.731241625067954,True
2.180453799999999,-0.19829974999999966,1.177427486423485e-05,11.633293251680247,True
2.180453799999999,-0.12123384999999987,2.6273452934685818e-05,9.631232230343082,True
2.180453799999999,-0.044167949999999845,1.1806255016253513e-05,11.626527552787625,True
2.180453799999999,0.032897950000000176,6.309047486149033e-05,7.4461645907980865,True
2.180453799999999,0.1099638500000002,2.5125246950515895e-05,9.742693854404823,True
2.180453799999999,0.18702975000000022,6.302542882273749e-05,7.448737571158924,True
2.180453799999999,0.26409565000000024,1.070908000100922e-05,11.869819115362956,True
2.180453799999999,0.34116155000000026,3.5792828352835156e-05,8.860011331077759,True
2.180453799999999,0.4182274500000003,0.00014841356230028055,5.312425100998814,True
2.180453799999999,0.4952933500000003,6.210213487229977e-05,7.485548800300661,True
2.180453799999999,0.5723592500000003,2.475790743328576e-05,9.779431136949428,True
2.180453799999999,0.6494251500000003,8.091426474975493e-05,6.8255223932213855,True
2.180453799999999,0.7264910500000004,1.9057801653205644e-05,10.432120718375355,True
2.180453799999999,0.8035569500000004,9.581654644204143e-06,12.147293562733424,True
2.180453799999999,0.8806228500000004,7.977276166708291e-05,6.8609620098999775,True
2.180453799999999,0.9576887500000004,0.0001416897672174469,5.428069598928517,True
2.180453799999999,1.0347546500000004,4.302640294581363e-05,8.400887367336416,True
2.180453799999999,1.1118205500000005,0.00012498957102392044,5.74088369726687,True
2.180453799999999,1.1888864500000005,3.465584974044782e-05,8.940531113671302,True
2.180453799999999,1.2659523500000005,0.00013791762726841444,5.495375156994358,True
2.180453799999999,1.3430182500000005,7.04357139492603e-05,7.17146148927681,True
2.180453799999999,1.4200841500000005,9.496419184031139e-05,6.426154413122827,True
2.180453799999999,1.4971500500000006,8.930446411529474e-05,6.579427580010847,True
2.180453799999999,1.5742159500000006,1.0693944387555537e-05,11.873346967622181,True
2.180453799999999,1.6512818500000006,1.1886258099265698e-06,17.353109404491832,False
2.180453799999999,1.7283477500000006,1.9013480547560104e-05,10.437928345351674,True
2.180453799999999,1.8054136500000006,8.08738379622161e-05,6.826768938604337,True
2.180453799999999,1.8824795500000007,1.9019097714342496e-05,10.43719154980893,True
2.180453799999999,1.9595454500000007,2.3188667119050365e-06,15.68619088055357,True
2.180453799999999,2.0366113500000007,9.531709409994018e-06,12.160329532544099,True
2.180453799999999,2.1136772500000007,9.510956629757943e-06,12.165766217200835,True
2.180453799999999,2.1907431500000007,1.1566317343435161e-06,17.421169319721937,False
2.180453799999999,2.2678090500000008,5.617166782392568e-09,30.70960948228901,False
2.180453799999999,2.344874950000001,6.961782194276772e-12,47.404586091150335,False
2.180453799999999,2.421940850000001,0.0,,False
2.180453799999999,2.499006750000001,0.0,,False
2.180453799999999,2.576072650000001,0.0,,False
2.180453799999999,2.653138550000001,0.0,,False
2.180453799999999,2.730204450000001,0.0,,False
2.180453799999999,2.807270350000001,0.0,,False
2.180453799999999,2.884336250000001,0.0,,False
2.180453799999999,2.961402150000001,0.0,,False
2.180453799999999,3.038468050000001,0.0,,False
2.180453799999999,3.115533950000001,0.0,,False
2.180453799999999,3.192599850000001,0.0,,False
2.180453799999999,3.269665750000001,0.0,,False
2.180453799999999,3.346731650000001,0.0,,False
2.180453799999999,3.423797550000001,0.0,,False
2.180453799999999,3.5008634500000007,0.0,,False
2.180453799999999,3.5779293500000002,0.0,,False
2.180453799999999,3.6549952500000003,0.0,,False
2.180453799999999,3.7320611500000003,0.0,,False
2.180453799999999,3.80912705,0.0,,False
2.263226999999999,-3.82039705,0.0,,False
2.263226999999999,-3.74333115,0.0,,False
2.263226999999999,-3.66626525,0.0,,False
2.263226999999999,-3.58919935,0.0,,False
2.263226999999999,-3.51213345,0.0,,False
2.263226999999999,-3.43506755,0.0,,False
2.263226999999999,-3.35800165,0.0,,False
2.263226999999999,-3.28093575,0.0,,False
2.263226999999999,-3.20386985,0.0,,False
2.263226999999999,-3.1268039499999998,0.0,,False
2.263226999999999,-3.0497380499999998,0.0,,False
2.263226999999999,-2.9726721499999997,0.0,,False
2.263226999999999,-2.8956062499999997,0.0,,False
2.263226999999999,-2.8185403499999997,2.808583391196284e-09,32.438553378750335,False
2.263226999999999,-2.7414744499999997,1.1330703707162456e-06,17.472505340650244,False
2.263226999999999,-2.6644085499999997,8.377886259041698e-06,12.482170141813402,True
2.263226999999999,-2.5873426499999996,2.286879598104177e-06,15.720838026120978,True
2.263226999999999,-2.5102767499999996,8.398646001059967e-06,12.475997011953407,True
2.263226999999999,-2.4332108499999996,9.510963591540137e-06,12.165764391407945,True
2.263226999999999,-2.3561449499999996,6.302541489917311e-05,7.448738122207781,True
2.263226999999999,-2.2790790499999996,1.79275329040984e-05,10.584621776021006,True
2.263226999999999,-2.2020131499999995,1.9054986108032254e-05,10.432489252085606,True
2.263226999999999,-2.1249472499999995,7.137412958958734e-05,7.1384488205085335,True
2.263226999999999,-2.04788135,9.534517993385214e-06,12.15959466681664,True
2.263226999999999,-1.97081545,9.57040638707497e-06,12.150223478966,True
2.263226999999999,-1.89374955,7.866327354534053e-05,6.895897048367303,True
2.263226999999999,-1.8166836499999999,9.154141240275318e-05,6.517717669062645,True
2.263226999999999,-1.7396177499999999,0.00015733041356165894,5.166891851571139,True
2.263226999999999,-1.6625518499999998,3.0814132320595616e-05,9.233598731826797,True
2.263226999999999,-1.5854859499999998,7.869245207575016e-05,6.894971996029377,True
2.263226999999999,-1.5084200499999998,1.4105468606202371e-05,11.182702146554824,True
2.263226999999999,-1.4313541499999998,3.4671006239248085e-05,8.939440470142861,True
2.263226999999999,-1.3542882499999997,7.936112192955382e-05,6.873866505534303,True
2.263226999999999,-1.2772223499999997,6.43475089099318e-05,7.39695523602694,True
2.263226999999999,-1.2001564499999997,0.00010218824798661856,6.243277504537706,True
2.263226999999999,-1.1230905499999997,2.2450295940292092e-05,10.023480072155634,True
2.263226999999999,-1.0460246499999997,9.637210083414469e-06,12.132872890679948,True
2.263226999999999,-0.9689587499999996,2.247665196374617e-05,10.020553505266989,True
2.263226999999999,-0.8918928499999996,0.0001679867884775422,5.003419878155261,True
2.263226999999999,-0.8148269499999996,0.00011667226259648706,5.912647538282953,True
2.263226999999999,-0.7377610499999996,0.000134503315351723,5.557902630288909,True
2.263226999999999,-0.6606951499999996,1.6811341880858105e-05,10.744967629980808,True
2.263226999999999,-0.5836292499999995,1.1839362673680851e-05,11.61954259946025,True
2.263226999999999,-0.5065633499999995,9.539375488933876e-05,6.414896909970195,True
2.263226999999999,-0.4294974499999995,7.364305106728222e-05,7.060390197595484,True
2.263226999999999,-0.3524315499999995,8.442967106705506e-06,12.462868565488375,True
2.263226999999999,-0.27536564999999946,8.437356901705307e-06,12.464526561203895,True
2.263226999999999,-0.19829974999999966,7.861894547791278e-05,6.897303046088866,True
2.263226999999999,-0.12123384999999987,0.00013330234858816955,5.580274360711523,True
2.263226999999999,-0.044167949999999845,2.8565928814225806e-05,9.422566642611365,True
2.263226999999999,0.032897950000000176,3.46664817689634e-05,8.939765995686248,True
2.263226999999999,0.1099638500000002,6.640384538395698e-05,7.318491455663664,True
2.263226999999999,0.18702975000000022,1.7927553789444982e-05,10.58461887014991,True
2.263226999999999,0.26409565000000024,1.795671143450806e-05,10.580565335235713,True
2.263226999999999,0.34116155000000026,8.213705610469556e-05,6.788109472322314,True
2.263226999999999,0.4182274500000003,0.00017513623836773213,4.899458731741522,True
2.263226999999999,0.4952933500000003,0.0002226107279069175,4.301165494933422,True
2.263226999999999,0.5723592500000003,0.00011557227899785157,5.9362756696590475,True
2.263226999999999,0.6494251500000003,0.00015004692158159913,5.285123717401379,True
2.263226999999999,0.7264910500000004,1.9066220441597038e-05,10.431019086931547,True
2.263226999999999,0.8035569500000004,2.386749181177846e-06,15.614220015595148,True
2.263226999999999,0.8806228500000004,2.854518995755412e-05,9.424378189572701,True
2.263226999999999,0.9576887500000004,9.765318576749115e-05,6.356506516284305,True
2.263226999999999,1.0347546500000004,7.819886606664571e-05,6.910666615755959,True
2.263226999999999,1.1118205500000005,4.194607943091651e-05,8.464315855559471,True
2.263226999999999,1.1888864500000005,1.752261695341379e-05,10.641605540049552,True
2.263226999999999,1.2659523500000005,0.00012050947643140115,5.831931826099001,True
2.263226999999999,1.3430182500000005,0.00020807004427599442,4.469657723176482,True
2.263226999999999,1.4200841500000005,0.00010605461946659572,6.1506438517835464,True
2.263226999999999,1.4971500500000006,8.933474926576648e-05,6.578581837077508,True
2.263226999999999,1.5742159500000006,1.9060617198379035e-05,10.431752239107201,True
2.263226999999999,1.6512818500000006,1.1914483168821546e-06,17.34719337709385,False
2.263226999999999,1.7283477500000006,1.1886258099265698e-06,17.353109404491832,False
2.263226999999999,1.8054136500000006,8.445768728314507e-06,12.462041008757815,True
2.263226999999999,1.8824795500000007,2.3160720520782286e-06,15.689198829351916,True
2.263226999999999,1.9595454500000007,1.6770935978665853e-05,10.750969965978014,True
2.263226999999999,2.0366113500000007,7.137412262780513e-05,7.13844906380459,True
2.263226999999999,2.1136772500000007,7.139205986286782e-05,7.137822283140225,True
2.263226999999999,2.1907431500000007,1.676809954814588e-05,10.751391863540887,True
2.263226999999999,2.2678090500000008,1.15382315095232e-06,17.427233547143064,False
2.263226999999999,2.344874950000001,2.808583391196284e-09,32.438553378750335,False
2.263226999999999,2.421940850000001,0.0,,False
2.263226999999999,2.499006750000001,0.0,,False
2.263226999999999,2.576072650000001,0.0,,False
2.263226999999999,2.653138550000001,6.961782194276772e-12,47.404586091150335,False
2.263226999999999,2.730204450000001,2.8155451733905604e-09,32.43237818129086,False
2.263226999999999,2.807270350000001,2.3561363627270515e-08,27.133274347052172,False
2.263226999999999,2.884336250000001,2.3561363627270515e-08,27.133274347052172,False
2.263226999999999,2.961402150000001,2.8155451733905604e-09,32.43237818129086,False
2.263226999999999,3.038468050000001,6.961782194276772e-12,47.404586091150335,False
2.263226999999999,3.115533950000001,0.0,,False
2.263226999999999,3.192599850000001,0.0,,False
2.263226999999999,3.269665750000001,0.0,,False
2.263226999999999,3.346731650000001,0.0,,False
2.263226999999999,3.423797550000001,0.0,,False
2.263226999999999,3.5008634500000007,0.0,,False
2.263226999999999,3.5779293500000002,0.0,,False
2.263226999999999,3.6549952500000003,0.0,,False
2.263226999999999,3.7320611500000003,0.0,,False
2.263226999999999,3.80912705,0.0,,False
2.3460001999999993,-3.82039705,0.0,,False
2.3460001999999993,-3.74333115,0.0,,False
2.3460001999999993,-3.66626525,0.0,,False
2.3460001999999993,-3.58919935,0.0,,False
2.3460001999999993,-3.51213345,0.0,,False
2.3460001999999993,-3.43506755,0.0,,False
2.3460001999999993,-3.35800165,0.0,,False
2.3460001999999993,-3.28093575,0.0,,False
2.3460001999999993,-3.20386985,0.0,,False
2.3460001999999993,-3.1268039499999998,0.0,,False
2.3460001999999993,-3.0497380499999998,0.0,,False
2.3460001999999993,-2.9726721499999997,0.0,,False
2.3460001999999993,-2.8956062499999997,0.0,,False
2.3460001999999993,-2.8185403499999997,2.075278023607423e-08,27.449875807950338,False
2.3460001999999993,-2.7414744499999997,8.372269092259306e-06,12.48384309555034,True
2.3460001999999993,-2.6644085499999997,6.186317295982939e-05,7.495165244049504,True
2.3460001999999993,-2.5873426499999996,8.3750776756505e-06,12.483006478425555,True
2.3460001999999993,-2.5102767499999996,4.431414386334474e-08,25.55761135018022,False
2.3460001999999993,-2.4332108499999996,1.1386875374986383e-06,17.46017027143138,False
2.3460001999999993,-2.3561449499999996,9.508155008148942e-06,12.166501077337832,True
2.3460001999999993,-2.2790790499999996,9.552455228447899e-06,12.154906489831117,True
2.3460001999999993,-2.2020131499999995,1.0664765857145876e-05,11.880162096864037,True
2.3460001999999993,-2.1249472499999995,7.024386780226229e-05,7.1782646027915105,True
2.3460001999999993,-2.04788135,1.0661964235536873e-05,11.880817442850146,True
2.3460001999999993,-1.97081545,1.7903971540471128e-05,10.587902131256648,True
2.3460001999999993,-1.89374955,7.253075436214866e-05,7.0983518331415425,True
2.3460001999999993,-1.8166836499999999,2.965748666268771e-05,9.329029219071346,True
2.3460001999999993,-1.7396177499999999,8.818093307659636e-05,6.611007693366504,True
2.3460001999999993,-1.6625518499999998,1.2924182811733882e-05,11.400862937302215,True
2.3460001999999993,-1.5854859499999998,9.617563923240483e-06,12.137962973409016,True
2.3460001999999993,-1.5084200499999998,1.79208300026005e-05,10.58555455542961,True
2.3460001999999993,-1.4313541499999998,7.264016327724018e-05,7.094592086265401,True
2.3460001999999993,-1.3542882499999997,9.883898210867995e-05,6.3264003421324775,True
2.3460001999999993,-1.2772223499999997,0.0001763411133729566,4.882357326972753,True
2.3460001999999993,-1.2001564499999997,0.00016185315571250606,5.096198950303531,True
2.3460001999999993,-1.1230905499999997,9.885412468391583e-05,6.326018227516461,True
2.3460001999999993,-1.0460246499999997,8.937236746991411e-05,6.577531710493381,True
2.3460001999999993,-0.9689587499999996,4.148171372291488e-05,8.492083517011812,True
2.3460001999999993,-0.8918928499999996,0.00017746743210969964,4.866476252103069,True
2.3460001999999993,-0.8148269499999996,0.00010673561635046187,6.134678431821003,True
2.3460001999999993,-0.7377610499999996,5.256093486276324e-05,7.901622483222073,True
2.3460001999999993,-0.6606951499999996,5.762385006134924e-06,13.415661949404008,True
2.3460001999999993,-0.5836292499999995,2.7420538375229263e-05,9.52464096993056,True
2.3460001999999993,-0.5065633499999995,0.0002034699081709854,4.525422786841138,True
2.3460001999999993,-0.4294974499999995,3.57552240722519e-05,8.862633284324938,True
2.3460001999999993,-0.3524315499999995,1.2093855519448382e-06,17.309921015841695,False
2.3460001999999993,-0.27536564999999946,1.1970376365357702e-06,17.335519301954452,False
2.3460001999999993,-0.19829974999999966,1.2993157977504394e-05,11.387586279113876,True
2.3460001999999993,-0.12123384999999987,4.304716964961409e-05,8.399683764553878,True
2.3460001999999993,-0.044167949999999845,8.316915723405826e-05,6.756961903477217,True
2.3460001999999993,0.032897950000000176,0.00013326927573965318,5.5808932929735695,True
2.3460001999999993,0.1099638500000002,2.62970003747487e-05,9.628997693896228,True
2.3460001999999993,0.18702975000000022,1.7948299607898863e-05,10.58173408272483,True
2.3460001999999993,0.26409565000000024,6.640948343608597e-05,7.318279681555856,True
2.3460001999999993,0.34116155000000026,3.581919133807143e-05,8.858174817603395,True
2.3460001999999993,0.4182274500000003,3.3163256335843625e-05,9.050341906559813,True
2.3460001999999993,0.4952933500000003,0.00010832356879141943,6.0978424013514125,True
2.3460001999999993,0.5723592500000003,0.00010218543940322736,6.243346060902027,True
2.3460001999999993,0.6494251500000003,8.9328025478922e-05,6.578769580745353,True
2.3460001999999993,0.7264910500000004,1.2957297430943415e-05,11.394480062493162,True
2.3460001999999993,0.8035569500000004,2.5180823275072802e-05,9.737182541846774,True
2.3460001999999993,0.8806228500000004,7.486755830911636e-05,7.019256366989721,True
2.3460001999999993,0.9576887500000004,8.9393113288368e-05,6.57695277210307,True
2.3460001999999993,1.0347546500000004,4.532455168639356e-05,8.271094657543495,True
2.3460001999999993,1.1118205500000005,0.00013452689063891466,5.5574654693154555,True
2.3460001999999993,1.1888864500000005,3.582762405002721e-05,8.857587658481789,True
2.3460001999999993,1.2659523500000005,0.00013559770266892266,5.537689543424027,True
2.3460001999999993,1.3430182500000005,4.420660996734881e-05,8.333389623377847,True
2.3460001999999993,1.4200841500000005,2.1418180887365024e-05,10.140872786614977,True
2.3460001999999993,1.4971500500000006,8.093783307516441e-05,6.824795959775279,True
2.3460001999999993,1.5742159500000006,8.091146312814594e-05,6.825608760124025,True
2.3460001999999993,1.6512818500000006,1.90841855237885e-05,10.428669911164137,True
2.3460001999999993,1.7283477500000006,1.0693965272902122e-05,11.873342096166215,True
2.3460001999999993,1.8054136500000006,9.578853022595141e-06,12.14802299992921,True
2.3460001999999993,1.8824795500000007,9.563703485577071e-06,12.15197107088181,True
2.3460001999999993,1.9595454500000007,6.305460039136494e-05,7.44758332370498,True
2.3460001999999993,2.0366113500000007,1.905780861498784e-05,10.43211980719785,True
2.3460001999999993,2.1136772500000007,2.6276254556294826e-05,9.630966265268047,True
2.3460001999999993,2.1907431500000007,6.415286114132476e-05,7.404511912320972,True
2.3460001999999993,2.2678090500000008,8.380701804215088e-06,12.481332013497628,True
2.3460001999999993,2.344874950000001,2.356832540946479e-08,27.13253744240358,False
2.3460001999999993,2.421940850000001,2.075278023607423e-08,27.449875807950338,False
2.3460001999999993,2.499006750000001,2.808583391196284e-09,32.438553378750335,False
2.3460001999999993,2.576072650000001,6.961782194276772e-12,47.404586091150335,False
2.3460001999999993,2.653138550000001,2.808583391196284e-09,32.438553378750335,False
2.3460001999999993,2.730204450000001,1.1358719923252476e-06,17.46634546889086,False
2.3460001999999993,2.807270350000001,9.505332501193357e-06,12.167241634652175,True
2.3460001999999993,2.884336250000001,9.505332501193357e-06,12.167241634652175,True
2.3460001999999993,2.961402150000001,1.1358719923252476e-06,17.46634546889086,False
2.3460001999999993,3.038468050000001,2.808583391196284e-09,32.438553378750335,False
2.3460001999999993,3.115533950000001,0.0,,False
2.3460001999999993,3.192599850000001,0.0,,False
2.3460001999999993,3.269665750000001,0.0,,False
2.3460001999999993,3.346731650000001,0.0,,False
2.3460001999999993,3.423797550000001,0.0,,False
2.3460001999999993,3.5008634500000007,0.0,,False
2.3460001999999993,3.5779293500000002,0.0,,False
2.3460001999999993,3.6549952500000003,0.0,,False
2.3460001999999993,3.7320611500000003,0.0,,False
2.3460001999999993,3.80912705,0.0,,False
2.4287733999999994,-3.82039705,0.0,,False
2.4287733999999994,-3.74333115,0.0,,False
2.4287733999999994,-3.66626525,0.0,,False
2.4287733999999994,-3.58919935,0.0,,False
2.4287733999999994,-3.51213345,0.0,,False
2.4287733999999994,-3.43506755,0.0,,False
2.4287733999999994,-3.35800165,0.0,,False
2.4287733999999994,-3.28093575,0.0,,False
2.4287733999999994,-3.20386985,0.0,,False
2.4287733999999994,-3.1268039499999998,0.0,,False
2.4287733999999994,-3.0497380499999998,0.0,,False
2.4287733999999994,-2.9726721499999997,0.0,,False
2.4287733999999994,-2.8956062499999997,0.0,,False
2.4287733999999994,-2.8185403499999997,2.808583391196284e-09,32.438553378750335,False
2.4287733999999994,-2.7414744499999997,1.1330634089340514e-06,17.47252066635034,False
2.4287733999999994,-2.6644085499999997,8.372269092259306e-06,12.48384309555034,True
2.4287733999999994,-2.5873426499999996,1.1330634089340514e-06,17.47252066635034,False
2.4287733999999994,-2.5102767499999996,2.815545173390561e-09,32.43237818129086,False
2.4287733999999994,-2.4332108499999996,2.3561363627270515e-08,27.133274347052172,False
2.4287733999999994,-2.3561449499999996,8.393035796059768e-06,12.477663760122628,True
2.4287733999999994,-2.2790790499999996,6.187440729339416e-05,7.49471231400257,True
2.4287733999999994,-2.2020131499999995,9.549653606838895e-06,12.155638157057151,True
2.4287733999999994,-2.1249472499999995,8.440151561532115e-06,12.46370051173375,True
2.4287733999999994,-2.04788135,9.513786098495722e-06,12.165024272485203,True
2.4287733999999994,-1.97081545,6.30254218609553e-05,7.448737846683338,True
2.4287733999999994,-1.89374955,1.6815236198964813e-05,10.744389887653497,True
2.4287733999999994,-1.8166836499999999,1.0691163651293119e-05,11.873995652523638,True
2.4287733999999994,-1.7396177499999999,7.029381303647242e-05,7.176491692646167,True
2.4287733999999994,-1.6625518499999998,1.0729839743027488e-05,11.864988475900368,True
2.4287733999999994,-1.5854859499999998,1.6805724714075717e-05,10.745801201646568,True
2.4287733999999994,-1.5084200499999998,6.640668181447696e-05,7.318384912623614,True
2.4287733999999994,-1.4313541499999998,3.5849455603196604e-05,8.856068196702283,True
2.4287733999999994,-1.3542882499999997,4.757660077839471e-05,8.150138695805216,True
2.4287733999999994,-1.2772223499999997,0.0002069095251853264,4.483608941686854,True
2.4287733999999994,-1.2001564499999997,5.597523981767248e-05,7.744638063428854,True
2.4287733999999994,-1.1230905499999997,0.00010836896170821606,6.096797369348293,True
2.4287733999999994,-1.0460246499999997,0.00016069653790172695,5.11408772271901,True
2.4287733999999994,-0.9689587499999996,0.00010947176085202496,6.0715424202853265,True
2.4287733999999994,-0.8918928499999996,0.00022987349495387006,4.221085984587441,True
2.4287733999999994,-0.8148269499999996,0.0001322960783256985,5.5991750069473065,True
2.4287733999999994,-0.7377610499999996,0.00019637208459298816,4.613988955338716,True
2.4287733999999994,-0.6606951499999996,2.635536439735022e-05,9.623467849016405,True
2.4287733999999994,-0.5836292499999995,2.0214447311113547e-05,10.285151760730523,True
2.4287733999999994,-0.5065633499999995,8.8139420554342e-05,6.612182217964711,True
2.4287733999999994,-0.4294974499999995,1.1824213136662781e-05,11.622736375686676,True
2.4287733999999994,-0.3524315499999995,2.314986317362723e-06,15.690368406604074,True
2.4287733999999994,-0.27536564999999946,2.0232384546176232e-05,10.282939397388411,True
2.4287733999999994,-0.19829974999999966,4.418583630176615e-05,8.33456204393908,True
2.4287733999999994,-0.12123384999999987,0.00012945283557032176,5.653366556645037,True
2.4287733999999994,-0.044167949999999845,3.5792835314617354e-05,8.86001084592354,True
2.4287733999999994,0.032897950000000176,1.9102115797068987e-05,10.42632749109117,True
2.4287733999999994,0.1099638500000002,1.0691142765946536e-05,11.874000525256168,True
2.4287733999999994,0.18702975000000022,6.305181269332033e-05,7.447693603003006,True
2.4287733999999994,0.26409565000000024,3.463621750383822e-05,8.941944535220903,True
2.4287733999999994,0.34116155000000026,0.000134503315351723,5.557902630288909,True
2.4287733999999994,0.4182274500000003,3.7002186057651215e-05,8.777125836252289,True
2.4287733999999994,0.4952933500000003,9.052619062086644e-05,6.545535174978935,True
2.4287733999999994,0.5723592500000003,9.15734412872472e-05,6.516845092228474,True
2.4287733999999994,0.6494251500000003,2.7509208433649125e-05,9.516588016083888,True
2.4287733999999994,0.7264910500000004,1.9142535622825628e-05,10.421055079243802,True
2.4287733999999994,0.8035569500000004,0.00012834895069179734,5.674727771672086,True
2.4287733999999994,0.8806228500000004,6.205786946091177e-05,7.487327359148943,True
2.4287733999999994,0.9576887500000004,0.0001011258686685663,6.26934512935028,True
2.4287733999999994,1.0347546500000004,9.501691781078392e-05,6.424769891927371,True
2.4287733999999994,1.1118205500000005,0.00010719612951104995,6.123939701977513,True
2.4287733999999994,1.1888864500000005,3.199716881086857e-05,9.139627017654883,True
2.4287733999999994,1.2659523500000005,2.1396363257760026e-05,10.14341493977935,True
2.4287733999999994,1.3430182500000005,2.1417102114431713e-05,10.140998422538459,True
2.4287733999999994,1.4200841500000005,2.1455799091512663e-05,10.136495652989039,True
2.4287733999999994,1.4971500500000006,2.976581680484594e-05,9.31993472722089,True
2.4287733999999994,1.5742159500000006,9.159420799104766e-05,6.516279498957386,True
2.4287733999999994,1.6512818500000006,9.881543466861705e-05,6.326994665237231,True
2.4287733999999994,1.7283477500000006,9.04790678936119e-05,6.546833922317934,True
2.4287733999999994,1.8054136500000006,8.208211689409884e-05,6.789778424935347,True
2.4287733999999994,1.8824795500000007,2.9764086994388057e-05,9.320079687418785,True
2.4287733999999994,1.9595454500000007,2.8595135191764247e-05,9.420017683529455,True
2.4287733999999994,2.0366113500000007,2.0187005552943964e-05,10.288540205819299,True
2.4287733999999994,2.1136772500000007,6.534711107981591e-05,7.358504977484858,True
2.4287733999999994,2.1907431500000007,2.5219506328589364e-05,9.733353651820485,True
2.4287733999999994,2.2678090500000008,2.3716414148529414e-06,15.630058990294202,True
2.4287733999999994,2.344874950000001,1.2150166422916195e-06,17.298333934830357,False
2.4287733999999994,2.421940850000001,8.425036833425016e-06,12.468171409035241,True
2.4287733999999994,2.499006750000001,1.1622628246902974e-06,17.409055034826675,False
2.4287733999999994,2.576072650000001,2.638387058285535e-08,26.851053321445715,False
2.4287733999999994,2.653138550000001,2.356832540946479e-08,27.13253744240358,False
2.4287733999999994,2.730204450000001,8.393035796059768e-06,12.477663760122628,True
2.4287733999999994,2.807270350000001,7.023824367369769e-05,7.1784643219140785,True
2.4287733999999994,2.884336250000001,7.025618787054257e-05,7.177827159203579,True
2.4287733999999994,2.961402150000001,8.395830455886575e-06,12.47683334925893,True
2.4287733999999994,3.038468050000001,2.0759742018268505e-08,27.44903919082556,False
2.4287733999999994,3.115533950000001,0.0,,False
2.4287733999999994,3.192599850000001,0.0,,False
2.4287733999999994,3.269665750000001,0.0,,False
2.4287733999999994,3.346731650000001,0.0,,False
2.4287733999999994,3.423797550000001,0.0,,False
2.4287733999999994,3.5008634500000007,0.0,,False
2.4287733999999994,3.5779293500000002,0.0,,False
2.4287733999999994,3.6549952500000003,0.0,,False
2.4287733999999994,3.7320611500000003,0.0,,False
2.4287733999999994,3.80912705,0.0,,False
2.511546599999999,-3.82039705,0.0,,False
2.511546599999999,-3.74333115,0.0,,False
2.511546599999999,-3.66626525,0.0,,False
2.511546599999999,-3.58919935,0.0,,False
2.511546599999999,-3.51213345,0.0,,False
2.511546599999999,-3.43506755,0.0,,False
2.511546599999999,-3.35800165,0.0,,False
2.511546599999999,-3.28093575,0.0,,False
2.511546599999999,-3.20386985,0.0,,False
2.511546599999999,-3.1268039499999998,0.0,,False
2.511546599999999,-3.0497380499999998,0.0,,False
2.511546599999999,-2.9726721499999997,6.961782194276772e-12,47.404586091150335,False
2.511546599999999,-2.8956062499999997,2.808583391196284e-09,32.438553378750335,False
2.511546599999999,-2.8185403499999997,2.0759742018268505e-08,27.44903919082556,False
2.511546599999999,-2.7414744499999997,5.617166782392568e-09,30.70960948228901,False
2.511546599999999,-2.6644085499999997,2.0759742018268505e-08,27.44903919082556,False
2.511546599999999,-2.5873426499999996,2.808583391196284e-09,32.438553378750335,False
2.511546599999999,-2.5102767499999996,6.961782194276772e-12,47.404586091150335,False
2.511546599999999,-2.4332108499999996,2.815545173390561e-09,32.43237818129086,False
2.511546599999999,-2.3561449499999996,1.1414891591076403e-06,17.45404074912868,False
2.511546599999999,-2.2790790499999996,1.0659155652145677e-05,11.881474590182194,True
2.511546599999999,-2.2020131499999995,1.7883218760235056e-05,10.590795036232713,True
2.511546599999999,-2.1249472499999995,2.29531231005996e-06,15.711657238993343,True
2.511546599999999,-2.04788135,2.2773750749972763e-06,15.731226374970051,True
2.511546599999999,-1.97081545,1.7883232683799442e-05,10.590793094184491,True
2.511546599999999,-1.89374955,1.0685525599164144e-05,11.875311404674099,True
2.511546599999999,-1.8166836499999999,2.3093552270159413e-06,15.696443154268673,True
2.511546599999999,-1.7396177499999999,1.1821404553271587e-05,11.62332892172286,True
2.511546599999999,-1.6625518499999998,3.464851668677194e-05,8.9410589626716,True
2.511546599999999,-1.5854859499999998,6.644536486799353e-05,7.316932339692141,True
2.511546599999999,-1.5084200499999998,3.465414777711871e-05,8.940653614704226,True
2.511546599999999,-1.4313541499999998,0.00014165949599053955,5.428602557403785,True
2.511546599999999,-1.3542882499999997,8.319273948303211e-05,6.756254744929289,True
2.511546599999999,-1.2772223499999997,3.364450835310341e-05,9.014405175498213,True
2.511546599999999,-1.2001564499999997,2.2592770742117803e-05,10.007700435664578,True
2.511546599999999,-1.1230905499999997,0.00015119293521099146,5.266145086449927,True
2.511546599999999,-1.0460246499999997,0.0001000107981889525,6.297001867269613,True
2.511546599999999,-0.9689587499999996,3.9309860206684637e-05,8.626222356338472,True
2.511546599999999,-0.8918928499999996,9.889735309306366e-05,6.324927704193974,True
2.511546599999999,-0.8148269499999996,8.668617516434333e-05,6.6536517730466995,True
2.511546599999999,-0.7377610499999996,4.533577209639396e-05,8.270477242938579,True
2.511546599999999,-0.6606951499999996,2.9737765779844945e-05,9.322286476872728,True
2.511546599999999,-0.5836292499999995,6.529887477071708e-05,7.36034686648487,True
2.511546599999999,-0.5065633499999995,1.7989826053717592e-05,10.575969671330622,True
2.511546599999999,-0.4294974499999995,9.613620872658422e-06,12.13898582293616,True
2.511546599999999,-0.3524315499999995,2.0255952871585694e-05,10.280035479936377,True
2.511546599999999,-0.27536564999999946,0.00016673479074506313,5.022079691332651,True
2.511546599999999,-0.19829974999999966,0.00021526214811741175,4.384895589909735,True
2.511546599999999,-0.12123384999999987,5.255531073419865e-05,7.90188939690314,True
2.511546599999999,-0.044167949999999845,7.37524390970272e-05,7.056687901751289,True
2.511546599999999,0.032897950000000176,1.9089774843442114e-05,10.427939483576248,True
2.511546599999999,0.1099638500000002,1.0691163651293119e-05,11.873995652523638,True
2.511546599999999,0.18702975000000022,9.551383417296782e-06,12.155186377049308,True
2.511546599999999,0.26409565000000024,1.523854593870081e-05,10.989975642876027,True
2.511546599999999,0.34116155000000026,0.0001132702637862937,5.986460390112404,True
2.511546599999999,0.4182274500000003,9.498213603715625e-05,6.425683133611438,True
2.511546599999999,0.4952933500000003,9.884179765385333e-05,6.326329288957385,True
2.511546599999999,0.5723592500000003,9.772668540354636e-05,6.354629833691828,True
2.511546599999999,0.6494251500000003,7.714774196750484e-05,6.944422095264021,True
2.511546599999999,0.7264910500000004,4.65406471016185e-05,8.2050515594406,True
2.511546599999999,0.8035569500000004,6.440027665109749e-05,7.394910608537561,True
2.511546599999999,0.8806228500000004,0.00021655062958684753,4.370009884771183,True
2.511546599999999,0.9576887500000004,0.00017137816918278437,4.953564795282179,True
2.511546599999999,1.0347546500000004,0.00013242906948976387,5.596668822330635,True
2.511546599999999,1.1118205500000005,0.00017251794941678072,4.937030683376816,True
2.511546599999999,1.1888864500000005,0.00016192948481729905,5.09502291041606,True
2.511546599999999,1.2659523500000005,5.497127325469713e-05,7.7897823590969235,True
2.511546599999999,1.3430182500000005,0.00016531073084725633,5.043475008440527,True
2.511546599999999,1.4200841500000005,0.00019541014239794486,4.6262376709910855,True
2.511546599999999,1.4971500500000006,0.0001129500957287935,5.993520834526863,True
2.511546599999999,1.5742159500000006,0.00011679574227566336,5.910009059559792,True
2.511546599999999,1.6512818500000006,0.00016529949651369153,5.043644526692719,True
2.511546599999999,1.7283477500000006,0.0001251679695972295,5.737326046715971,True
2.511546599999999,1.8054136500000006,0.00011297193424374508,5.993038609265027,True
2.511546599999999,1.8824795500000007,0.00018580101814844236,4.752013052772958,True
2.511546599999999,1.9595454500000007,0.00016182399806744297,5.096648342819,True
2.511546599999999,2.0366113500000007,8.323313146165997e-05,6.755043980276933,True
2.511546599999999,2.1136772500000007,4.647553840682591e-05,8.208543492985797,True
2.511546599999999,2.1907431500000007,0.00010224767685858899,6.241827311822154,True
2.511546599999999,2.2678090500000008,4.148450142095949e-05,8.491915895448138,True
2.511546599999999,2.344874950000001,3.9192025541419504e-05,8.63371057891506,True
2.511546599999999,2.421940850000001,8.315400769704019e-05,6.757416296921271,True
2.511546599999999,2.499006750000001,2.017290694173043e-05,10.290282861441025,True
2.511546599999999,2.576072650000001,9.53451103160302e-06,12.159596488099025,True
2.511546599999999,2.653138550000001,1.1386944992808323e-06,17.460155021426715,False
2.511546599999999,2.730204450000001,1.1442977424988366e-06,17.44791107710606,False
2.511546599999999,2.807270350000001,1.0659148690363484e-05,11.881476219302694,True
2.511546599999999,2.884336250000001,1.7880410176843857e-05,10.591186806235214,True
2.511546599999999,2.961402150000001,2.2689423630414932e-06,15.740479606802767,True
2.511546599999999,3.038468050000001,5.617166782392568e-09,30.70960948228901,False
2.511546599999999,3.115533950000001,0.0,,False
2.511546599999999,3.192599850000001,0.0,,False
2.511546599999999,3.269665750000001,0.0,,False
2.511546599999999,3.346731650000001,0.0,,False
2.511546599999999,3.423797550000001,0.0,,False
2.511546599999999,3.5008634500000007,0.0,,False
2.511546599999999,3.5779293500000002,0.0,,False
2.511546599999999,3.6549952500000003,0.0,,False
2.511546599999999,3.7320611500000003,0.0,,False
2.511546599999999,3.80912705,0.0,,False
2.5943197999999987,-3.82039705,0.0,,False
2.5943197999999987,-3.74333115,0.0,,False
2.5943197999999987,-3.66626525,0.0,,False
2.5943197999999987,-3.58919935,0.0,,False
2.5943197999999987,-3.51213345,0.0,,False
2.5943197999999987,-3.43506755,0.0,,False
2.5943197999999987,-3.35800165,0.0,,False
2.5943197999999987,-3.28093575,0.0,,False
2.5943197999999987,-3.20386985,0.0,,False
2.5943197999999987,-3.1268039499999998,0.0,,False
2.5943197999999987,-3.0497380499999998,0.0,,False
2.5943197999999987,-2.9726721499999997,2.808583391196284e-09,32.438553378750335,False
2.5943197999999987,-2.8956062499999997,1.1330634089340514e-06,17.47252066635034,False
2.5943197999999987,-2.8185403499999997,8.372269092259306e-06,12.48384309555034,True
2.5943197999999987,-2.7414744499999997,1.1330634089340514e-06,17.47252066635034,False
2.5943197999999987,-2.6644085499999997,2.808583391196284e-09,32.438553378750335,False
2.5943197999999987,-2.5873426499999996,0.0,,False
2.5943197999999987,-2.5102767499999996,0.0,,False
2.5943197999999987,-2.4332108499999996,2.815545173390561e-09,32.43237818129086,False
2.5943197999999987,-2.3561449499999996,1.1773775527973962e-06,17.37682634069578,False
2.5943197999999987,-2.2790790499999996,2.5137560057013993e-05,9.741471755538887,True
2.5943197999999987,-2.2020131499999995,0.00012486221095020183,5.743426638498609,True
2.5943197999999987,-2.1249472499999995,1.6770922055101464e-05,10.75097203682851,True
2.5943197999999987,-2.04788135,8.460897379985994e-06,12.457576971618222,True
2.5943197999999987,-1.97081545,7.139486844625903e-05,7.137724157092293,True
2.5943197999999987,-1.89374955,7.974359009845545e-05,6.8618743148149814,True
2.5943197999999987,-1.8166836499999999,1.7966236842961547e-05,10.579242526421378,True
2.5943197999999987,-1.7396177499999999,2.743006378368275e-05,9.523774631365223,True
2.5943197999999987,-1.6625518499999998,0.0001951032701690729,4.630157861363866,True
2.5943197999999987,-1.5854859499999998,3.4674886633790394e-05,8.939161318250264,True
2.5943197999999987,-1.5084200499999998,1.1886471477371004e-05,11.609637323224376,True
2.5943197999999987,-1.4313541499999998,8.088791568808306e-05,6.826334786316339,True
2.5943197999999987,-1.3542882499999997,2.744973082920332e-05,9.521986859494637,True
2.5943197999999987,-1.2772223499999997,6.963330884341784e-06,12.943467447452573,True
2.5943197999999987,-1.2001564499999997,4.529990458805079e-05,8.272451426287542,True
2.5943197999999987,-1.1230905499999997,9.615001602862894e-05,6.3952003018826975,True
2.5943197999999987,-1.0460246499999997,5.7172298339554844e-05,7.691857756284732,True
2.5943197999999987,-0.9689587499999996,9.504501060647807e-05,6.424032522260714,True
2.5943197999999987,-0.8918928499999996,4.3812956197357764e-05,8.355700853846688,True
2.5943197999999987,-0.8148269499999996,6.21330501749495e-05,7.484307392884171,True
2.5943197999999987,-0.7377610499999996,8.894667089186466e-05,6.5894410782463435,True
2.5943197999999987,-0.6606951499999996,0.00015840856560712507,5.149856977238164,True
2.5943197999999987,-0.5836292499999995,3.0834905986178274e-05,9.2319177141447,True
2.5943197999999987,-0.5065633499999995,2.7479995094328493e-05,9.51923828077218,True
2.5943197999999987,-0.4294974499999995,7.482325112703522e-05,7.020732972352208,True
2.5943197999999987,-0.3524315499999995,4.5300962475637516e-05,8.272393176733784,True
2.5943197999999987,-0.27536564999999946,0.00015457354412698856,5.210987126886215,True
2.5943197999999987,-0.19829974999999966,0.00010603666830796867,6.1510660876215475,True
2.5943197999999987,-0.12123384999999987,2.254282550790768e-05,10.01322070773519,True
2.5943197999999987,-0.044167949999999845,8.817981949475208e-05,6.611039193009644,True
2.5943197999999987,0.032897950000000176,9.04206969092282e-05,6.548443620545037,True
2.5943197999999987,0.1099638500000002,7.977837187208312e-05,6.860786595891673,True
2.5943197999999987,0.18702975000000022,1.0747818748783337e-05,11.860812439497526,True
2.5943197999999987,0.26409565000000024,3.468892258896418e-05,8.938151845781833,True
2.5943197999999987,0.34116155000000026,0.00020697288318431454,4.482845264312411,True
2.5943197999999987,0.4182274500000003,0.00012278402203766067,5.785291429514309,True
2.5943197999999987,0.4952933500000003,9.389620231725893e-05,6.454365262707574,True
2.5943197999999987,0.5723592500000003,0.00010003430385832221,6.296415688428389,True
2.5943197999999987,0.6494251500000003,7.276411303140102e-05,7.090339491197609,True
2.5943197999999987,0.7264910500000004,0.0002867322320866194,3.669788085929458,True
2.5943197999999987,0.8035569500000004,0.0001937381000631097,4.64767251384577,True
2.5943197999999987,0.8806228500000004,0.00015151318539573044,5.260867276055772,True
2.5943197999999987,0.9576887500000004,7.237883627910821e-05,7.10358178795516,True
2.5943197999999987,1.0347546500000004,0.00023440921517230425,4.172348512542782,True
2.5943197999999987,1.1118205500000005,0.00014028590709618495,5.4529067178818265,True
2.5943197999999987,1.1888864500000005,0.00020496820086961077,4.507122504515643,True
2.5943197999999987,1.2659523500000005,0.00018666099445643756,4.740494691174878,True
2.5943197999999987,1.3430182500000005,0.00023570320246380443,4.158617112481257,True
2.5943197999999987,1.4200841500000005,0.00041784360676762696,2.730523801441563,True
2.5943197999999987,1.4971500500000006,0.00021167406567916387,4.426822714504138,True
2.5943197999999987,1.5742159500000006,0.00018336276650920676,4.784962731608721,True
2.5943197999999987,1.6512818500000006,0.00016207980451847834,5.092708481169104,True
2.5943197999999987,1.7283477500000006,0.0002485073437630485,4.026669083617947,True
2.5943197999999987,1.8054136500000006,0.00016927189443633123,4.984410700257574,True
2.5943197999999987,1.8824795500000007,0.00029013531663152825,3.640358299974506,True
2.5943197999999987,1.9595454500000007,0.0001239765560892583,5.761182172530142,True
2.5943197999999987,2.0366113500000007,3.8227785995983046e-05,8.695846211166696,True
2.5943197999999987,2.1136772500000007,0.00017024056738000124,4.970177319620524,True
2.5943197999999987,2.1907431500000007,0.0003167911959644226,3.4211172804276773,True
2.5943197999999987,2.2678090500000008,0.0002560998042759548,3.951602378191721,True
2.5943197999999987,2.344874950000001,0.00022984322372696268,4.2214144768627815,True
2.5943197999999987,2.421940850000001,0.00016685369722147937,5.020301494187244,True
2.5943197999999987,2.499006750000001,9.659468684398123e-05,6.383691174910456,True
2.5943197999999987,2.576072650000001,7.141844373345067e-05,7.136900637871911,True
2.5943197999999987,2.653138550000001,8.398659924624354e-06,12.475992876756152,True
2.5943197999999987,2.730204450000001,1.1773914763617847e-06,17.37679684303698,False
2.5943197999999987,2.807270350000001,1.677090813153708e-05,10.750974107680726,True
2.5943197999999987,2.884336250000001,6.304054355084459e-05,7.448139451745428,True
2.5943197999999987,2.961402150000001,8.380701804215088e-06,12.481332013497628,True
2.5943197999999987,3.038468050000001,2.0766703800462783e-08,27.448202854213406,False
2.5943197999999987,3.115533950000001,0.0,,False
2.5943197999999987,3.192599850000001,0.0,,False
2.5943197999999987,3.269665750000001,0.0,,False
2.5943197999999987,3.346731650000001,0.0,,False
2.5943197999999987,3.423797550000001,0.0,,False
2.5943197999999987,3.5008634500000007,0.0,,False
2.5943197999999987,3.5779293500000002,0.0,,False
2.5943197999999987,3.6549952500000003,0.0,,False
2.5943197999999987,3.7320611500000003,0.0,,False
2.5943197999999987,3.80912705,0.0,,False
2.677092999999999,-3.82039705,0.0,,False
2.677092999999999,-3.74333115,0.0,,False
2.677092999999999,-3.66626525,0.0,,False
2.677092999999999,-3.58919935,0.0,,False
2.677092999999999,-3.51213345,0.0,,False
2.677092999999999,-3.43506755,0.0,,False
2.677092999999999,-3.35800165,0.0,,False
2.677092999999999,-3.28093575,0.0,,False
2.677092999999999,-3.20386985,0.0,,False
2.677092999999999,-3.1268039499999998,0.0,,False
2.677092999999999,-3.0497380499999998,0.0,,False
2.677092999999999,-2.9726721499999997,2.075278023607423e-08,27.449875807950338,False
2.677092999999999,-2.8956062499999997,8.372269092259306e-06,12.48384309555034,True
2.677092999999999,-2.8185403499999997,6.186316599804719e-05,7.495165524750339,True
2.677092999999999,-2.7414744499999997,8.372269092259306e-06,12.48384309555034,True
2.677092999999999,-2.6644085499999997,2.075278023607423e-08,27.449875807950338,False
2.677092999999999,-2.5873426499999996,0.0,,False
2.677092999999999,-2.5102767499999996,0.0,,False
2.677092999999999,-2.4332108499999996,2.0759742018268505e-08,27.44903919082556,False
2.677092999999999,-2.3561449499999996,8.380694842432894e-06,12.48133408552584,True
2.677092999999999,-2.2790790499999996,6.415004559615137e-05,7.404621386435125,True
2.677092999999999,-2.2020131499999995,2.5122438367124695e-05,9.742972695447857,True
2.677092999999999,-2.1249472499999995,3.4283757189940117e-06,14.710884416798642,True
2.677092999999999,-2.04788135,9.576016592075168e-06,12.148761717430515,True
2.677092999999999,-1.97081545,1.903703494940518e-05,10.434840205029454,True
2.677092999999999,-1.89374955,7.974359706023763e-05,6.861874097053998,True
2.677092999999999,-1.8166836499999999,7.140329419643259e-05,7.1374298021077545,True
2.677092999999999,-1.7396177499999999,2.0190865062139693e-05,10.288063364254244,True
2.677092999999999,-1.6625518499999998,8.814502379756001e-05,6.612023651655145,True
2.677092999999999,-1.5854859499999998,2.1321126849464744e-05,10.152201283961153,True
2.677092999999999,-1.5084200499999998,1.0705199606466907e-05,11.870723093352682,True
2.677092999999999,-1.4313541499999998,2.0202120281051064e-05,10.286673304591316,True
2.677092999999999,-1.3542882499999997,8.216902233314985e-05,6.787138910487711,True
2.677092999999999,-1.2772223499999997,6.0977525060668076e-05,7.531132870714625,True
2.677092999999999,-1.2001564499999997,0.00026162493629473067,3.898361444388389,True
2.677092999999999,-1.1230905499999997,0.00014912924479794379,5.3004257650239115,True
2.677092999999999,-1.0460246499999997,0.0002511502798123427,4.0002812569653505,True
2.677092999999999,-0.9689587499999996,0.0002572385126988,3.9405362677957014,True
2.677092999999999,-0.8918928499999996,0.00020258985655325991,4.536234743656118,True
2.677092999999999,-0.8148269499999996,0.0003319528800673062,3.3045065373841593,True
2.677092999999999,-0.7377610499999996,0.00010392479728007974,6.201245766615187,True
2.677092999999999,-0.6606951499999996,0.00021541304170762883,4.383147730925332,True
2.677092999999999,-0.5836292499999995,4.647552448326152e-05,8.208544240262604,True
2.677092999999999,-0.5065633499999995,0.00014174530873309283,5.427092025083895,True
2.677092999999999,-0.4294974499999995,0.0001048924192979452,6.178128952364199,True
2.677092999999999,-0.3524315499999995,0.00013782792020775443,5.496998101122889,True
2.677092999999999,-0.27536564999999946,5.1505244522644505e-05,7.952231426690935,True
2.677092999999999,-0.19829974999999966,1.4178961280475378e-05,11.169739817728455,True
2.677092999999999,-0.12123384999999987,1.906234700883692e-05,10.431525880354194,True
2.677092999999999,-0.044167949999999845,8.318710839268532e-05,6.756423585654183,True
2.677092999999999,0.032897950000000176,0.00010599906402738542,6.151950823562101,True
2.677092999999999,0.1099638500000002,8.207197525703176e-05,6.790086631430653,True
2.677092999999999,0.18702975000000022,1.7926454131165088e-05,10.584771875097372,True
2.677092999999999,0.26409565000000024,6.762275634435531e-05,7.273120452096123,True
2.677092999999999,0.34116155000000026,6.81695871313922e-05,7.253031121883735,True
2.677092999999999,0.4182274500000003,0.00014016863935817546,5.4549926564978195,True
2.677092999999999,0.4952933500000003,5.2622100506973755e-05,7.898721485825496,True
2.677092999999999,0.5723592500000003,0.00015357235133849344,5.227195830805349,True
2.677092999999999,0.6494251500000003,0.0001820053237975648,4.803497122944418,True
2.677092999999999,0.7264910500000004,0.00021221696677030047,4.420433431008942,True
2.677092999999999,0.8035569500000004,0.00021168639270922638,4.426677458665558,True
2.677092999999999,0.8806228500000004,0.0003822561347477214,2.9525606666868005,True
2.677092999999999,0.9576887500000004,0.00016436671196371128,5.05775993695162,True
2.677092999999999,1.0347546500000004,0.00024184084089166533,4.0944965655025385,True
2.677092999999999,1.1118205500000005,0.00014878159321158083,5.306247380881197,True
2.677092999999999,1.1888864500000005,0.0003310078241815209,3.311617942726612,True
2.677092999999999,1.2659523500000005,0.00023687672746918826,4.146229049561467,True
2.677092999999999,1.3430182500000005,0.00030716596034111845,3.498079305674704,True
2.677092999999999,1.4200841500000005,0.00046422994934679077,2.467937788494518,True
2.677092999999999,1.4971500500000006,0.00016893659772715953,4.989356429768715,True
2.677092999999999,1.5742159500000006,0.00023251047518999405,4.192635199892414,True
2.677092999999999,1.6512818500000006,0.00033667312034084466,3.2692878232289773,True
2.677092999999999,1.7283477500000006,0.0003025344811980509,3.535975621600498,True
2.677092999999999,1.8054136500000006,0.0003104092136999589,3.4718805614407917,True
2.677092999999999,1.8824795500000007,9.79062045204819e-05,6.350052059249587,True
2.677092999999999,1.9595454500000007,8.673049626998888e-05,6.652376787725897,True
2.677092999999999,2.0366113500000007,2.9774221669672947e-05,9.319230509319778,True
2.677092999999999,2.1136772500000007,0.00010224099484243767,6.241990325371199,True
2.677092999999999,2.1907431500000007,0.00019030127770859552,4.6923180822753325,True
2.677092999999999,2.2678090500000008,0.00012959475736845625,5.650633459788335,True
2.677092999999999,2.344874950000001,4.3785423936019646e-05,8.35726880041059,True
2.677092999999999,2.421940850000001,4.8780355239992774e-05,8.087813612476843,True
2.677092999999999,2.499006750000001,9.266775898662493e-05,6.487214030590919,True
2.677092999999999,2.576072650000001,2.0175743372250402e-05,10.289932167248546,True
2.677092999999999,2.653138550000001,1.185803302970985e-06,17.35903949678154,False
2.677092999999999,2.730204450000001,8.380701804215088e-06,12.481332013497628,True
2.677092999999999,2.807270350000001,6.41292928159153e-05,7.4054284449332455,True
2.677092999999999,2.884336250000001,2.5116807276777915e-05,9.743531853808411,True
2.677092999999999,2.961402150000001,2.286879598104177e-06,15.720838026120978,True
2.677092999999999,3.038468050000001,5.617166782392568e-09,30.70960948228901,False
2.677092999999999,3.115533950000001,0.0,,False
2.677092999999999,3.192599850000001,0.0,,False
2.677092999999999,3.269665750000001,0.0,,False
2.677092999999999,3.346731650000001,0.0,,False
2.677092999999999,3.423797550000001,0.0,,False
2.677092999999999,3.5008634500000007,0.0,,False
2.677092999999999,3.5779293500000002,0.0,,False
2.677092999999999,3.6549952500000003,0.0,,False
2.677092999999999,3.7320611500000003,0.0,,False
2.677092999999999,3.80912705,0.0,,False
2.759866199999999,-3.82039705,0.0,,False
2.759866199999999,-3.74333115,0.0,,False
2.759866199999999,-3.66626525,0.0,,False
2.759866199999999,-3.58919935,0.0,,False
2.759866199999999,-3.51213345,0.0,,False
2.759866199999999,-3.43506755,0.0,,False
2.759866199999999,-3.35800165,0.0,,False
2.759866199999999,-3.28093575,0.0,,False
2.759866199999999,-3.20386985,0.0,,False
2.759866199999999,-3.1268039499999998,0.0,,False
2.759866199999999,-3.0497380499999998,0.0,,False
2.759866199999999,-2.9726721499999997,2.808583391196284e-09,32.438553378750335,False
2.759866199999999,-2.8956062499999997,1.1330634089340514e-06,17.47252066635034,False
2.759866199999999,-2.8185403499999997,8.372269092259306e-06,12.48384309555034,True
2.759866199999999,-2.7414744499999997,1.1330634089340514e-06,17.47252066635034,False
2.759866199999999,-2.6644085499999997,2.808583391196284e-09,32.438553378750335,False
2.759866199999999,-2.5873426499999996,0.0,,False
2.759866199999999,-2.5102767499999996,0.0,,False
2.759866199999999,-2.4332108499999996,5.624128564586845e-09,30.70651997257919,False
2.759866199999999,-2.3561449499999996,2.2689493248236876e-06,15.740471953449827,True
2.759866199999999,-2.2790790499999996,1.677090813153708e-05,10.750974107680726,True
2.759866199999999,-2.2020131499999995,2.3368109087499143e-06,15.666963119764242,True
2.759866199999999,-2.1249472499999995,1.0649644167256582e-05,11.883701357287084,True
2.759866199999999,-2.04788135,7.861334919647698e-05,6.8974806053094335,True
2.759866199999999,-1.97081545,1.1800637849471121e-05,11.627714588905718,True
2.759866199999999,-1.89374955,9.578825175466365e-06,12.148030251347954,True
2.759866199999999,-1.8166836499999999,1.0646849507429775e-05,11.884356002933874,True
2.759866199999999,-1.7396177499999999,1.0673205530883853e-05,11.87818895646979,True
2.759866199999999,-1.6625518499999998,1.9096484706722206e-05,10.427062902701678,True
2.759866199999999,-1.5854859499999998,7.975201584862903e-05,6.861610775573899,True
2.759866199999999,-1.5084200499999998,7.142687644540646e-05,7.136606136932076,True
2.759866199999999,-1.4313541499999998,2.8630995738325227e-05,9.416891546486559,True
2.759866199999999,-1.3542882499999997,0.00016902730839529629,4.988017451616803,True
2.759866199999999,-1.2772223499999997,0.00017471056963681142,4.905528603039068,True
2.759866199999999,-1.2001564499999997,8.122498952604043e-05,6.8159620456872725,True
2.759866199999999,-1.1230905499999997,0.0001748076236747117,4.904143349499373,True
2.759866199999999,-1.0460246499999997,0.0002499387436763134,4.012342935912586,True
2.759866199999999,-0.9689587499999996,0.00018815297163242813,4.720636753479781,True
2.759866199999999,-0.8918928499999996,0.00010796574772086058,6.10609549311923,True
2.759866199999999,-0.8148269499999996,0.00010285963722576506,6.226942996114301,True
2.759866199999999,-0.7377610499999996,0.00020762252310655777,4.475028374128909,True
2.759866199999999,-0.6606951499999996,0.00012172728773351958,5.806851739131738,True
2.759866199999999,-0.5836292499999995,3.319525737320887e-05,9.047936143368345,True
2.759866199999999,-0.5065633499999995,9.04930968870035e-05,6.546447199172424,True
2.759866199999999,-0.4294974499999995,3.088764588021521e-05,9.227655051915997,True
2.759866199999999,-0.3524315499999995,3.9218395488437975e-05,8.632032853346624,True
2.759866199999999,-0.27536564999999946,0.00015120353243059607,5.265970262609596,True
2.759866199999999,-0.19829974999999966,2.8556431252901102e-05,9.423396094887826,True
2.759866199999999,-0.12123384999999987,6.311968820081096e-05,7.4450098824156274,True
2.759866199999999,-0.044167949999999845,3.467770914074598e-05,8.938958289409118,True
2.759866199999999,0.032897950000000176,0.0001355713048747754,5.538175181827878,True
2.759866199999999,0.1099638500000002,3.4683326307528374e-05,8.938554283992838,True
2.759866199999999,0.18702975000000022,4.670848043019604e-06,13.939500042134686,True
2.759866199999999,0.26409565000000024,3.4673807860857086e-05,8.939238921013748,True
2.759866199999999,0.34116155000000026,0.00013898846714555124,5.476083051782181,True
2.759866199999999,0.4182274500000003,6.093492680369822e-05,7.532875998463263,True
2.759866199999999,0.4952933500000003,8.064507892870497e-05,6.833834400932907,True
2.759866199999999,0.5723592500000003,7.16742919551792e-05,7.127980928291664,True
2.759866199999999,0.6494251500000003,0.0001769812626956574,4.873318833294527,True
2.759866199999999,0.7264910500000004,0.0001905246060854989,4.68939256318667,True
2.759866199999999,0.8035569500000004,9.984088021480963e-05,6.301243343736086,True
2.759866199999999,0.8806228500000004,0.00035718872666324464,3.121743199505026,True
2.759866199999999,0.9576887500000004,0.0002792233084638996,3.7359802060351526,True
2.759866199999999,1.0347546500000004,0.00016449012202506566,5.055887836480048,True
2.759866199999999,1.1118205500000005,0.00016167490249135812,5.098947546333136,True
2.759866199999999,1.1888864500000005,0.0003487984924887939,3.181033428343921,True
2.759866199999999,1.2659523500000005,0.00028537658738910974,3.681609066001188,True
2.759866199999999,1.3430182500000005,0.00029263931962715127,3.6189233580999005,True
2.759866199999999,1.4200841500000005,0.00018963160424731513,4.7011111838846675,True
2.759866199999999,1.4971500500000006,0.00014949632094327008,5.294293585916156,True
2.759866199999999,1.5742159500000006,0.00042132647307646225,2.709818824918312,True
2.759866199999999,1.6512818500000006,0.00032615478682855353,3.348459172446484,True
2.759866199999999,1.7283477500000006,0.00022707581831457987,4.251629593449673,True
2.759866199999999,1.8054136500000006,0.00023848258233629755,4.129376276370452,True
2.759866199999999,1.8824795500000007,0.00016151223487476977,5.101458464204156,True
2.759866199999999,1.9595454500000007,0.00010500632483619266,6.175421751509001,True
2.759866199999999,2.0366113500000007,8.322194586057055e-05,6.755379214012379,True
2.759866199999999,2.1136772500000007,3.7017370403580266e-05,8.776102460665516,True
2.759866199999999,2.1907431500000007,0.000100034331705451,6.296414994064944,True
2.759866199999999,2.2678090500000008,0.00015132027439936348,5.264045164296929,True
2.759866199999999,2.344874950000001,3.938053733578425e-05,8.621741688880562,True
2.759866199999999,2.421940850000001,0.00016689696740132038,5.019654721012692,True
2.759866199999999,2.499006750000001,0.00015343940890690338,5.2293560313383916,True
2.759866199999999,2.576072650000001,2.6367712312759287e-05,9.62229948454268,True
2.759866199999999,2.653138550000001,1.1886258099265698e-06,17.353109404491832,False
2.759866199999999,2.730204450000001,1.1566595814722934e-06,17.421109266608088,False
2.759866199999999,2.807270350000001,1.6750155351301004e-05,10.754062581964225,True
2.759866199999999,2.884336250000001,6.303773496745339e-05,7.448250582045876,True
2.759866199999999,2.961402150000001,8.380694842432894e-06,12.48133408552584,True
2.759866199999999,3.038468050000001,2.0766703800462783e-08,27.448202854213406,False
2.759866199999999,3.115533950000001,0.0,,False
2.759866199999999,3.192599850000001,0.0,,False
2.759866199999999,3.269665750000001,0.0,,False
2.759866199999999,3.346731650000001,0.0,,False
2.759866199999999,3.423797550000001,0.0,,False
2.759866199999999,3.5008634500000007,0.0,,False
2.759866199999999,3.5779293500000002,0.0,,False
2.759866199999999,3.6549952500000003,0.0,,False
2.759866199999999,3.7320611500000003,0.0,,False
2.759866199999999,3.80912705,0.0,,False
2.842639399999999,-3.82039705,0.0,,False
2.842639399999999,-3.74333115,0.0,,False
2.842639399999999,-3.66626525,0.0,,False
2.842639399999999,-3.58919935,0.0,,False
2.842639399999999,-3.51213345,0.0,,False
2.842639399999999,-3.43506755,0.0,,False
2.842639399999999,-3.35800165,0.0,,False
2.842639399999999,-3.28093575,0.0,,False
2.842639399999999,-3.20386985,0.0,,False
2.842639399999999,-3.1268039499999998,0.0,,False
2.842639399999999,-3.0497380499999998,0.0,,False
2.842639399999999,-2.9726721499999997,6.961782194276772e-12,47.404586091150335,False
2.842639399999999,-2.8956062499999997,2.808583391196284e-09,32.438553378750335,False
2.842639399999999,-2.8185403499999997,2.075278023607423e-08,27.449875807950338,False
2.842639399999999,-2.7414744499999997,2.808583391196284e-09,32.438553378750335,False
2.842639399999999,-2.6644085499999997,6.961782194276772e-12,47.404586091150335,False
2.842639399999999,-2.5873426499999996,0.0,,False
2.842639399999999,-2.5102767499999996,0.0,,False
2.842639399999999,-2.4332108499999996,2.356832540946479e-08,27.13253744240358,False
2.842639399999999,-2.3561449499999996,9.508141084584553e-06,12.16650473000358,True
2.842639399999999,-2.2790790499999996,7.025618787054257e-05,7.177827159203579,True
2.842639399999999,-2.2020131499999995,9.552455228447899e-06,12.154906489831117,True
2.842639399999999,-2.1249472499999995,1.7901169918862126e-05,10.588292477065703,True
2.842639399999999,-2.04788135,0.00013210141663352708,5.602847903293184,True
2.842639399999999,-1.97081545,1.90134805475601e-05,10.437928345351674,True
2.842639399999999,-1.89374955,8.460897379985996e-06,12.457576971618222,True
2.842639399999999,-1.8166836499999999,9.528907788385017e-06,12.161062792482005,True
2.842639399999999,-1.7396177499999999,6.189797561880363e-05,7.4937623866035326,True
2.842639399999999,-1.6625518499999998,1.7924738244271592e-05,10.585010640000265,True
2.842639399999999,-1.5854859499999998,7.142124535505968e-05,7.136802791209169,True
2.842639399999999,-1.5084200499999998,1.90841855237885e-05,10.428669911164137,True
2.842639399999999,-1.4313541499999998,2.8636633790454202e-05,9.416400406473937,True
2.842639399999999,-1.3542882499999997,0.00016907163646272402,4.987363387354361,True
2.842639399999999,-1.2772223499999997,0.00023434239755240033,4.173059617432788,True
2.842639399999999,-1.2001564499999997,0.00013468003980883172,5.554627459498614,True
2.842639399999999,-1.1230905499999997,0.0001045683012280807,6.1858484036861325,True
2.842639399999999,-1.0460246499999997,5.10813264875283e-05,7.972846234362482,True
2.842639399999999,-0.9689587499999996,4.7732053647807486e-05,8.142001922336732,True
2.842639399999999,-0.8918928499999996,4.154851741925437e-05,8.4880697720312,True
2.842639399999999,-0.8148269499999996,0.00020702738073593812,4.482188572182691,True
2.842639399999999,-0.7377610499999996,6.323975059864728e-05,7.4402698109407845,True
2.842639399999999,-0.6606951499999996,9.399046169533241e-05,6.451862532206962,True
2.842639399999999,-0.5836292499999995,0.0001105981213594611,6.046009174164729,True
2.842639399999999,-0.5065633499999995,0.00011672615088127925,5.911495725473076,True
2.842639399999999,-0.4294974499999995,8.441330367428417e-05,6.71992485650993,True
2.842639399999999,-0.3524315499999995,4.6511433762297865e-05,8.206617735436579,True
2.842639399999999,-0.27536564999999946,0.00021188260405078358,4.424366536014786,True
2.842639399999999,-0.19829974999999966,3.0811344622550996e-05,9.233824400290697,True
2.842639399999999,-0.12123384999999987,1.798589692669992e-05,10.57651451508302,True
2.842639399999999,-0.044167949999999845,1.4108291113157956e-05,11.182203078818736,True
2.842639399999999,0.032897950000000176,3.5798431596053166e-05,8.859620881547434,True
2.842639399999999,0.1099638500000002,7.597147103476955e-05,6.982746167994864,True
2.842639399999999,0.18702975000000022,3.580404876283556e-05,8.859229523121638,True
2.842639399999999,0.26409565000000024,8.326731789202061e-05,6.754019688261959,True
2.842639399999999,0.34116155000000026,0.00010491485315616379,6.177595532886223,True
2.842639399999999,0.4182274500000003,0.00014856446981406199,5.309890135739927,True
2.842639399999999,0.4952933500000003,0.00014909337728960062,5.301025757854777,True
2.842639399999999,0.5723592500000003,0.0002355612945892343,4.1601193106243635,True
2.842639399999999,0.6494251500000003,0.00013699327543038997,5.512148993951803,True
2.842639399999999,0.7264910500000004,0.0002501009203325707,4.010724970110715,True
2.842639399999999,0.8035569500000004,0.00022011703278586938,4.329264867922539,True
2.842639399999999,0.8806228500000004,0.0003596398778074329,3.1046846581485568,True
2.842639399999999,0.9576887500000004,0.00032274714996623124,3.3746569026267657,True
2.842639399999999,1.0347546500000004,0.0003427793461566222,3.22445346997095,True
2.842639399999999,1.1118205500000005,0.00033930720986633867,3.249848367288006,True
2.842639399999999,1.1888864500000005,0.00027155324587960314,3.8054565529423825,True
2.842639399999999,1.2659523500000005,0.00018012239135157946,4.829436666156718,True
2.842639399999999,1.3430182500000005,0.0003332908373086472,3.2944731524667588,True
2.842639399999999,1.4200841500000005,0.00032165508027209166,3.3831112321570362,True
2.842639399999999,1.4971500500000006,0.00017402187320575283,4.9153805367369285,True
2.842639399999999,1.5742159500000006,0.00048322552746819916,2.3679061595807043,True
2.842639399999999,1.6512818500000006,0.0003975659323172393,2.8546082467881018,True
2.842639399999999,1.7283477500000006,0.0002738440690971721,3.7845025707759956,True
2.842639399999999,1.8054136500000006,0.00038797139006481967,2.9155429175292555,True
2.842639399999999,1.8824795500000007,8.574948237269202e-05,6.680751181314567,True
2.842639399999999,1.9595454500000007,0.00010010506452880816,6.294651906583259,True
2.842639399999999,2.0366113500000007,9.045442775705132e-05,6.547513297338679,True
2.842639399999999,2.1136772500000007,7.379850393669501e-05,7.055130455657117,True
2.842639399999999,2.1907431500000007,3.928907261753759e-05,8.627541745526345,True
2.842639399999999,2.2678090500000008,0.00010956321164670721,6.069459563152659,True
2.842639399999999,2.344874950000001,6.997980183856105e-05,7.187659175840108,True
2.842639399999999,2.421940850000001,0.00023432726890072888,4.173220651889887,True
2.842639399999999,2.499006750000001,6.665233270488084e-05,7.309174905440505,True
2.842639399999999,2.576072650000001,8.211799832600642e-05,6.788688286251979,True
2.842639399999999,2.653138550000001,1.0652480597776555e-05,11.88303710254462,True
2.842639399999999,2.730204450000001,5.555543921032416e-08,24.993697408051816,False
2.842639399999999,2.807270350000001,2.2896881814953733e-06,15.71777653563224,True
2.842639399999999,2.884336250000001,1.6747353729692002e-05,10.754479818567745,True
2.842639399999999,2.961402150000001,2.266133779650297e-06,15.743569107027193,True
2.842639399999999,3.038468050000001,5.617166782392568e-09,30.70960948228901,False
2.842639399999999,3.115533950000001,0.0,,False
2.842639399999999,3.192599850000001,0.0,,False
2.842639399999999,3.269665750000001,0.0,,False
2.842639399999999,3.346731650000001,0.0,,False
2.842639399999999,3.423797550000001,0.0,,False
2.842639399999999,3.5008634500000007,0.0,,False
2.842639399999999,3.5779293500000002,0.0,,False
2.842639399999999,3.6549952500000003,0.0,,False
2.842639399999999,3.7320611500000003,0.0,,False
2.842639399999999,3.80912705,0.0,,False
2.925412599999999,-3.82039705,0.0,,False
2.925412599999999,-3.74333115,0.0,,False
2.925412599999999,-3.66626525,0.0,,False
2.925412599999999,-3.58919935,0.0,,False
2.925412599999999,-3.51213345,0.0,,False
2.925412599999999,-3.43506755,0.0,,False
2.925412599999999,-3.35800165,0.0,,False
2.925412599999999,-3.28093575,0.0,,False
2.925412599999999,-3.20386985,0.0,,False
2.925412599999999,-3.1268039499999998,0.0,,False
2.925412599999999,-3.0497380499999998,0.0,,False
2.925412599999999,-2.9726721499999997,0.0,,False
2.925412599999999,-2.8956062499999997,0.0,,False
2.925412599999999,-2.8185403499999997,0.0,,False
2.925412599999999,-2.7414744499999997,0.0,,False
2.925412599999999,-2.6644085499999997,0.0,,False
2.925412599999999,-2.5873426499999996,0.0,,False
2.925412599999999,-2.5102767499999996,0.0,,False
2.925412599999999,-2.4332108499999996,2.3561363627270515e-08,27.133274347052172,False
2.925412599999999,-2.3561449499999996,9.505332501193357e-06,12.167241634652175,True
2.925412599999999,-2.2790790499999996,7.02354350903065e-05,7.178564063852173,True
2.925412599999999,-2.2020131499999995,9.510956629757943e-06,12.165766217200835,True
2.925412599999999,-2.1249472499999995,2.2924967648865697e-06,15.714718798136275,True
2.925412599999999,-2.04788135,1.678604374499076e-05,10.748724001629533,True
2.925412599999999,-1.97081545,1.0641204493518604e-05,11.88567886480487,True
2.925412599999999,-1.89374955,6.187159871000298e-05,7.494825538804116,True
2.925412599999999,-1.8166836499999999,9.508141084584553e-06,12.16650473000358,True
2.925412599999999,-1.7396177499999999,9.531716371776212e-06,12.16032771072639,True
2.925412599999999,-1.6625518499999998,1.1779892031017242e-05,11.632103558383317,True
2.925412599999999,-1.5854859499999998,1.9081349093268526e-05,10.429040665497443,True
2.925412599999999,-1.5084200499999998,2.01813535772506e-05,10.289238670784533,True
2.925412599999999,-1.4313541499999998,7.479861795225684e-05,7.021554289238443,True
2.925412599999999,-1.3542882499999997,4.044959170820562e-05,8.554931244298416,True
2.925412599999999,-1.2772223499999997,8.113917678348714e-05,6.818598662827957,True
2.925412599999999,-1.2001564499999997,0.00028057055525836447,3.723974013617305,True
2.925412599999999,-1.1230905499999997,0.00012513601729233963,5.73796287136102,True
2.925412599999999,-1.0460246499999997,0.0001156929222465079,5.93367324473737,True
2.925412599999999,-0.9689587499999996,0.00020706883756393488,4.481689135724363,True
2.925412599999999,-0.8918928499999996,6.326724108929224e-05,7.439185750728622,True
2.925412599999999,-0.8148269499999996,0.0001534949573843315,5.228453188656383,True
2.925412599999999,-0.7377610499999996,4.8839832844438574e-05,8.084774132285284,True
2.925412599999999,-0.6606951499999996,0.00011678726083123221,5.910190199416107,True
2.925412599999999,-0.5836292499999995,0.000241564772620725,4.097345551328265,True
2.925412599999999,-0.5065633499999995,0.00023930705066768388,4.120767862811658,True
2.925412599999999,-0.4294974499999995,0.00010838302551051863,6.09647368246493,True
2.925412599999999,-0.3524315499999995,0.00010000512532791255,6.297143356377792,True
2.925412599999999,-0.27536564999999946,9.884850751713342e-05,6.326159966822784,True
2.925412599999999,-0.19829974999999966,2.973099326052511e-05,9.322854605683888,True
2.925412599999999,-0.12123384999999987,8.096811126385397e-05,6.823863022302368,True
2.925412599999999,-0.044167949999999845,8.8156265092907e-05,6.611705564371761,True
2.925412599999999,0.032897950000000176,8.213423359773998e-05,6.7881951877091575,True
2.925412599999999,0.1099638500000002,0.00010378567710355424,6.204587080095496,True
2.925412599999999,0.18702975000000022,0.00014615979035960367,5.350594069174156,True
2.925412599999999,0.26409565000000024,0.00010490079631564342,6.177929755072708,True
2.925412599999999,0.34116155000000026,2.3738126372203367e-05,9.884349179789739,True
2.925412599999999,0.4182274500000003,6.324924815997199e-05,7.43989523076613,True
2.925412599999999,0.4952933500000003,0.00030452792221740777,3.5195939939611787,True
2.925412599999999,0.5723592500000003,0.00025337099978984975,3.978322762967656,True
2.925412599999999,0.6494251500000003,9.075670589781665e-05,6.539191680729175,True
2.925412599999999,0.7264910500000004,0.0001832382915984835,4.786656576199134,True
2.925412599999999,0.8035569500000004,0.00026634514872114035,3.8537599680192955,True
2.925412599999999,0.8806228500000004,0.00032889870604276564,3.3275622404378753,True
2.925412599999999,0.9576887500000004,0.0003472812102151537,3.191907533716733,True
2.925412599999999,1.0347546500000004,0.00022736190436845237,4.248489028312634,True
2.925412599999999,1.1118205500000005,0.00019842297013773872,4.588073486972086,True
2.925412599999999,1.1888864500000005,0.00012882129912064887,5.665564982958694,True
2.925412599999999,1.2659523500000005,0.00025532429856567573,3.9591670410353834,True
2.925412599999999,1.3430182500000005,0.00018563292744970812,4.75427065568141,True
2.925412599999999,1.4200841500000005,0.00022364355523926135,4.289619495394852,True
2.925412599999999,1.4971500500000006,0.00016288879162824104,5.080289483658712,True
2.925412599999999,1.5742159500000006,0.0002464914480001266,4.046985718210958,True
2.925412599999999,1.6512818500000006,0.0004308816881558261,2.653881922405599,True
2.925412599999999,1.7283477500000006,0.00043650100301686817,2.6215624600825214,True
2.925412599999999,1.8054136500000006,0.00039073724582781665,2.8978238118243325,True
2.925412599999999,1.8824795500000007,0.0001605889687714608,5.115757974617631,True
2.925412599999999,1.9595454500000007,0.00016542462246193937,5.041757113572486,True
2.925412599999999,2.0366113500000007,4.9974626063830504e-05,8.027481237765608,True
2.925412599999999,2.1136772500000007,4.7687746465726334e-05,8.144318362541977,True
2.925412599999999,2.1907431500000007,0.00011177941411571179,6.019508547213848,True
2.925412599999999,2.2678090500000008,0.00024772364782737094,4.034547691873619,True
2.925412599999999,2.344874950000001,0.00025106899850185625,4.001088645832322,True
2.925412599999999,2.421940850000001,0.00025006714771405434,4.011061818293395,True
2.925412599999999,2.499006750000001,0.0001429967256147519,5.40516707277204,True
2.925412599999999,2.576072650000001,0.0001534601477635751,5.229018919514569,True
2.925412599999999,2.653138550000001,2.021723500915816e-05,10.284807799610597,True
2.925412599999999,2.730204450000001,8.445768728314507e-06,12.462041008757815,True
2.925412599999999,2.807270350000001,9.508155008148942e-06,12.166501077337832,True
2.925412599999999,2.884336250000001,6.188672736167447e-05,7.49421570536469,True
2.925412599999999,2.961402150000001,8.3750776756505e-06,12.483006478425555,True
2.925412599999999,3.038468050000001,2.0759742018268505e-08,27.44903919082556,False
2.925412599999999,3.115533950000001,0.0,,False
2.925412599999999,3.192599850000001,0.0,,False
2.925412599999999,3.269665750000001,0.0,,False
2.925412599999999,3.346731650000001,0.0,,False
2.925412599999999,3.423797550000001,0.0,,False
2.925412599999999,3.5008634500000007,0.0,,False
2.925412599999999,3.5779293500000002,0.0,,False
2.925412599999999,3.6549952500000003,0.0,,False
2.925412599999999,3.7320611500000003,0.0,,False
2.925412599999999,3.80912705,0.0,,False
3.0081857999999992,-3.82039705,0.0,,False
3.0081857999999992,-3.74333115,0.0,,False
3.0081857999999992,-3.66626525,0.0,,False
3.0081857999999992,-3.58919935,0.0,,False
3.0081857999999992,-3.51213345,0.0,,False
3.0081857999999992,-3.43506755,0.0,,False
3.0081857999999992,-3.35800165,0.0,,False
3.0081857999999992,-3.28093575,0.0,,False
3.0081857999999992,-3.20386985,0.0,,False
3.0081857999999992,-3.1268039499999998,0.0,,False
3.0081857999999992,-3.0497380499999998,0.0,,False
3.0081857999999992,-2.9726721499999997,0.0,,False
3.0081857999999992,-2.8956062499999997,0.0,,False
3.0081857999999992,-2.8185403499999997,0.0,,False
3.0081857999999992,-2.7414744499999997,0.0,,False
3.0081857999999992,-2.6644085499999997,0.0,,False
3.0081857999999992,-2.5873426499999996,0.0,,False
3.0081857999999992,-2.5102767499999996,0.0,,False
3.0081857999999992,-2.4332108499999996,2.815545173390561e-09,32.43237818129086,False
3.0081857999999992,-2.3561449499999996,1.1358719923252478e-06,17.46634546889086,False
3.0081857999999992,-2.2790790499999996,8.393021872495381e-06,12.477667898090859,True
3.0081857999999992,-2.2020131499999995,1.1358859158896364e-06,17.466314893373493,False
3.0081857999999992,-2.1249472499999995,8.432711955783129e-09,29.696182038738886,False
3.0081857999999992,-2.04788135,4.43280674277333e-08,25.55682774863271,False
3.0081857999999992,-1.97081545,1.1442977424988364e-06,17.44791107710606,False
3.0081857999999992,-1.89374955,8.41380249986023e-06,12.471499695212433,True
3.0081857999999992,-1.8166836499999999,1.1650505227349107e-06,17.40307950369513,False
3.0081857999999992,-1.7396177499999999,8.440165485096503e-06,12.463696396871859,True
3.0081857999999992,-1.6625518499999998,7.13976839914324e-05,7.1376257916886505,True
3.0081857999999992,-1.5854859499999998,8.702711688742623e-05,6.643860636797202,True
3.0081857999999992,-1.5084200499999998,8.094453597666229e-05,6.824589398587816,True
3.0081857999999992,-1.4313541499999998,8.82129410757438e-05,6.610102460177694,True
3.0081857999999992,-1.3542882499999997,9.775306927412921e-05,6.353956512690255,True
3.0081857999999992,-1.2772223499999997,0.00015581488894560546,5.191035667968331,True
3.0081857999999992,-1.2001564499999997,0.00013129880074065666,5.618049121937224,True
3.0081857999999992,-1.1230905499999997,0.00010341449200069277,6.213523968449098,True
3.0081857999999992,-1.0460246499999997,0.00016534381761933707,5.042975819062713,True
3.0081857999999992,-0.9689587499999996,0.00015134155294884165,5.2636944368080165,True
3.0081857999999992,-0.8918928499999996,0.00016643257384618996,5.026604933714342,True
3.0081857999999992,-0.8148269499999996,5.6077931907701735e-05,7.7400661458136275,True
3.0081857999999992,-0.7377610499999996,0.00016077846328795573,5.1128163972843925,True
3.0081857999999992,-0.6606951499999996,0.00016523725209654767,5.044583960303926,True
3.0081857999999992,-0.5836292499999995,0.0001334847041356251,5.576864475704403,True
3.0081857999999992,-0.5065633499999995,0.00010347219106220531,6.212132665648815,True
3.0081857999999992,-0.4294974499999995,4.8750104898431994e-05,8.089360915802168,True
3.0081857999999992,-0.3524315499999995,0.00015230914711957834,5.247797777672801,True
3.0081857999999992,-0.27536564999999946,3.8118397966238085e-05,8.702993942141623,True
3.0081857999999992,-0.19829974999999966,8.210956561405063e-05,6.78894444350124,True
3.0081857999999992,-0.12123384999999987,9.762962440386388e-05,6.35710841281955,True
3.0081857999999992,-0.044167949999999845,8.318709446912094e-05,6.756424003147833,True
3.0081857999999992,0.032897950000000176,3.578999888409738e-05,8.860208519534567,True
3.0081857999999992,0.1099638500000002,7.485632397555159e-05,7.019630685816667,True
3.0081857999999992,0.18702975000000022,4.414152215790281e-05,8.337064881089015,True
3.0081857999999992,0.26409565000000024,0.00013556569466977522,5.538278404567315,True
3.0081857999999992,0.34116155000000026,3.471249787615584e-05,8.936457218925872,True
3.0081857999999992,0.4182274500000003,8.440209022606598e-05,6.720256226039731,True
3.0081857999999992,0.4952933500000003,0.00017140000769773597,4.9532469649265325,True
3.0081857999999992,0.5723592500000003,9.786299699668064e-05,6.3511530925413755,True
3.0081857999999992,0.6494251500000003,0.0002639258727333552,3.876520162540535,True
3.0081857999999992,0.7264910500000004,6.564447878558098e-05,7.34718002025737,True
3.0081857999999992,0.8035569500000004,0.00015604157256048873,5.187409475139295,True
3.0081857999999992,0.8806228500000004,0.00040460373859798433,2.810839143459159,True
3.0081857999999992,0.9576887500000004,0.000229640323407472,4.223617394344933,True
3.0081857999999992,1.0347546500000004,0.0001371722966252122,5.508891549410033,True
3.0081857999999992,1.1118205500000005,0.00014773156877071985,5.323913562168218,True
3.0081857999999992,1.1888864500000005,0.00045356801295838274,2.52589319692372,True
3.0081857999999992,1.2659523500000005,0.00037284174180821225,3.014761615866672,True
3.0081857999999992,1.3430182500000005,0.00035469211100140754,3.1392389108085537,True
3.0081857999999992,1.4200841500000005,0.00040756479513327955,2.7926510197374688,True
3.0081857999999992,1.4971500500000006,0.000406972571429446,2.796278126055835,True
3.0081857999999992,1.5742159500000006,0.0001583885668769989,5.150171901858142,True
3.0081857999999992,1.6512818500000006,0.00021197590855385562,4.423268372180849,True
3.0081857999999992,1.7283477500000006,0.000262075425323284,3.8940701640463242,True
3.0081857999999992,1.8054136500000006,0.00041649021703713744,2.738616043086588,True
3.0081857999999992,1.8824795500000007,0.00036171424955035414,3.0903388605435147,True
3.0081857999999992,1.9595454500000007,0.00024304061057578517,4.082152772375301,True
3.0081857999999992,2.0366113500000007,0.00020834663831617684,4.46634412229284,True
3.0081857999999992,2.1136772500000007,0.0002344366708540382,4.172056374874743,True
3.0081857999999992,2.1907431500000007,0.00018702552539027648,4.735628238215623,True
3.0081857999999992,2.2678090500000008,0.00017978072342551542,4.834172584134297,True
3.0081857999999992,2.344874950000001,0.00011298314769196326,5.992791036706871,True
3.0081857999999992,2.421940850000001,8.841990195084892e-05,6.60425721910892,True
3.0081857999999992,2.499006750000001,0.00027217750553874034,3.7997290278390032,True
3.0081857999999992,2.576072650000001,0.00011555435568635327,5.936662529539423,True
3.0081857999999992,2.653138550000001,3.5864584254868085e-05,8.855015795156659,True
3.0081857999999992,2.730204450000001,6.416128689149835e-05,7.404184330743936,True
3.0081857999999992,2.807270350000001,9.510956629757943e-06,12.165766217200835,True
3.0081857999999992,2.884336250000001,8.39302187249538e-06,12.477667898090859,True
3.0081857999999992,2.961402150000001,1.1330634089340514e-06,17.47252066635034,False
3.0081857999999992,3.038468050000001,2.808583391196284e-09,32.438553378750335,False
3.0081857999999992,3.115533950000001,0.0,,False
3.0081857999999992,3.192599850000001,0.0,,False
3.0081857999999992,3.269665750000001,0.0,,False
3.0081857999999992,3.346731650000001,0.0,,False
3.0081857999999992,3.423797550000001,0.0,,False
3.0081857999999992,3.5008634500000007,0.0,,False
3.0081857999999992,3.5779293500000002,0.0,,False
3.0081857999999992,3.6549952500000003,0.0,,False
3.0081857999999992,3.7320611500000003,0.0,,False
3.0081857999999992,3.80912705,0.0,,False
3.0909589999999993,-3.82039705,0.0,,False
3.0909589999999993,-3.74333115,0.0,,False
3.0909589999999993,-3.66626525,0.0,,False
3.0909589999999993,-3.58919935,0.0,,False
3.0909589999999993,-3.51213345,0.0,,False
3.0909589999999993,-3.43506755,0.0,,False
3.0909589999999993,-3.35800165,0.0,,False
3.0909589999999993,-3.28093575,0.0,,False
3.0909589999999993,-3.20386985,0.0,,False
3.0909589999999993,-3.1268039499999998,0.0,,False
3.0909589999999993,-3.0497380499999998,0.0,,False
3.0909589999999993,-2.9726721499999997,0.0,,False
3.0909589999999993,-2.8956062499999997,0.0,,False
3.0909589999999993,-2.8185403499999997,0.0,,False
3.0909589999999993,-2.7414744499999997,6.961782194276772e-12,47.404586091150335,False
3.0909589999999993,-2.6644085499999997,2.808583391196284e-09,32.438553378750335,False
3.0909589999999993,-2.5873426499999996,2.075278023607423e-08,27.449875807950338,False
3.0909589999999993,-2.5102767499999996,2.808583391196284e-09,32.438553378750335,False
3.0909589999999993,-2.4332108499999996,1.3923564388553544e-11,45.67564219468901,False
3.0909589999999993,-2.3561449499999996,2.808583391196284e-09,32.438553378750335,False
3.0909589999999993,-2.2790790499999996,2.075278023607423e-08,27.449875807950338,False
3.0909589999999993,-2.2020131499999995,2.808583391196284e-09,32.438553378750335,False
3.0909589999999993,-2.1249472499999995,6.961782194276772e-12,47.404586091150335,False
3.0909589999999993,-2.04788135,5.624128564586845e-09,30.70651997257919,False
3.0909589999999993,-1.97081545,2.2689423630414932e-06,15.740479606802767,True
3.0909589999999993,-1.89374955,1.677090813153708e-05,10.750974107680726,True
3.0909589999999993,-1.8166836499999999,3.4255671356028153e-06,14.712928658784728,True
3.0909589999999993,-1.7396177499999999,9.540135160167607e-06,12.158125584546926,True
3.0909589999999993,-1.6625518499999998,1.9037055834751764e-05,10.434837468516042,True
3.0909589999999993,-1.5854859499999998,7.365148377923803e-05,7.060104592422931,True
3.0909589999999993,-1.5084200499999998,2.858949713963527e-05,9.420509536377734,True
3.0909589999999993,-1.4313541499999998,2.9730986298742912e-05,9.322855189756046,True
3.0909589999999993,-1.3542882499999997,9.382443249166161e-05,6.456272546565989,True
3.0909589999999993,-1.2772223499999997,0.00012007147370863579,5.8410142441871145,True
3.0909589999999993,-1.2001564499999997,0.00011794388560379354,5.885608566994381,True
3.0909589999999993,-1.1230905499999997,3.889539796219997e-05,8.652660960457299,True
3.0909589999999993,-1.0460246499999997,0.00015027247072929152,5.281377065621412,True
3.0909589999999993,-0.9689587499999996,0.00025679487888568783,3.944841720785407,True
3.0909589999999993,-0.8918928499999996,0.0002488724561165901,4.023007036754481,True
3.0909589999999993,-0.8148269499999996,6.060180156395752e-05,7.546549713362536,True
3.0909589999999993,-0.7377610499999996,0.00017030454856938515,4.969240053122668,True
3.0909589999999993,-0.6606951499999996,6.664848015746731e-05,7.309319083982745,True
3.0909589999999993,-0.5836292499999995,0.00014856617177739113,5.309861560611354,True
3.0909589999999993,-0.5065633499999995,6.215490261346548e-05,7.483430278340328,True
3.0909589999999993,-0.4294974499999995,9.386030000000479e-05,6.455319184860991,True
3.0909589999999993,-0.3524315499999995,0.0001500402256418834,5.285235031346644,True
3.0909589999999993,-0.27536564999999946,2.972818467713391e-05,9.323090248312424,True
3.0909589999999993,-0.19829974999999966,8.823087134902429e-05,6.60959550926096,True
3.0909589999999993,-0.12123384999999987,8.206526539375167e-05,6.790290566529929,True
3.0909589999999993,-0.044167949999999845,2.634695257074102e-05,9.62426409277769,True
3.0909589999999993,0.032897950000000176,6.418486914047219e-05,7.403267713982781,True
3.0909589999999993,0.1099638500000002,1.6784978895621836e-05,10.748882238994584,True
3.0909589999999993,0.18702975000000022,3.508578256547112e-06,14.653204571931413,True
3.0909589999999993,0.26409565000000024,2.5154425480925554e-05,9.739798801801951,True
3.0909589999999993,0.34116155000000026,6.640951824499693e-05,7.318278374134243,True
3.0909589999999993,0.4182274500000003,2.8597943775155443e-05,9.41977270429012,True
3.0909589999999993,0.4952933500000003,4.43008414982935e-05,8.328078308966212,True
3.0909589999999993,0.5723592500000003,0.0001423865368287269,5.415833569901143,True
3.0909589999999993,0.6494251500000003,0.00013008834337756067,5.6411513471245165,True
3.0909589999999993,0.7264910500000004,4.389203819128438e-05,8.351202653042693,True
3.0909589999999993,0.8035569500000004,0.00019381440132077392,4.646690344007382,True
3.0909589999999993,0.8806228500000004,0.0003571578043988127,3.1219591468084693,True
3.0909589999999993,0.9576887500000004,0.00017496359535158434,4.901918774075942,True
3.0909589999999993,1.0347546500000004,0.00022124110290469456,4.31655945918341,True
3.0909589999999993,1.1118205500000005,0.00010246766453375655,6.236466462967687,True
3.0909589999999993,1.1888864500000005,0.00032706683252186204,3.3414938413619386,True
3.0909589999999993,1.2659523500000005,0.00018572934437364818,4.752975443450099,True
3.0909589999999993,1.3430182500000005,0.00025937970064747755,3.9198599594849175,True
3.0909589999999993,1.4200841500000005,0.0005781228668796958,1.9206638738013684,True
3.0909589999999993,1.4971500500000006,0.0004181106545140092,2.7289301554614775,True
3.0909589999999993,1.5742159500000006,0.0001317461003088826,5.609566024696651,True
3.0909589999999993,1.6512818500000006,0.00015384678087102698,5.222742494386319,True
3.0909589999999993,1.7283477500000006,0.000271064170417219,3.8099529815070534,True
3.0909589999999993,1.8054136500000006,0.00021812014606916122,4.351996606355761,True
3.0909589999999993,1.8824795500000007,0.00036513812168441004,3.0668392874069283,True
3.0909589999999993,1.9595454500000007,0.0004285280535938577,2.6675442684715023,True
3.0909589999999993,2.0366113500000007,0.00033433518192668607,3.2866695278752776,True
3.0909589999999993,2.1136772500000007,0.0001548944662345987,5.205813805442643,True
3.0909589999999993,2.1907431500000007,0.00012246385398016044,5.791804089850661,True
3.0909589999999993,2.2678090500000008,5.112844225300064e-05,7.9705465972339775,True
3.0909589999999993,2.344874950000001,4.769896687572673e-05,8.143731540688057,True
3.0909589999999993,2.421940850000001,0.00014013168611511675,5.455650336133304,True
3.0909589999999993,2.499006750000001,5.2655187279054504e-05,7.897153633474101,True
3.0909589999999993,2.576072650000001,3.092351338855838e-05,9.224760243654964,True
3.0909589999999993,2.653138550000001,0.0001343872244204801,5.560056444481625,True
3.0909589999999993,2.730204450000001,2.6252714078014135e-05,9.63320190527621,True
3.0909589999999993,2.807270350000001,1.1801861361885924e-06,17.370883288695484,False
3.0909589999999993,2.884336250000001,2.3561363627270515e-08,27.133274347052172,False
3.0909589999999993,2.961402150000001,2.808583391196284e-09,32.438553378750335,False
3.0909589999999993,3.038468050000001,6.961782194276772e-12,47.404586091150335,False
3.0909589999999993,3.115533950000001,0.0,,False
3.0909589999999993,3.192599850000001,0.0,,False
3.0909589999999993,3.269665750000001,0.0,,False
3.0909589999999993,3.346731650000001,0.0,,False
3.0909589999999993,3.423797550000001,0.0,,False
3.0909589999999993,3.5008634500000007,0.0,,False
3.0909589999999993,3.5779293500000002,0.0,,False
3.0909589999999993,3.6549952500000003,0.0,,False
3.0909589999999993,3.7320611500000003,0.0,,False
3.0909589999999993,3.80912705,0.0,,False
3.1737321999999994,-3.82039705,0.0,,False
3.1737321999999994,-3.74333115,0.0,,False
3.1737321999999994,-3.66626525,0.0,,False
3.1737321999999994,-3.58919935,0.0,,False
3.1737321999999994,-3.51213345,0.0,,False
3.1737321999999994,-3.43506755,0.0,,False
3.1737321999999994,-3.35800165,0.0,,False
3.1737321999999994,-3.28093575,0.0,,False
3.1737321999999994,-3.20386985,0.0,,False
3.1737321999999994,-3.1268039499999998,0.0,,False
3.1737321999999994,-3.0497380499999998,0.0,,False
3.1737321999999994,-2.9726721499999997,0.0,,False
3.1737321999999994,-2.8956062499999997,0.0,,False
3.1737321999999994,-2.8185403499999997,0.0,,False
3.1737321999999994,-2.7414744499999997,2.808583391196284e-09,32.438553378750335,False
3.1737321999999994,-2.6644085499999997,1.1330634089340514e-06,17.47252066635034,False
3.1737321999999994,-2.5873426499999996,8.372269092259306e-06,12.48384309555034,True
3.1737321999999994,-2.5102767499999996,1.1330634089340514e-06,17.47252066635034,False
3.1737321999999994,-2.4332108499999996,2.808583391196284e-09,32.438553378750335,False
3.1737321999999994,-2.3561449499999996,0.0,,False
3.1737321999999994,-2.2790790499999996,0.0,,False
3.1737321999999994,-2.2020131499999995,0.0,,False
3.1737321999999994,-2.1249472499999995,0.0,,False
3.1737321999999994,-2.04788135,4.150556047214846e-08,25.720931911489014,False
3.1737321999999994,-1.97081545,1.6747346767909808e-05,10.75448085545078,True
3.1737321999999994,-1.89374955,0.0001248801481852645,5.74306833691652,True
3.1737321999999994,-1.8166836499999999,3.3491898875992805e-05,9.02574508506815,True
3.1737321999999994,-1.7396177499999999,6.417923108834321e-05,7.403486828393795,True
3.1737321999999994,-1.6625518499999998,1.7951101229507864e-05,10.581344761828518,True
3.1737321999999994,-1.5854859499999998,2.021441946398477e-05,10.285155196897744,True
3.1737321999999994,-1.5084200499999998,8.816581138670707e-05,6.611435471240135,True
3.1737321999999994,-1.4313541499999998,8.208885460450772e-05,6.789573685543799,True
3.1737321999999994,-1.3542882499999997,9.781249814609965e-05,6.352440542912479,True
3.1737321999999994,-1.2772223499999997,0.00018587559655743087,4.751012054522169,True
3.1737321999999994,-1.2001564499999997,0.0002856625197148913,3.679111120971049,True
3.1737321999999994,-1.1230905499999997,9.563167979956899e-05,6.408683437513515,True
3.1737321999999994,-1.0460246499999997,0.000343694096006589,3.2178058788477752,True
3.1737321999999994,-0.9689587499999996,0.00023836020231540113,4.130656602923385,True
3.1737321999999994,-0.8918928499999996,0.0001916531171770195,4.674661735117357,True
3.1737321999999994,-0.8148269499999996,0.00012965593693623113,5.649456201058002,True
3.1737321999999994,-0.7377610499999996,0.00024162031413637092,4.096772109137755,True
3.1737321999999994,-0.6606951499999996,0.0001274323735664219,5.69260447683266,True
3.1737321999999994,-0.5836292499999995,0.00011677884204284083,5.910370014125187,True
3.1737321999999994,-0.5065633499999995,0.00021416670291262533,4.39762141111106,True
3.1737321999999994,-0.4294974499999995,9.87890577598164e-05,6.3276605706146105,True
3.1737321999999994,-0.3524315499999995,2.6412026456622633e-05,9.618110963859149,True
3.1737321999999994,-0.27536564999999946,1.5237439318638722e-05,10.99015678782143,True
3.1737321999999994,-0.19829974999999966,9.658519624443869e-05,6.383936260166499,True
3.1737321999999994,-0.12123384999999987,2.3580529880488365e-05,9.900964211844663,True
3.1737321999999994,-0.044167949999999845,1.906625525050801e-05,10.43101453305902,True
3.1737321999999994,0.032897950000000176,1.0652452750647778e-05,11.88304362311638,True
3.1737321999999994,0.1099638500000002,2.316079013860423e-06,15.68919133173662,True
3.1737321999999994,0.18702975000000022,8.409873372842558e-06,12.472664788283089,True
3.1737321999999994,0.26409565000000024,2.334030172487495e-06,15.669933076998985,True
3.1737321999999994,0.34116155000000026,1.7915226759382498e-05,10.58633457355992,True
3.1737321999999994,0.4182274500000003,8.092658481803524e-05,6.825142632187114,True
3.1737321999999994,0.4952933500000003,8.21068057631348e-05,6.789028284145437,True
3.1737321999999994,0.5723592500000003,4.646321137676342e-05,8.209205171552501,True
3.1737321999999994,0.6494251500000003,0.0001597003182042718,5.1295992197316265,True
3.1737321999999994,0.7264910500000004,0.00010116350079627835,6.2684170798234025,True
3.1737321999999994,0.8035569500000004,0.0001881558289482947,4.720598874409308,True
3.1737321999999994,0.8806228500000004,0.00033479223546635837,3.2832619659709863,True
3.1737321999999994,0.9576887500000004,0.00024851011753752877,4.026641242611114,True
3.1737321999999994,1.0347546500000004,0.00016591989655460556,5.034300329301787,True
3.1737321999999994,1.1118205500000005,0.00023174768388864063,4.2008317672678706,True
3.1737321999999994,1.1888864500000005,0.0001599023338354657,5.126445957466529,True
3.1737321999999994,1.2659523500000005,0.00024638991818061993,4.048013347931328,True
3.1737321999999994,1.3430182500000005,0.00024153242597518983,4.0976795772464065,True
3.1737321999999994,1.4200841500000005,0.0004917340524593352,2.324368595257398,True
3.1737321999999994,1.4971500500000006,0.0005068345778797904,2.248923209478767,True
3.1737321999999994,1.5742159500000006,0.00013003520914287841,5.642170361227312,True
3.1737321999999994,1.6512818500000006,0.00031167979274324305,3.4616914760794493,True
3.1737321999999994,1.7283477500000006,0.00039680750667030033,2.8593711731120806,True
3.1737321999999994,1.8054136500000006,0.0004070291777944609,2.795931209228889,True
3.1737321999999994,1.8824795500000007,0.00023698219333369777,4.145118729214305,True
3.1737321999999994,1.9595454500000007,0.0002809301743430556,3.7207789618345575,True
3.1737321999999994,2.0366113500000007,0.0001689141151364656,4.989688405969514,True
3.1737321999999994,2.1136772500000007,0.0002167452843172368,4.367768761045551,True
3.1737321999999994,2.1907431500000007,0.0002450514984387561,4.061599832157014,True
3.1737321999999994,2.2678090500000008,0.0001870047726100404,4.735905031111694,True
3.1737321999999994,2.344874950000001,0.00017024341077230342,4.970135659018812,True
3.1737321999999994,2.421940850000001,0.00010108998027487657,6.270230498264078,True
3.1737321999999994,2.499006750000001,3.820141604896458e-05,8.697567427206303,True
3.1737321999999994,2.576072650000001,3.084611247261428e-05,9.231011348628327,True
3.1737321999999994,2.653138550000001,8.091147705171031e-05,6.825608330888386,True
3.1737321999999994,2.730204450000001,1.0691142765946536e-05,11.874000525256168,True
3.1737321999999994,2.807270350000001,5.274685581912786e-08,25.123096873777197,False
3.1737321999999994,2.884336250000001,2.8225069555848376e-09,32.42621823392928,False
3.1737321999999994,2.961402150000001,6.961782194276772e-12,47.404586091150335,False
3.1737321999999994,3.038468050000001,0.0,,False
3.1737321999999994,3.115533950000001,0.0,,False
3.1737321999999994,3.192599850000001,0.0,,False
3.1737321999999994,3.269665750000001,0.0,,False
3.1737321999999994,3.346731650000001,0.0,,False
3.1737321999999994,3.423797550000001,0.0,,False
3.1737321999999994,3.5008634500000007,0.0,,False
3.1737321999999994,3.5779293500000002,0.0,,False
3.1737321999999994,3.6549952500000003,0.0,,False
3.1737321999999994,3.7320611500000003,0.0,,False
3.1737321999999994,3.80912705,0.0,,False
3.256505399999999,-3.82039705,0.0,,False
3.256505399999999,-3.74333115,0.0,,False
3.256505399999999,-3.66626525,0.0,,False
3.256505399999999,-3.58919935,0.0,,False
3.256505399999999,-3.51213345,0.0,,False
3.256505399999999,-3.43506755,0.0,,False
3.256505399999999,-3.35800165,0.0,,False
3.256505399999999,-3.28093575,0.0,,False
3.256505399999999,-3.20386985,0.0,,False
3.256505399999999,-3.1268039499999998,0.0,,False
3.256505399999999,-3.0497380499999998,0.0,,False
3.256505399999999,-2.9726721499999997,0.0,,False
3.256505399999999,-2.8956062499999997,0.0,,False
3.256505399999999,-2.8185403499999997,0.0,,False
3.256505399999999,-2.7414744499999997,2.075278023607423e-08,27.449875807950338,False
3.256505399999999,-2.6644085499999997,8.372269092259306e-06,12.48384309555034,True
3.256505399999999,-2.5873426499999996,6.186316599804719e-05,7.495165524750339,True
3.256505399999999,-2.5102767499999996,8.372269092259306e-06,12.48384309555034,True
3.256505399999999,-2.4332108499999996,2.075278023607423e-08,27.449875807950338,False
3.256505399999999,-2.3561449499999996,0.0,,False
3.256505399999999,-2.2790790499999996,0.0,,False
3.256505399999999,-2.2020131499999995,0.0,,False
3.256505399999999,-2.1249472499999995,0.0,,False
3.256505399999999,-2.04788135,5.617166782392568e-09,30.70960948228901,False
3.256505399999999,-1.97081545,2.2868865598863714e-06,15.720830432797337,True
3.256505399999999,-1.89374955,2.512244532890689e-05,9.742972004231476,True
3.256505399999999,-1.8166836499999999,6.531509611888628e-05,7.359727307369987,True
3.256505399999999,-1.7396177499999999,2.632056173837597e-05,9.626763837947749,True
3.256505399999999,-1.6625518499999998,7.144481368046914e-05,7.135979819131602,True
3.256505399999999,-1.5854859499999998,2.7412140472184457e-05,9.525405011224358,True
3.256505399999999,-1.5084200499999998,0.00013329004244345364,5.580504642558402,True
3.256505399999999,-1.4313541499999998,2.9715857647071423e-05,9.324124760382338,True
3.256505399999999,-1.3542882499999997,4.043445609475194e-05,8.55586476207218,True
3.256505399999999,-1.2772223499999997,0.00012123760996608622,5.81690606313498,True
3.256505399999999,-1.2001564499999997,0.00013455833171080648,5.5568825708214655,True
3.256505399999999,-1.1230905499999997,0.0001435959084571074,5.394737166325211,True
3.256505399999999,-1.0460246499999997,8.954907800345846e-05,6.572604675841285,True
3.256505399999999,-0.9689587499999996,0.00024506380458347207,4.061474573084787,True
3.256505399999999,-0.8918928499999996,0.00013695181860239318,5.51290394358977,True
3.256505399999999,-0.8148269499999996,0.00017258753384938265,4.936024804537635,True
3.256505399999999,-0.7377610499999996,0.00019544603079163462,4.625779610872207,True
3.256505399999999,-0.6606951499999996,0.00022488979102167956,4.275758576143396,True
3.256505399999999,-0.5836292499999995,5.59988638373395e-05,7.743585564547892,True
3.256505399999999,-0.5065633499999995,9.046110977320264e-05,6.547329043268675,True
3.256505399999999,-0.4294974499999995,2.1332368144811722e-05,10.150886521846816,True
3.256505399999999,-0.3524315499999995,1.0793813970629209e-05,11.850160708346472,True
3.256505399999999,-0.27536564999999946,3.920715419309099e-05,8.632747916212946,True
3.256505399999999,-0.19829974999999966,0.00022028514436995024,4.327360575498179,True
3.256505399999999,-0.12123384999999987,4.6419989929397776e-05,8.211526558817162,True
3.256505399999999,-0.044167949999999845,0.00012380825738232315,5.764570548523927,True
3.256505399999999,0.032897950000000176,1.7921929660880392e-05,10.585401502465785,True
3.256505399999999,0.1099638500000002,1.7924724320707203e-05,10.585012577551582,True
3.256505399999999,0.18702975000000022,7.138926520304101e-05,7.137919926559568,True
3.256505399999999,0.26409565000000024,9.540128198385411e-06,12.158127404756954,True
3.256505399999999,0.34116155000000026,1.0706292302964606e-05,11.870468505277382,True
3.256505399999999,0.4182274500000003,8.812148331927934e-05,6.612689891989874,True
3.256505399999999,0.4952933500000003,8.097932471207216e-05,6.823517599867183,True
3.256505399999999,0.5723592500000003,3.201786589684709e-05,9.13801409824195,True
3.256505399999999,0.6494251500000003,0.00016791500472838048,5.004485981379731,True
3.256505399999999,0.7264910500000004,4.149017428199944e-05,8.491574826628808,True
3.256505399999999,0.8035569500000004,3.4332838290645425e-05,8.96388873643408,True
3.256505399999999,0.8806228500000004,0.0001202375029123066,5.837567571874305,True
3.256505399999999,0.9576887500000004,8.452214566212009e-05,6.7167107433043185,True
3.256505399999999,1.0347546500000004,0.00022942882413851782,4.225915744690547,True
3.256505399999999,1.1118205500000005,0.00019646469130909052,4.6128129324090335,True
3.256505399999999,1.1888864500000005,0.00013089666552623444,5.625700377415388,True
3.256505399999999,1.2659523500000005,0.00019887612935930434,4.582383400516218,True
3.256505399999999,1.3430182500000005,0.0002296666933544905,4.22333098207911,True
3.256505399999999,1.4200841500000005,0.00044046267783894125,2.5990260048067393,True
3.256505399999999,1.4971500500000006,0.0004548541768047586,2.5188301142598046,True
3.256505399999999,1.5742159500000006,0.00027827037286984985,3.7445074651119246,True
3.256505399999999,1.6512818500000006,0.00020019711675000094,4.565870130582656,True
3.256505399999999,1.7283477500000006,0.00042817133218157877,2.6696215061126813,True
3.256505399999999,1.8054136500000006,0.00031769560533546106,3.414006321160116,True
3.256505399999999,1.8824795500000007,9.996826813565702e-05,6.298062821948812,True
3.256505399999999,1.9595454500000007,0.00019176030589020465,4.673267078824517,True
3.256505399999999,2.0366113500000007,0.00021668586240704857,4.368452691479873,True
3.256505399999999,2.1136772500000007,0.0003676419584425253,3.0497934052571707,True
3.256505399999999,2.1907431500000007,0.0001597497173965729,5.12882777938995,True
3.256505399999999,2.2678090500000008,0.00017363976456858562,4.920863504508715,True
3.256505399999999,2.344874950000001,0.0001691103055926762,4.986792961207586,True
3.256505399999999,2.421940850000001,5.4901633127837655e-05,7.792944304992887,True
3.256505399999999,2.499006750000001,0.0002119269251564291,4.423844830646654,True
3.256505399999999,2.576072650000001,0.00015229789190066695,5.247982109126021,True
3.256505399999999,2.653138550000001,3.473714497449863e-05,8.934686778837154,True
3.256505399999999,2.730204450000001,1.1818595969880387e-05,11.62392160855557,True
3.256505399999999,2.807270350000001,9.510970553322332e-06,12.165762565616394,True
3.256505399999999,2.884336250000001,1.1386805757164441e-06,17.460185521529283,False
3.256505399999999,2.961402150000001,2.3561363627270515e-08,27.133274347052172,False
3.256505399999999,3.038468050000001,2.808583391196284e-09,32.438553378750335,False
3.256505399999999,3.115533950000001,6.961782194276772e-12,47.404586091150335,False
3.256505399999999,3.192599850000001,0.0,,False
3.256505399999999,3.269665750000001,0.0,,False
3.256505399999999,3.346731650000001,0.0,,False
3.256505399999999,3.423797550000001,0.0,,False
3.256505399999999,3.5008634500000007,0.0,,False
3.256505399999999,3.5779293500000002,0.0,,False
3.256505399999999,3.6549952500000003,0.0,,False
3.256505399999999,3.7320611500000003,0.0,,False
3.256505399999999,3.80912705,0.0,,False
3.3392785999999988,-3.82039705,0.0,,False
3.3392785999999988,-3.74333115,0.0,,False
3.3392785999999988,-3.66626525,0.0,,False
3.3392785999999988,-3.58919935,0.0,,False
3.3392785999999988,-3.51213345,0.0,,False
3.3392785999999988,-3.43506755,0.0,,False
3.3392785999999988,-3.35800165,0.0,,False
3.3392785999999988,-3.28093575,0.0,,False
3.3392785999999988,-3.20386985,0.0,,False
3.3392785999999988,-3.1268039499999998,0.0,,False
3.3392785999999988,-3.0497380499999998,0.0,,False
3.3392785999999988,-2.9726721499999997,0.0,,False
3.3392785999999988,-2.8956062499999997,0.0,,False
3.3392785999999988,-2.8185403499999997,0.0,,False
3.3392785999999988,-2.7414744499999997,2.808583391196284e-09,32.438553378750335,False
3.3392785999999988,-2.6644085499999997,1.1330634089340514e-06,17.47252066635034,False
3.3392785999999988,-2.5873426499999996,8.372269092259306e-06,12.48384309555034,True
3.3392785999999988,-2.5102767499999996,1.1330634089340514e-06,17.47252066635034,False
3.3392785999999988,-2.4332108499999996,2.808583391196284e-09,32.438553378750335,False
3.3392785999999988,-2.3561449499999996,0.0,,False
3.3392785999999988,-2.2790790499999996,0.0,,False
3.3392785999999988,-2.2020131499999995,6.961782194276772e-12,47.404586091150335,False
3.3392785999999988,-2.1249472499999995,2.808583391196284e-09,32.438553378750335,False
3.3392785999999988,-2.04788135,2.0766703800462783e-08,27.448202854213406,False
3.3392785999999988,-1.97081545,1.404291695598142e-08,28.424069971072754,False
3.3392785999999988,-1.89374955,2.3160720520782286e-06,15.689198829351916,True
3.3392785999999988,-1.8166836499999999,2.017572248690382e-05,10.289934749317322,True
3.3392785999999988,-1.7396177499999999,3.6911841883031034e-05,8.78322343632338,True
3.3392785999999988,-1.6625518499999998,7.36722435212563e-05,7.059401625820298,True
3.3392785999999988,-1.5854859499999998,1.2924203697080467e-05,11.400858906479632,True
3.3392785999999988,-1.5084200499999998,2.6367698389194905e-05,9.622300801687505,True
3.3392785999999988,-1.4313541499999998,3.089995202493111e-05,9.226661464351173,True
3.3392785999999988,-1.3542882499999997,0.00016794138859896338,5.004094085836597,True
3.3392785999999988,-1.2772223499999997,0.0002225737398549479,4.301579978094978,True
3.3392785999999988,-1.2001564499999997,0.00010118535323479431,6.2678783331582055,True
3.3392785999999988,-1.1230905499999997,4.656028630001029e-05,8.203999221656227,True
3.3392785999999988,-1.0460246499999997,5.835080339776091e-05,7.640964163367624,True
3.3392785999999988,-0.9689587499999996,0.00022600773274072434,4.263389774113493,True
3.3392785999999988,-0.8918928499999996,0.00012739827067744758,5.693272090097328,True
3.3392785999999988,-0.8148269499999996,0.00010801180559874619,6.105031642259184,True
3.3392785999999988,-0.7377610499999996,9.297853249538579e-05,6.478862933089518,True
3.3392785999999988,-0.6606951499999996,0.00012127523513201605,5.816132084244082,True
3.3392785999999988,-0.5836292499999995,7.709675973105458e-05,6.946070996495182,True
3.3392785999999988,-0.5065633499999995,1.8006677554064768e-05,10.573634258178457,True
3.3392785999999988,-0.4294974499999995,1.8001039501935793e-05,10.5744153803025,True
3.3392785999999988,-0.3524315499999995,7.376088573254736e-05,7.056402249310989,True
3.3392785999999988,-0.27536564999999946,0.00011552797877755261,5.93723196248287,True
3.3392785999999988,-0.19829974999999966,0.000221394646415257,4.314828963851335,True
3.3392785999999988,-0.12123384999999987,3.081130981364003e-05,9.233827218254886,True
3.3392785999999988,-0.044167949999999845,1.683598201741869e-05,10.741314390901646,True
3.3392785999999988,0.032897950000000176,1.0664772818928069e-05,11.880160468601598,True
3.3392785999999988,0.1099638500000002,7.250999462013038e-05,7.099065864617636,True
3.3392785999999988,0.18702975000000022,8.700354160023457e-05,6.644536434430673,True
3.3392785999999988,0.26409565000000024,1.0709093924573609e-05,11.869815872314616,True
3.3392785999999988,0.34116155000000026,9.569327614141659e-06,12.150504655827799,True
3.3392785999999988,0.4182274500000003,7.368738609649217e-05,7.058888992706974,True
3.3392785999999988,0.4952933500000003,3.5875846435561654e-05,8.854232646963302,True
3.3392785999999988,0.5723592500000003,3.9257092465518925e-05,8.629572890850032,True
3.3392785999999988,0.6494251500000003,0.0002130572008673185,4.4105770541886375,True
3.3392785999999988,0.7264910500000004,9.886538686460938e-05,6.325734070490962,True
3.3392785999999988,0.8035569500000004,3.8233424048112025e-05,8.695478358967735,True
3.3392785999999988,0.8806228500000004,0.0001668997411758006,5.01961326624043,True
3.3392785999999988,0.9576887500000004,0.00015688574274630665,5.17395170753111,True
3.3392785999999988,1.0347546500000004,0.00012289627434505435,5.783012082674621,True
3.3392785999999988,1.1118205500000005,0.00011073780846324221,6.042860774288396,True
3.3392785999999988,1.1888864500000005,0.00017146679747051107,4.952275180430063,True
3.3392785999999988,1.2659523500000005,0.00018821137742572284,4.7198625896300905,True
3.3392785999999988,1.3430182500000005,0.000193864381363895,4.646047197328679,True
3.3392785999999988,1.4200841500000005,0.00022743361849979213,4.24770239198158,True
3.3392785999999988,1.4971500500000006,0.00023809666847004451,4.13341589888102,True
3.3392785999999988,1.5742159500000006,0.00027975732822232513,3.7312142928230316,True
3.3392785999999988,1.6512818500000006,0.0002781996748554037,3.745141263107535,True
3.3392785999999988,1.7283477500000006,0.0003957961095886983,2.865736948603373,True
3.3392785999999988,1.8054136500000006,0.00034846533244014215,3.1834170715636834,True
3.3392785999999988,1.8824795500000007,0.0002847370821421513,3.687204944490803,True
3.3392785999999988,1.9595454500000007,0.0001999923412678912,4.568422818874021,True
3.3392785999999988,2.0366113500000007,0.00018429503982618896,4.772312868409457,True
3.3392785999999988,2.1136772500000007,0.00014185979573483996,5.425078172865473,True
3.3392785999999988,2.1907431500000007,8.786914899857655e-05,6.619842633087875,True
3.3392785999999988,2.2678090500000008,3.8140887518714246e-05,8.701522735998603,True
3.3392785999999988,2.344874950000001,8.936004043985163e-05,6.577875775563639,True
3.3392785999999988,2.421940850000001,2.4760729940241345e-05,9.779146787906223,True
3.3392785999999988,2.499006750000001,9.99428809107687e-05,6.298696346795576,True
3.3392785999999988,2.576072650000001,5.4792265983439273e-05,7.797918124006043,True
3.3392785999999988,2.653138550000001,7.486474276394297e-05,7.019350173382577,True
3.3392785999999988,2.730204450000001,7.864530846314906e-05,6.896466769369371,True
3.3392785999999988,2.807270350000001,7.026182592267155e-05,7.177626996794115,True
3.3392785999999988,2.884336250000001,9.528900826602822e-06,12.161064614836684,True
3.3392785999999988,2.961402150000001,8.413774652731454e-06,12.471507950729283,True
3.3392785999999988,3.038468050000001,1.1358719923252478e-06,17.46634546889086,False
3.3392785999999988,3.115533950000001,2.815545173390561e-09,32.43237818129086,False
3.3392785999999988,3.192599850000001,0.0,,False
3.3392785999999988,3.269665750000001,0.0,,False
3.3392785999999988,3.346731650000001,0.0,,False
3.3392785999999988,3.423797550000001,0.0,,False
3.3392785999999988,3.5008634500000007,0.0,,False
3.3392785999999988,3.5779293500000002,0.0,,False
3.3392785999999988,3.6549952500000003,0.0,,False
3.3392785999999988,3.7320611500000003,0.0,,False
3.3392785999999988,3.80912705,0.0,,False
3.422051799999999,-3.82039705,0.0,,False
3.422051799999999,-3.74333115,0.0,,False
3.422051799999999,-3.66626525,0.0,,False
3.422051799999999,-3.58919935,0.0,,False
3.422051799999999,-3.51213345,0.0,,False
3.422051799999999,-3.43506755,0.0,,False
3.422051799999999,-3.35800165,0.0,,False
3.422051799999999,-3.28093575,0.0,,False
3.422051799999999,-3.20386985,0.0,,False
3.422051799999999,-3.1268039499999998,0.0,,False
3.422051799999999,-3.0497380499999998,0.0,,False
3.422051799999999,-2.9726721499999997,0.0,,False
3.422051799999999,-2.8956062499999997,0.0,,False
3.422051799999999,-2.8185403499999997,0.0,,False
3.422051799999999,-2.7414744499999997,6.961782194276772e-12,47.404586091150335,False
3.422051799999999,-2.6644085499999997,2.808583391196284e-09,32.438553378750335,False
3.422051799999999,-2.5873426499999996,2.075278023607423e-08,27.449875807950338,False
3.422051799999999,-2.5102767499999996,2.808583391196284e-09,32.438553378750335,False
3.422051799999999,-2.4332108499999996,6.961782194276772e-12,47.404586091150335,False
3.422051799999999,-2.3561449499999996,0.0,,False
3.422051799999999,-2.2790790499999996,0.0,,False
3.422051799999999,-2.2020131499999995,2.808583391196284e-09,32.438553378750335,False
3.422051799999999,-2.1249472499999995,1.1330634089340514e-06,17.47252066635034,False
3.422051799999999,-2.04788135,8.372283015823695e-06,12.483838947325118,True
3.422051799999999,-1.97081545,1.1594403177347125e-06,17.415119799878767,False
3.422051799999999,-1.89374955,8.481657122004264e-06,12.451464333102056,True
3.422051799999999,-1.8166836499999999,8.701478289558157e-05,6.644214174127313,True
3.422051799999999,-1.7396177499999999,0.00019625709332002518,4.61545001435557,True
3.422051799999999,-1.6625518499999998,4.1952803217760994e-05,8.463916055185082,True
3.422051799999999,-1.5854859499999998,1.18892800607622e-05,11.60904802042097,True
3.422051799999999,-1.5084200499999998,7.984345271974692e-05,6.858752617243392,True
3.422051799999999,-1.4313541499999998,9.992211420696826e-05,6.29921468863818,True
3.422051799999999,-1.3542882499999997,0.0001629155419923405,5.079879885234375,True
3.422051799999999,-1.2772223499999997,5.598758077129936e-05,7.7440881930479,True
3.422051799999999,-1.2001564499999997,3.8165506769928245e-05,8.699913204952777,True
3.422051799999999,-1.1230905499999997,0.00015230914015779614,5.247797891684627,True
3.422051799999999,-1.0460246499999997,0.00021530816422460415,4.3843624376785195,True
3.422051799999999,-0.9689587499999996,8.001848217530873e-05,6.853290617370382,True
3.422051799999999,-0.8918928499999996,0.00016539092642302723,5.0422652477115655,True
3.422051799999999,-0.8148269499999996,0.00016095908902495336,5.110015718125062,True
3.422051799999999,-0.7377610499999996,0.0004283955945481369,2.6683153937370174,True
3.422051799999999,-0.6606951499999996,0.000203738104308123,4.522137133793136,True
3.422051799999999,-0.5836292499999995,2.8712948971682796e-05,9.409761961357374,True
3.422051799999999,-0.5065633499999995,1.1874165332655102e-05,11.612221066838126,True
3.422051799999999,-0.4294974499999995,8.206525843196948e-05,6.790290778130343,True
3.422051799999999,-0.3524315499999995,5.4795081528612684e-05,7.797789953670888,True
3.422051799999999,-0.27536564999999946,0.0001473068549148006,5.331094870704507,True
3.422051799999999,-0.19829974999999966,4.419817725539303e-05,8.333865480878828,True
3.422051799999999,-0.12123384999999987,3.4603558710126763e-06,14.687724882836685,True
3.422051799999999,-0.044167949999999845,5.2760779383516425e-08,25.122438531149758,False
3.422051799999999,0.032897950000000176,1.165057484517105e-06,17.403064598769443,False
3.422051799999999,0.1099638500000002,1.9016296092733494e-05,10.437559007208709,True
3.422051799999999,0.18702975000000022,8.089739236406117e-05,6.826042571395708,True
3.422051799999999,0.26409565000000024,2.0154969706667744e-05,10.292501750596049,True
3.422051799999999,0.34116155000000026,1.1844965916898854e-05,11.618362377095913,True
3.422051799999999,0.4182274500000003,3.5807943080942256e-05,8.85895823479532,True
3.422051799999999,0.4952933500000003,0.00014504074898227904,5.369764926868356,True
3.422051799999999,0.5723592500000003,0.00010106078782090251,6.270950909780498,True
3.422051799999999,0.6494251500000003,5.4898824544446455e-05,7.793071910262205,True
3.422051799999999,0.7264910500000004,9.38659032432228e-05,6.4551702830385995,True
3.422051799999999,0.8035569500000004,0.0001094330708367262,6.072424136837928,True
3.422051799999999,0.8806228500000004,0.00016184473692411466,5.096328696655874,True
3.422051799999999,0.9576887500000004,4.75755289672436e-05,8.150194889190105,True
3.422051799999999,1.0347546500000004,8.443126179469345e-05,6.719394266303557,True
3.422051799999999,1.1118205500000005,5.1036963611189584e-05,7.975013447502025,True
3.422051799999999,1.1888864500000005,0.00012849088641349622,5.671970911087705,True
3.422051799999999,1.2659523500000005,0.00012240831942629665,5.792935471927115,True
3.422051799999999,1.3430182500000005,0.00012022412495643957,5.83784511432063,True
3.422051799999999,1.4200841500000005,0.0001821428046230039,4.801613692852813,True
3.422051799999999,1.4971500500000006,0.00020006300447342646,4.5675416509157545,True
3.422051799999999,1.5742159500000006,0.00019892889710047002,4.5817216661718785,True
3.422051799999999,1.6512818500000006,0.00016045779095923965,5.117796318959064,True
3.422051799999999,1.7283477500000006,0.00039520495769601593,2.8694652201051145,True
3.422051799999999,1.8054136500000006,0.00014778201888882546,5.323061894476468,True
3.422051799999999,1.8824795500000007,0.00036160265467338455,3.09110852438093,True
3.422051799999999,1.9595454500000007,0.00014418152672439374,5.384585346235783,True
3.422051799999999,2.0366113500000007,0.0001001897288806062,6.292543198858875,True
3.422051799999999,2.1136772500000007,8.449636352770384e-05,6.717471717692886,True
3.422051799999999,2.1907431500000007,3.587759713136612e-05,8.854110929363971,True
3.422051799999999,2.2678090500000008,2.1379518719195042e-05,10.14537941069589,True
3.422051799999999,2.344874950000001,7.37165994358128e-05,7.0579003089070165,True
3.422051799999999,2.421940850000001,3.58220277685914e-05,8.857977305088951,True
3.422051799999999,2.499006750000001,8.94082349782573e-05,6.576530866809321,True
3.422051799999999,2.576072650000001,0.00013558813548977602,5.537865539236967,True
3.422051799999999,2.653138550000001,3.579004065479054e-05,8.860205608380543,True
3.422051799999999,2.730204450000001,2.0185254857139496e-05,10.2887565339815,True
3.422051799999999,2.807270350000001,1.0667574440537072e-05,11.879505295179138,True
3.422051799999999,2.884336250000001,1.0644013076909801e-05,11.88502060904571,True
3.422051799999999,2.961402150000001,7.02382436736977e-05,7.1784643219140785,True
3.422051799999999,3.038468050000001,9.505332501193357e-06,12.167241634652175,True
3.422051799999999,3.115533950000001,2.3561363627270515e-08,27.133274347052172,False
3.422051799999999,3.192599850000001,0.0,,False
3.422051799999999,3.269665750000001,0.0,,False
3.422051799999999,3.346731650000001,0.0,,False
3.422051799999999,3.423797550000001,0.0,,False
3.422051799999999,3.5008634500000007,0.0,,False
3.422051799999999,3.5779293500000002,0.0,,False
3.422051799999999,3.6549952500000003,0.0,,False
3.422051799999999,3.7320611500000003,0.0,,False
3.422051799999999,3.80912705,0.0,,False
3.504824999999999,-3.82039705,0.0,,False
3.504824999999999,-3.74333115,0.0,,False
3.504824999999999,-3.66626525,0.0,,False
3.504824999999999,-3.58919935,0.0,,False
3.504824999999999,-3.51213345,0.0,,False
3.504824999999999,-3.43506755,0.0,,False
3.504824999999999,-3.35800165,0.0,,False
3.504824999999999,-3.28093575,0.0,,False
3.504824999999999,-3.20386985,0.0,,False
3.504824999999999,-3.1268039499999998,0.0,,False
3.504824999999999,-3.0497380499999998,0.0,,False
3.504824999999999,-2.9726721499999997,0.0,,False
3.504824999999999,-2.8956062499999997,0.0,,False
3.504824999999999,-2.8185403499999997,0.0,,False
3.504824999999999,-2.7414744499999997,0.0,,False
3.504824999999999,-2.6644085499999997,0.0,,False
3.504824999999999,-2.5873426499999996,0.0,,False
3.504824999999999,-2.5102767499999996,0.0,,False
3.504824999999999,-2.4332108499999996,0.0,,False
3.504824999999999,-2.3561449499999996,0.0,,False
3.504824999999999,-2.2790790499999996,0.0,,False
3.504824999999999,-2.2020131499999995,2.075278023607423e-08,27.449875807950338,False
3.504824999999999,-2.1249472499999995,8.372269092259306e-06,12.48384309555034,True
3.504824999999999,-2.04788135,6.186878316482958e-05,7.494939049420826,True
3.504824999999999,-1.97081545,1.06412114553008e-05,11.885677232937194,True
3.504824999999999,-1.89374955,1.791239729064472e-05,10.586728551883438,True
3.504824999999999,-1.8166836499999999,1.5214970651509154e-05,10.993837578806612,True
3.504824999999999,-1.7396177499999999,4.4141529119685e-05,8.337064487694288,True
3.504824999999999,-1.6625518499999998,7.595349899079589e-05,6.9833363062260965,True
3.504824999999999,-1.5854859499999998,2.746485948087481e-05,9.520612507673869,True
3.504824999999999,-1.5084200499999998,8.206527931731606e-05,6.790290143329157,True
3.504824999999999,-1.4313541499999998,9.880420729683447e-05,6.327278087154679,True
3.504824999999999,-1.3542882499999997,9.773618296487106e-05,6.35438743332397,True
3.504824999999999,-1.2772223499999997,8.097931775028996e-05,6.823517814305179,True
3.504824999999999,-1.2001564499999997,7.258630980135896e-05,7.096442008210467,True
3.504824999999999,-1.1230905499999997,3.6932622510395884e-05,8.781819568704726,True
3.504824999999999,-1.0460246499999997,9.76946843661811e-05,6.355446749768925,True
3.504824999999999,-0.9689587499999996,9.27715368113697e-05,6.4844222050586335,True
3.504824999999999,-0.8918928499999996,0.00017140451128267405,4.953181426312173,True
3.504824999999999,-0.8148269499999996,0.0002200305829293559,4.330244699348032,True
3.504824999999999,-0.7377610499999996,0.0003035838615631695,3.5273386522960792,True
3.504824999999999,-0.6606951499999996,0.0001854583326913372,4.756617779186828,True
3.504824999999999,-0.5836292499999995,2.9815713306580704e-05,9.315756962454016,True
3.504824999999999,-0.5065633499999995,2.748002990323946e-05,9.519235121195136,True
3.504824999999999,-0.4294974499999995,0.00015114126712810564,5.2669976377217775,True
3.504824999999999,-0.3524315499999995,0.000160640996386081,5.114949989608325,True
3.504824999999999,-0.27536564999999946,9.656442954063825e-05,6.384472623565842,True
3.504824999999999,-0.19829974999999966,1.0774153886890834e-05,11.854708092995693,True
3.504824999999999,-0.12123384999999987,7.911680283759467e-08,24.111839269163102,False
3.504824999999999,-0.044167949999999845,5.6519756933639514e-09,30.69420005907189,False
3.504824999999999,0.032897950000000176,2.6390832365049625e-08,26.850395239354352,False
3.504824999999999,0.1099638500000002,9.549646645056701e-06,12.155639975452914,True
3.504824999999999,0.18702975000000022,7.865201832642915e-05,6.896253966360241,True
3.504824999999999,0.26409565000000024,7.976434287869151e-05,6.861225262896702,True
3.504824999999999,0.34116155000000026,7.866045800016711e-05,6.8959863282675435,True
3.504824999999999,0.4182274500000003,8.096245928816059e-05,6.824037145596615,True
3.504824999999999,0.4952933500000003,0.00010492547822289716,6.177342935915003,True
3.504824999999999,0.5723592500000003,0.00015230070744584037,5.247935996481094,True
3.504824999999999,0.6494251500000003,9.77804971087344e-05,6.353256742176479,True
3.504824999999999,0.7264910500000004,9.88776860475431e-05,6.325423785750181,True
3.504824999999999,0.8035569500000004,0.00016178530805214424,5.097244778115527,True
3.504824999999999,0.8806228500000004,0.00010610566435908574,6.149443596436076,True
3.504824999999999,0.9576887500000004,2.142379109236522e-05,10.140219513604452,True
3.504824999999999,1.0347546500000004,8.828081658323441e-05,6.608183927516767,True
3.504824999999999,1.1118205500000005,0.00017632596383593854,4.8825716258411775,True
3.504824999999999,1.1888864500000005,0.00029170639668679206,3.6268879167030637,True
3.504824999999999,1.2659523500000005,0.0001786212831077807,4.850311149153485,True
3.504824999999999,1.3430182500000005,0.00011683442532917992,5.909183064846909,True
3.504824999999999,1.4200841500000005,0.00012362155752565507,5.768334789969693,True
3.504824999999999,1.4971500500000006,0.0002143849190066418,4.3950812041156535,True
3.504824999999999,1.5742159500000006,0.00017600468915837626,4.887120580661358,True
3.504824999999999,1.6512818500000006,7.854618596840309e-05,6.8996125517390325,True
3.504824999999999,1.7283477500000006,0.00032980576472146987,3.320692655750289,True
3.504824999999999,1.8054136500000006,0.00021512428687489168,4.386493561537202,True
3.504824999999999,1.8824795500000007,0.00015487821703930076,5.206075487639228,True
3.504824999999999,1.9595454500000007,0.00011859746857661885,5.871824410620878,True
3.504824999999999,2.0366113500000007,6.780789262807325e-05,7.266300830330685,True
3.504824999999999,2.1136772500000007,5.824980630927857e-05,7.645285256004269,True
3.504824999999999,2.1907431500000007,0.00014617942955799545,5.350258932381014,True
3.504824999999999,2.2678090500000008,8.930448500064132e-05,6.57942699666796,True
3.504824999999999,2.344874950000001,3.4706887671155645e-05,8.936860384463746,True
3.504824999999999,2.421940850000001,0.0001294943202454473,5.652567344661227,True
3.504824999999999,2.499006750000001,5.370631833997758e-05,7.847850789933247,True
3.504824999999999,2.576072650000001,3.809485052617521e-05,8.704535282947232,True
3.504824999999999,2.653138550000001,7.369019467988336e-05,7.058793923179457,True
3.504824999999999,2.730204450000001,7.027303937088975e-05,7.177228944128541,True
3.504824999999999,2.807270350000001,8.440158523314308e-06,12.463698454301955,True
3.504824999999999,2.884336250000001,9.528900826602822e-06,12.161064614836684,True
3.504824999999999,2.961402150000001,7.023544205208871e-05,7.178563816611696,True
3.504824999999999,3.038468050000001,9.505332501193357e-06,12.167241634652175,True
3.504824999999999,3.115533950000001,2.3561363627270515e-08,27.133274347052172,False
3.504824999999999,3.192599850000001,0.0,,False
3.504824999999999,3.269665750000001,0.0,,False
3.504824999999999,3.346731650000001,0.0,,False
3.504824999999999,3.423797550000001,0.0,,False
3.504824999999999,3.5008634500000007,0.0,,False
3.504824999999999,3.5779293500000002,0.0,,False
3.504824999999999,3.6549952500000003,0.0,,False
3.504824999999999,3.7320611500000003,0.0,,False
3.504824999999999,3.80912705,0.0,,False
3.587598199999999,-3.82039705,0.0,,False
3.587598199999999,-3.74333115,0.0,,False
3.587598199999999,-3.66626525,0.0,,False
3.587598199999999,-3.58919935,0.0,,False
3.587598199999999,-3.51213345,0.0,,False
3.587598199999999,-3.43506755,0.0,,False
3.587598199999999,-3.35800165,0.0,,False
3.587598199999999,-3.28093575,0.0,,False
3.587598199999999,-3.20386985,0.0,,False
3.587598199999999,-3.1268039499999998,0.0,,False
3.587598199999999,-3.0497380499999998,0.0,,False
3.587598199999999,-2.9726721499999997,0.0,,False
3.587598199999999,-2.8956062499999997,0.0,,False
3.587598199999999,-2.8185403499999997,0.0,,False
3.587598199999999,-2.7414744499999997,0.0,,False
3.587598199999999,-2.6644085499999997,0.0,,False
3.587598199999999,-2.5873426499999996,0.0,,False
3.587598199999999,-2.5102767499999996,0.0,,False
3.587598199999999,-2.4332108499999996,0.0,,False
3.587598199999999,-2.3561449499999996,0.0,,False
3.587598199999999,-2.2790790499999996,0.0,,False
3.587598199999999,-2.2020131499999995,2.808583391196284e-09,32.438553378750335,False
3.587598199999999,-2.1249472499999995,1.1330634089340514e-06,17.47252066635034,False
3.587598199999999,-2.04788135,8.413774652731454e-06,12.471507950729283,True
3.587598199999999,-1.97081545,1.7880417138626048e-05,10.591185835058393,True
3.587598199999999,-1.89374955,0.00012488578623739348,5.742955725786148,True
3.587598199999999,-1.8166836499999999,3.354181626307415e-05,9.022030211219398,True
3.587598199999999,-1.7396177499999999,7.263450433976464e-05,7.0947864120548605,True
3.587598199999999,-1.6625518499999998,8.92601569332136e-05,6.580665418999958,True
3.587598199999999,-1.5854859499999998,8.929605925046773e-05,6.579662345060182,True
3.587598199999999,-1.5084200499999998,2.9701821691897638e-05,9.3253032119281,True
3.587598199999999,-1.4313541499999998,8.206806701536067e-05,6.790205413887996,True
3.587598199999999,-1.3542882499999997,2.858949713963527e-05,9.420509536377734,True
3.587598199999999,-1.2772223499999997,1.1827049567182756e-05,11.622138097380729,True
3.587598199999999,-1.2001564499999997,9.53065152240729e-06,12.160606384928778,True
3.587598199999999,-1.1230905499999997,2.3839405977866496e-06,15.617156932317306,True
3.587598199999999,-1.0460246499999997,9.590094317942121e-06,12.145097476508619,True
3.587598199999999,-0.9689587499999996,1.1885420551566469e-05,11.609857866460342,True
3.587598199999999,-0.8918928499999996,5.4954428716132144e-05,7.790546802451669,True
3.587598199999999,-0.8148269499999996,0.0003046210610518547,3.518831225523968,True
3.587598199999999,-0.7377610499999996,0.00027132883176798434,3.8075187497896668,True
3.587598199999999,-0.6606951499999996,0.00015033580088115084,5.280326084185948,True
3.587598199999999,-0.5836292499999995,8.551723728528391e-05,6.687516048248192,True
3.587598199999999,-0.5065633499999995,7.257118811146969e-05,7.096961700520826,True
3.587598199999999,-0.4294974499999995,3.5802346799506444e-05,8.859348095579044,True
3.587598199999999,-0.3524315499999995,8.205964126518708e-05,6.790461515379849,True
3.587598199999999,-0.27536564999999946,2.0202092433922286e-05,10.286676742855235,True
3.587598199999999,-0.19829974999999966,1.1824206174880588e-05,11.622737844287439,True
3.587598199999999,-0.12123384999999987,1.7883239645581636e-05,10.590792123160949,True
3.587598199999999,-0.044167949999999845,2.2717509464326896e-06,15.737393928515054,True
3.587598199999999,0.032897950000000176,2.918549219185736e-08,26.599327438909793,False
3.587598199999999,0.1099638500000002,1.1414891591076403e-06,17.45404074912868,False
3.587598199999999,0.18702975000000022,9.528907788385017e-06,12.161062792482005,True
3.587598199999999,0.26409565000000024,1.0646821660300997e-05,11.884362526954353,True
3.587598199999999,0.34116155000000026,1.0667595325883655e-05,11.879500411681086,True
3.587598199999999,0.4182274500000003,1.1788317781190832e-05,11.630320081698672,True
3.587598199999999,0.4952933500000003,2.021722804737597e-05,10.284808658533509,True
3.587598199999999,0.5723592500000003,2.968386357148837e-05,9.326811778762563,True
3.587598199999999,0.6494251500000003,8.317758298423185e-05,6.756709218327577,True
3.587598199999999,0.7264910500000004,3.807689936754814e-05,8.705710949046482,True
3.587598199999999,0.8035569500000004,9.156778234977165e-05,6.516999238924161,True
3.587598199999999,0.8806228500000004,8.930447107707693e-05,6.579427385563203,True
3.587598199999999,0.9576887500000004,1.29892566976155e-05,11.388335332959285,True
3.587598199999999,1.0347546500000004,2.857999261652837e-05,9.421338912359287,True
3.587598199999999,1.1118205500000005,9.492267235627483e-05,6.427245206437792,True
3.587598199999999,1.1888864500000005,5.597525374123687e-05,7.744637442974481,True
3.587598199999999,1.2659523500000005,4.039577304123537e-05,8.558252201749681,True
3.587598199999999,1.3430182500000005,0.00014632361328493248,5.347799859901249,True
3.587598199999999,1.4200841500000005,0.000151380263849487,5.263056503920026,True
3.587598199999999,1.4971500500000006,0.00036537300911770155,3.06523523558472,True
3.587598199999999,1.5742159500000006,0.00013583948708834864,5.533245845674826,True
3.587598199999999,1.6512818500000006,0.00011080175484371516,6.041420815311784,True
3.587598199999999,1.7283477500000006,0.00020606089318526353,4.493860420232093,True
3.587598199999999,1.8054136500000006,0.00032137511768304467,3.3852832035221927,True
3.587598199999999,1.8824795500000007,0.00020616462227753294,4.492605109758687,True
3.587598199999999,1.9595454500000007,0.0002634237439289,3.881270255045241,True
3.587598199999999,2.0366113500000007,0.0003619239084656003,3.0888934962468886,True
3.587598199999999,2.1136772500000007,0.00023824856566773839,4.131825106920523,True
3.587598199999999,2.1907431500000007,0.00011336280727747369,5.984423310253466,True
3.587598199999999,2.2678090500000008,8.095858585540047e-05,6.82415648343265,True
3.587598199999999,2.344874950000001,1.5306414484409233e-05,10.978891167917673,True
3.587598199999999,2.421940850000001,6.818472274484589e-05,7.252477368241952,True
3.587598199999999,2.499006750000001,0.00020803416980586905,4.470087822557516,True
3.587598199999999,2.576072650000001,9.044315165279335e-05,6.547824262519386,True
3.587598199999999,2.653138550000001,2.634413006378544e-05,9.624531321622728,True
3.587598199999999,2.730204450000001,1.0685532560946338e-05,11.87530977957503,True
3.587598199999999,2.807270350000001,1.165078369863688e-06,17.40301988452677,False
3.587598199999999,2.884336250000001,1.1471132876722272e-06,17.44178129334403,False
3.587598199999999,2.961402150000001,8.434534394749722e-06,12.465361119524992,True
3.587598199999999,3.038468050000001,1.1414891591076403e-06,17.45404074912868,False
3.587598199999999,3.115533950000001,2.8294687377791143e-09,32.42007346152868,False
3.587598199999999,3.192599850000001,0.0,,False
3.587598199999999,3.269665750000001,0.0,,False
3.587598199999999,3.346731650000001,0.0,,False
3.587598199999999,3.423797550000001,0.0,,False
3.587598199999999,3.5008634500000007,0.0,,False
3.587598199999999,3.5779293500000002,0.0,,False
3.587598199999999,3.6549952500000003,0.0,,False
3.587598199999999,3.7320611500000003,0.0,,False
3.587598199999999,3.80912705,0.0,,False
3.670371399999999,-3.82039705,0.0,,False
3.670371399999999,-3.74333115,0.0,,False
3.670371399999999,-3.66626525,0.0,,False
3.670371399999999,-3.58919935,0.0,,False
3.670371399999999,-3.51213345,0.0,,False
3.670371399999999,-3.43506755,0.0,,False
3.670371399999999,-3.35800165,0.0,,False
3.670371399999999,-3.28093575,0.0,,False
3.670371399999999,-3.20386985,0.0,,False
3.670371399999999,-3.1268039499999998,0.0,,False
3.670371399999999,-3.0497380499999998,0.0,,False
3.670371399999999,-2.9726721499999997,0.0,,False
3.670371399999999,-2.8956062499999997,0.0,,False
3.670371399999999,-2.8185403499999997,0.0,,False
3.670371399999999,-2.7414744499999997,0.0,,False
3.670371399999999,-2.6644085499999997,0.0,,False
3.670371399999999,-2.5873426499999996,0.0,,False
3.670371399999999,-2.5102767499999996,0.0,,False
3.670371399999999,-2.4332108499999996,0.0,,False
3.670371399999999,-2.3561449499999996,0.0,,False
3.670371399999999,-2.2790790499999996,0.0,,False
3.670371399999999,-2.2020131499999995,6.961782194276772e-12,47.404586091150335,False
3.670371399999999,-2.1249472499999995,2.808583391196284e-09,32.438553378750335,False
3.670371399999999,-2.04788135,2.6369947018466797e-08,26.852370006723515,False
3.670371399999999,-1.97081545,2.2896881814953733e-06,15.71777653563224,True
3.670371399999999,-1.89374955,2.511962282195131e-05,9.74325225895975,True
3.670371399999999,-1.8166836499999999,6.526517873180493e-05,7.361634347018514,True
3.670371399999999,-1.7396177499999999,1.793315007088079e-05,10.583840356598865,True
3.670371399999999,-1.6625518499999998,2.7445199397136435e-05,9.52239866170431,True
3.670371399999999,-1.5854859499999998,0.00013326646715626196,5.580945860470964,True
3.670371399999999,-1.5084200499999998,2.743290717598492e-05,9.5235160823445,True
3.670371399999999,-1.4313541499999998,7.982269297772865e-05,6.859401243534917,True
3.670371399999999,-1.3542882499999997,8.096247321172499e-05,6.824036716631339,True
3.670371399999999,-1.2772223499999997,1.7944398328009967e-05,10.582276316345457,True
3.670371399999999,-1.2001564499999997,4.5822336788573036e-06,13.987276774211233,True
3.670371399999999,-1.1230905499999997,2.5151616897534365e-05,9.740077319378,True
3.670371399999999,-1.0460246499999997,3.4755193315951355e-06,14.676818438586562,True
3.670371399999999,-0.9689587499999996,3.4828523852710235e-06,14.671561137679172,True
3.670371399999999,-0.8918928499999996,4.039297838140856e-05,8.558424771031369,True
3.670371399999999,-0.8148269499999996,0.00012857106110392055,5.670414999383553,True
3.670371399999999,-0.7377610499999996,0.00014750153053053635,5.3278006156326985,True
3.670371399999999,-0.6606951499999996,0.0002878332944581883,3.660228076448838,True
3.670371399999999,-0.5836292499999995,5.4824260059022327e-05,7.796462064983243,True
3.670371399999999,-0.5065633499999995,1.0743903545330053e-05,11.861721239992958,True
3.670371399999999,-0.4294974499999995,3.4519440444034766e-06,14.693795787161372,True
3.670371399999999,-0.3524315499999995,1.6820839442182816e-05,10.743558852121227,True
3.670371399999999,-0.27536564999999946,1.1839355711898657e-05,11.619544066181806,True
3.670371399999999,-0.19829974999999966,8.699122153195429e-05,6.64488966832862,True
3.670371399999999,-0.12123384999999987,0.00013325523282269722,5.58115614153969,True
3.670371399999999,-0.044167949999999845,1.7903978502253322e-05,10.587901161357879,True
3.670371399999999,0.032897950000000176,8.416597159687039e-06,12.470671333604498,True
3.670371399999999,0.1099638500000002,1.1566317343435161e-06,17.421169319721937,False
3.670371399999999,0.18702975000000022,3.199407558305364e-08,26.37015007425283,False
3.670371399999999,0.26409565000000024,1.1594472795169069e-06,17.41510482283256,False
3.670371399999999,0.34116155000000026,8.419405743078237e-06,12.469839121993447,True
3.670371399999999,0.4182274500000003,9.531723333558407e-06,12.160325888910013,True
3.670371399999999,0.4952933500000003,6.19187353608219e-05,7.492925959440082,True
3.670371399999999,0.5723592500000003,1.794829960789886e-05,10.58173408272483,True
3.670371399999999,0.6494251500000003,7.868122470396758e-05,6.895327898865429,True
3.670371399999999,0.7264910500000004,7.25599468161227e-05,7.097348104155747,True
3.670371399999999,0.8035569500000004,2.6346938647176632e-05,9.624265410960344,True
3.670371399999999,0.8806228500000004,7.259301270285687e-05,7.096211681922888,True
3.670371399999999,0.9576887500000004,2.6284701191814994e-05,9.630164576239924,True
3.670371399999999,1.0347546500000004,7.257228776974958e-05,7.096923904536106,True
3.670371399999999,1.1118205500000005,8.704115284260002e-05,6.643458375919785,True
3.670371399999999,1.1888864500000005,7.262499981665773e-05,7.095112827882779,True
3.670371399999999,1.2659523500000005,2.0272804371932873e-05,10.27796123161547,True
3.670371399999999,1.3430182500000005,4.650756032953775e-05,8.206825470505446,True
3.670371399999999,1.4200841500000005,0.00017587562015954633,4.888950417771802,True
3.670371399999999,1.4971500500000006,0.0001987885380738178,4.583482227553559,True
3.670371399999999,1.5742159500000006,7.615100407526947e-05,6.97685859045225,True
3.670371399999999,1.6512818500000006,0.0001474028719504607,5.329469549225453,True
3.670371399999999,1.7283477500000006,5.832049736194257e-05,7.642260000849188,True
3.670371399999999,1.8054136500000006,0.00017980705160184073,4.833807324823302,True
3.670371399999999,1.8824795500000007,0.00012236960852565136,5.793724416441109,True
3.670371399999999,1.9595454500000007,0.00011289063204791205,5.99483434932495,True
3.670371399999999,2.0366113500000007,6.051313846731986e-05,7.550201712698476,True
3.670371399999999,2.1136772500000007,4.986239464178338e-05,8.033089243791753,True
3.670371399999999,2.1907431500000007,2.3627659569525105e-05,9.895983828070857,True
3.670371399999999,2.2678090500000008,1.1879768575873107e-05,11.611044302838044,True
3.670371399999999,2.344874950000001,3.579844551961755e-05,8.859619911390965,True
3.670371399999999,2.421940850000001,0.00020691344038877967,4.4835617435145005,True
3.670371399999999,2.499006750000001,0.00011440332719522776,5.961633028024123,True
3.670371399999999,2.576072650000001,2.978202422945074e-05,9.318576934625918,True
3.670371399999999,2.653138550000001,7.256553613577631e-05,7.097155971712578,True
3.670371399999999,2.730204450000001,1.9037055834751764e-05,10.434837468516042,True
3.670371399999999,2.807270350000001,9.537333538558604e-06,12.158858196782013,True
3.670371399999999,2.884336250000001,3.4048143553667408e-06,14.728085827971077,True
3.670371399999999,2.961402150000001,1.676809954814588e-05,10.751391863540887,True
3.670371399999999,3.038468050000001,2.268935401259299e-06,15.740487260179187,True
3.670371399999999,3.115533950000001,5.624128564586845e-09,30.70651997257919,False
3.670371399999999,3.192599850000001,0.0,,False
3.670371399999999,3.269665750000001,0.0,,False
3.670371399999999,3.346731650000001,0.0,,False
3.670371399999999,3.423797550000001,0.0,,False
3.670371399999999,3.5008634500000007,0.0,,False
3.670371399999999,3.5779293500000002,0.0,,False
3.670371399999999,3.6549952500000003,0.0,,False
3.670371399999999,3.7320611500000003,0.0,,False
3.670371399999999,3.80912705,0.0,,False
3.7531445999999993,-3.82039705,0.0,,False
3.7531445999999993,-3.74333115,0.0,,False
3.7531445999999993,-3.66626525,0.0,,False
3.7531445999999993,-3.58919935,0.0,,False
3.7531445999999993,-3.51213345,0.0,,False
3.7531445999999993,-3.43506755,0.0,,False
3.7531445999999993,-3.35800165,0.0,,False
3.7531445999999993,-3.28093575,0.0,,False
3.7531445999999993,-3.20386985,0.0,,False
3.7531445999999993,-3.1268039499999998,0.0,,False
3.7531445999999993,-3.0497380499999998,0.0,,False
3.7531445999999993,-2.9726721499999997,0.0,,False
3.7531445999999993,-2.8956062499999997,0.0,,False
3.7531445999999993,-2.8185403499999997,0.0,,False
3.7531445999999993,-2.7414744499999997,0.0,,False
3.7531445999999993,-2.6644085499999997,0.0,,False
3.7531445999999993,-2.5873426499999996,0.0,,False
3.7531445999999993,-2.5102767499999996,0.0,,False
3.7531445999999993,-2.4332108499999996,0.0,,False
3.7531445999999993,-2.3561449499999996,0.0,,False
3.7531445999999993,-2.2790790499999996,0.0,,False
3.7531445999999993,-2.2020131499999995,0.0,,False
3.7531445999999993,-2.1249472499999995,0.0,,False
3.7531445999999993,-2.04788135,1.3923564388553544e-11,45.67564219468901,False
3.7531445999999993,-1.97081545,8.425750173588853e-09,29.698242137008414,False
3.7531445999999993,-1.89374955,1.174575931188394e-06,17.382768802393418,False
3.7531445999999993,-1.8166836499999999,8.383510387606284e-06,12.480496238040951,True
3.7531445999999993,-1.7396177499999999,2.2953262336243485e-06,15.711642108162915,True
3.7531445999999993,-1.6625518499999998,1.0667574440537072e-05,11.879505295179138,True
3.7531445999999993,-1.5854859499999998,1.7903985464035517e-05,10.587900191459488,True
3.7531445999999993,-1.5084200499999998,3.439610052558797e-06,14.702724161415523,True
3.7531445999999993,-1.4313541499999998,2.1323921509291548e-05,10.151874360734366,True
3.7531445999999993,-1.3542882499999997,0.00010486038345166895,6.178890880247534,True
3.7531445999999993,-1.2772223499999997,7.48355711953155e-05,7.0203222992793775,True
3.7531445999999993,-1.2001564499999997,3.4659751020336715e-05,8.940250336655938,True
3.7531445999999993,-1.1230905499999997,0.00019625146222967843,4.61552158399072,True
3.7531445999999993,-1.0460246499999997,4.308304411973946e-05,8.3976059086309,True
3.7531445999999993,-0.9689587499999996,2.865458494908127e-05,9.414837295279698,True
3.7531445999999993,-0.8918928499999996,0.00021303643416351804,4.410820189455239,True
3.7531445999999993,-0.8148269499999996,0.00017637307263962876,4.8819053052407515,True
3.7531445999999993,-0.7377610499999996,0.00011068783538190331,6.043986658309428,True
3.7531445999999993,-0.6606951499999996,0.0001763052249792669,4.882865018690485,True
3.7531445999999993,-0.5836292499999995,9.156498768994484e-05,6.517075367608252,True
3.7531445999999993,-0.5065633499999995,9.623153242894098e-06,12.136513790712987,True
3.7531445999999993,-0.4294974499999995,8.404263167842357e-06,12.474329310563075,True
3.7531445999999993,-0.3524315499999995,6.190749406547492e-05,7.493378845701563,True
3.7531445999999993,-0.27536564999999946,1.788884288879964e-05,10.590010710058507,True
3.7531445999999993,-0.19829974999999966,7.365819364251812e-05,7.0598773612928545,True
3.7531445999999993,-0.12123384999999987,3.4663645338443426e-05,8.939970092201204,True
3.7531445999999993,-0.044167949999999845,1.1800637849471121e-05,11.627714588905718,True
3.7531445999999993,0.032897950000000176,6.300466211893703e-05,7.449559584295885,True
3.7531445999999993,0.1099638500000002,1.6744538184518612e-05,10.75489919908901,True
3.7531445999999993,0.18702975000000022,1.1745689694061999e-06,17.382783586533247,False
3.7531445999999993,0.26409565000000024,8.3750776756505e-06,12.483006478425555,True
3.7531445999999993,0.34116155000000026,6.186597458143838e-05,7.495052284515208,True
3.7531445999999993,0.4182274500000003,9.505332501193357e-06,12.167241634652175,True
3.7531445999999993,0.4952933500000003,8.398646001059966e-06,12.47599701195341,True
3.7531445999999993,0.5723592500000003,3.4048073935845464e-06,14.728090928120242,True
3.7531445999999993,0.6494251500000003,1.7903985464035517e-05,10.587900191459488,True
3.7531445999999993,0.7264910500000004,1.1785509197799636e-05,11.630914432248888,True
3.7531445999999993,0.8035569500000004,1.184215733350766e-05,11.618953884848327,True
3.7531445999999993,0.8806228500000004,2.6284666382904025e-05,9.630167879502668,True
3.7531445999999993,0.9576887500000004,6.52915626023878e-05,7.3606261981948355,True
3.7531445999999993,1.0347546500000004,1.7894460055582034e-05,10.58922760084658,True
3.7531445999999993,1.1118205500000005,1.07214139928539e-05,11.866947958249854,True
3.7531445999999993,1.1888864500000005,1.7906794047426713e-05,10.587508937284369,True
3.7531445999999993,1.2659523500000005,7.142968502879765e-05,7.1365080587141305,True
3.7531445999999993,1.3430182500000005,9.159137156052769e-05,6.516356743232573,True
3.7531445999999993,1.4200841500000005,0.00017861563809386957,4.850389979623171,True
3.7531445999999993,1.4971500500000006,0.0001419051956134188,5.424280028750373,True
3.7531445999999993,1.5742159500000006,0.00020925477576781427,4.4554954711029575,True
3.7531445999999993,1.6512818500000006,0.00010501867971338389,6.175128288838033,True
3.7531445999999993,1.7283477500000006,3.2094188039857876e-05,9.132075328237326,True
3.7531445999999993,1.8054136500000006,0.00010731224132763938,6.121239366930294,True
3.7531445999999993,1.8824795500000007,0.00010109282366717873,6.27016034013427,True
3.7531445999999993,1.9595454500000007,8.329824015645255e-05,6.753093559171472,True
3.7531445999999993,2.0366113500000007,4.42980398766845e-05,8.328236057988214,True
3.7531445999999993,2.1136772500000007,0.00014397276642100877,5.388199514235871,True
3.7531445999999993,2.1907431500000007,8.817423713688066e-05,6.611197105926684,True
3.7531445999999993,2.2678090500000008,1.7995429296935595e-05,10.575192887236168,True
3.7531445999999993,2.344874950000001,7.366664723982049e-05,7.0595911076573605,True
3.7531445999999993,2.421940850000001,9.650498674510343e-05,6.386008552745642,True
3.7531445999999993,2.499006750000001,2.3673052486321755e-05,9.891196359012325,True
3.7531445999999993,2.576072650000001,3.5837121611351925e-05,8.856926520693634,True
3.7531445999999993,2.653138550000001,8.20332922035152e-05,6.791262567389373,True
3.7531445999999993,2.730204450000001,7.974920726523782e-05,6.8616986188938265,True
3.7531445999999993,2.807270350000001,7.030331755957931e-05,7.176154452468393,True
3.7531445999999993,2.884336250000001,2.5161121420641254e-05,9.739134913868115,True
3.7531445999999993,2.961402150000001,0.00012377064613995774,5.765328409391602,True
3.7531445999999993,3.038468050000001,1.6747353729692002e-05,10.754479818567745,True
3.7531445999999993,3.115533950000001,4.1512522254342735e-08,25.72051356785078,False
3.7531445999999993,3.192599850000001,0.0,,False
3.7531445999999993,3.269665750000001,0.0,,False
3.7531445999999993,3.346731650000001,0.0,,False
3.7531445999999993,3.423797550000001,0.0,,False
3.7531445999999993,3.5008634500000007,0.0,,False
3.7531445999999993,3.5779293500000002,0.0,,False
3.7531445999999993,3.6549952500000003,0.0,,False
3.7531445999999993,3.7320611500000003,0.0,,False
3.7531445999999993,3.80912705,0.0,,False
3.835917799999999,-3.82039705,0.0,,False
3.835917799999999,-3.74333115,0.0,,False
3.835917799999999,-3.66626525,0.0,,False
3.835917799999999,-3.58919935,0.0,,False
3.835917799999999,-3.51213345,0.0,,False
3.835917799999999,-3.43506755,0.0,,False
3.835917799999999,-3.35800165,0.0,,False
3.835917799999999,-3.28093575,0.0,,False
3.835917799999999,-3.20386985,0.0,,False
3.835917799999999,-3.1268039499999998,0.0,,False
3.835917799999999,-3.0497380499999998,0.0,,False
3.835917799999999,-2.9726721499999997,0.0,,False
3.835917799999999,-2.8956062499999997,0.0,,False
3.835917799999999,-2.8185403499999997,0.0,,False
3.835917799999999,-2.7414744499999997,0.0,,False
3.835917799999999,-2.6644085499999997,0.0,,False
3.835917799999999,-2.5873426499999996,0.0,,False
3.835917799999999,-2.5102767499999996,0.0,,False
3.835917799999999,-2.4332108499999996,0.0,,False
3.835917799999999,-2.3561449499999996,0.0,,False
3.835917799999999,-2.2790790499999996,0.0,,False
3.835917799999999,-2.2020131499999995,0.0,,False
3.835917799999999,-2.1249472499999995,0.0,,False
3.835917799999999,-2.04788135,0.0,,False
3.835917799999999,-1.97081545,6.961782194276772e-12,47.404586091150335,False
3.835917799999999,-1.89374955,2.808583391196284e-09,32.438553378750335,False
3.835917799999999,-1.8166836499999999,4.150556047214846e-08,25.720931911489014,False
3.835917799999999,-1.7396177499999999,8.375091599214889e-06,12.483002331591441,True
3.835917799999999,-1.6625518499999998,6.186880405017617e-05,7.4949382073948705,True
3.835917799999999,-1.5854859499999998,8.41939878129604e-06,12.469841184496557,True
3.835917799999999,-1.5084200499999998,1.357579767634248e-07,22.765024932388332,False
3.835917799999999,-1.4313541499999998,2.628187172307721e-05,9.630433098733599,True
3.835917799999999,-1.3542882499999997,0.0001951184057825266,4.629964364436228,True
3.835917799999999,-1.2772223499999997,3.4654140815336514e-05,8.940654115799946,True
3.835917799999999,-1.2001564499999997,1.3016719341131664e-05,11.383067223642161,True
3.835917799999999,-1.1230905499999997,0.00010488394481529622,6.178330483464792,True
3.835917799999999,-1.0460246499999997,0.00014503792647532342,5.369813467413852,True
3.835917799999999,-0.9689587499999996,3.9212764398091194e-05,8.632391023418327,True
3.835917799999999,-0.8918928499999996,0.00010719439273880986,6.123980115129311,True
3.835917799999999,-0.8148269499999996,9.268011386381619e-05,6.486881496432974,True
3.835917799999999,-0.7377610499999996,2.1367142956657197e-05,10.146823703379777,True
3.835917799999999,-0.6606951499999996,2.749793929117337e-05,9.517610030884196,True
3.835917799999999,-0.5836292499999995,7.364868215762903e-05,7.060199476137389,True
3.835917799999999,-0.5065633499999995,1.7888863774146222e-05,10.590007797902592,True
3.835917799999999,-0.4294974499999995,2.3104409617314474e-06,15.695270725810467,True
3.835917799999999,-0.3524315499999995,8.38070180421509e-06,12.481332013497628,True
3.835917799999999,-0.27536564999999946,2.292517650233152e-06,15.714696074050673,True
3.835917799999999,-0.19829974999999966,1.7906780123862324e-05,10.587510876777284,True
3.835917799999999,-0.12123384999999987,7.141562818827728e-05,7.136998974682372,True
3.835917799999999,-0.044167949999999845,1.067038998571046e-05,11.878847038990452,True
3.835917799999999,0.032897950000000176,1.6788866251946347e-05,10.748304623672086,True
3.835917799999999,0.1099638500000002,6.299903799037244e-05,7.449782252074845,True
3.835917799999999,0.18702975000000022,8.37789322082389e-06,12.482168069090571,True
3.835917799999999,0.26409565000000024,1.15382315095232e-06,17.427233547143064,False
3.835917799999999,0.34116155000000026,8.375084637432696e-06,12.483004405007637,True
3.835917799999999,0.4182274500000003,1.156624772561322e-06,17.42118433322631,False
3.835917799999999,0.4952933500000003,4.7136650818929573e-08,25.40359354594225,False
3.835917799999999,0.5723592500000003,8.380708765997281e-06,12.481329941471142,True
3.835917799999999,0.6494251500000003,6.193104846732e-05,7.492429986685687,True
3.835917799999999,0.7264910500000004,1.7924731282489397e-05,10.585011608775735,True
3.835917799999999,0.8035569500000004,7.863970521993105e-05,6.8966444898852854,True
3.835917799999999,0.8806228500000004,7.365539202090911e-05,7.0599722363637545,True
3.835917799999999,0.9576887500000004,2.5148801352360968e-05,9.740356558548559,True
3.835917799999999,1.0347546500000004,3.443525256012082e-06,14.699886546159773,True
3.835917799999999,1.1118205500000005,8.409873372842556e-06,12.472664788283089,True
3.835917799999999,1.1888864500000005,2.3132565069048382e-06,15.692232930001499,True
3.835917799999999,1.2659523500000005,9.560908825750264e-06,12.152700061183328,True
3.835917799999999,1.3430182500000005,2.856876524474578e-05,9.422318981578767,True
3.835917799999999,1.4200841500000005,0.0001595634536074463,5.131737806838991,True
3.835917799999999,1.4971500500000006,0.0001557055078776427,5.192787292929022,True
3.835917799999999,1.5742159500000006,5.598087090801927e-05,7.744387146404729,True
3.835917799999999,1.6512818500000006,4.766244832985899e-05,8.14564194920288,True
3.835917799999999,1.7283477500000006,9.49602627132937e-05,6.4262576180938495,True
3.835917799999999,1.8054136500000006,0.00016793293500166098,5.004219645512643,True
3.835917799999999,1.8824795500000007,9.160928094846158e-05,6.5158690584948085,True
3.835917799999999,1.9595454500000007,3.472203024639153e-05,8.93577234465401,True
3.835917799999999,2.0366113500000007,0.00013555053817097495,5.538557291909852,True
3.835917799999999,2.1136772500000007,0.00010488395177707842,6.178330317900436,True
3.835917799999999,2.1907431500000007,8.205401713662251e-05,6.790632475946504,True
3.835917799999999,2.2678090500000008,1.9039871379925154e-05,10.43446858772368,True
3.835917799999999,2.344874950000001,1.0673198569101658e-05,11.878190583445768,True
3.835917799999999,2.421940850000001,1.0768529758326244e-05,11.85601048248091,True
3.835917799999999,2.499006750000001,3.465694939872771e-05,8.940451967529967,True
3.835917799999999,2.576072650000001,0.00018786969557609443,4.724394966213095,True
3.835917799999999,2.653138550000001,3.46720780503992e-05,8.939363361945196,True
3.835917799999999,2.730204450000001,1.0729832781245294e-05,11.864990094288842,True
3.835917799999999,2.807270350000001,1.0652452750647778e-05,11.88304362311638,True
3.835917799999999,2.884336250000001,1.2907338273168903e-05,11.404116016490397,True
3.835917799999999,2.961402150000001,2.625267926910316e-05,9.633205212563754,True
3.835917799999999,3.038468050000001,3.4019988101933504e-06,14.730149326338887,True
3.835917799999999,3.115533950000001,8.425750173588851e-09,29.698242137008414,False
3.835917799999999,3.192599850000001,0.0,,False
3.835917799999999,3.269665750000001,0.0,,False
3.835917799999999,3.346731650000001,0.0,,False
3.835917799999999,3.423797550000001,0.0,,False
3.835917799999999,3.5008634500000007,0.0,,False
3.835917799999999,3.5779293500000002,0.0,,False
3.835917799999999,3.6549952500000003,0.0,,False
3.835917799999999,3.7320611500000003,0.0,,False
3.835917799999999,3.80912705,0.0,,False
3.9186909999999986,-3.82039705,0.0,,False
3.9186909999999986,-3.74333115,0.0,,False
3.9186909999999986,-3.66626525,0.0,,False
3.9186909999999986,-3.58919935,0.0,,False
3.9186909999999986,-3.51213345,0.0,,False
3.9186909999999986,-3.43506755,0.0,,False
3.9186909999999986,-3.35800165,0.0,,False
3.9186909999999986,-3.28093575,0.0,,False
3.9186909999999986,-3.20386985,0.0,,False
3.9186909999999986,-3.1268039499999998,0.0,,False
3.9186909999999986,-3.0497380499999998,0.0,,False
3.9186909999999986,-2.9726721499999997,0.0,,False
3.9186909999999986,-2.8956062499999997,0.0,,False
3.9186909999999986,-2.8185403499999997,0.0,,False
3.9186909999999986,-2.7414744499999997,0.0,,False
3.9186909999999986,-2.6644085499999997,0.0,,False
3.9186909999999986,-2.5873426499999996,0.0,,False
3.9186909999999986,-2.5102767499999996,0.0,,False
3.9186909999999986,-2.4332108499999996,0.0,,False
3.9186909999999986,-2.3561449499999996,0.0,,False
3.9186909999999986,-2.2790790499999996,0.0,,False
3.9186909999999986,-2.2020131499999995,0.0,,False
3.9186909999999986,-2.1249472499999995,0.0,,False
3.9186909999999986,-2.04788135,0.0,,False
3.9186909999999986,-1.97081545,0.0,,False
3.9186909999999986,-1.89374955,0.0,,False
3.9186909999999986,-1.8166836499999999,2.808583391196284e-09,32.438553378750335,False
3.9186909999999986,-1.7396177499999999,1.1330634089340514e-06,17.47252066635034,False
3.9186909999999986,-1.6625518499999998,8.377886259041698e-06,12.482170141813402,True
3.9186909999999986,-1.5854859499999998,3.3991902268021537e-06,14.732209424608412,True
3.9186909999999986,-1.5084200499999998,1.675577947986559e-05,10.753225208990445,True
3.9186909999999986,-1.4313541499999998,5.668132589843648e-06,13.456797931918942,True
3.9186909999999986,-1.3542882499999997,2.514598580718758e-05,9.740635828983208,True
3.9186909999999986,-1.2772223499999997,3.4283896425584e-06,14.710874286632343,True
3.9186909999999986,-1.2001564499999997,2.312170772189332e-06,15.693403931121123,True
3.9186909999999986,-1.1230905499999997,2.746876076076371e-05,9.520258221402068,True
3.9186909999999986,-1.0460246499999997,8.930166945546791e-05,6.579505638118475,True
3.9186909999999986,-0.9689587499999996,8.315965271095135e-05,6.75724697135759,True
3.9186909999999986,-0.8918928499999996,8.820729606183263e-05,6.610262085596817,True
3.9186909999999986,-0.8148269499999996,1.9084178562006305e-05,10.428670821082273,True
3.9186909999999986,-0.7377610499999996,1.1970654836645473e-06,17.335461275904706,False
3.9186909999999986,-0.6606951499999996,1.2245142036163258e-06,17.27891195842062,False
3.9186909999999986,-0.5836292499999995,1.6776532260101665e-05,10.750137770721459,True
3.9186909999999986,-0.5065633499999995,6.413212924643527e-05,7.405318123083613,True
3.9186909999999986,-0.4294974499999995,1.6750162313083198e-05,10.754061545255052,True
3.9186909999999986,-0.3524315499999995,1.174575931188394e-06,17.382768802393418,False
3.9186909999999986,-0.27536564999999946,3.198711380085937e-08,26.370692891402012,False
3.9186909999999986,-0.19829974999999966,9.526092243211624e-06,12.161799913822074,True
3.9186909999999986,-0.12123384999999987,7.024105921887109e-05,7.178364336743532,True
3.9186909999999986,-0.044167949999999845,1.0644020038691994e-05,11.885018977608627,True
3.9186909999999986,0.032897950000000176,9.549646645056701e-06,12.155639975452914,True
3.9186909999999986,0.1099638500000002,9.508141084584553e-06,12.16650473000358,True
3.9186909999999986,0.18702975000000022,1.1358859158896362e-06,17.466314893373493,False
3.9186909999999986,0.26409565000000024,8.425750173588853e-09,29.698242137008414,False
3.9186909999999986,0.34116155000000026,1.1538161891701255e-06,17.427248597192733,False
3.9186909999999986,0.4182274500000003,8.375077675650502e-06,12.483006478425555,True
3.9186909999999986,0.4952933500000003,1.1386875374986381e-06,17.46017027143138,False
3.9186909999999986,0.5723592500000003,2.268935401259299e-06,15.740487260179187,True
3.9186909999999986,0.6494251500000003,1.676809954814588e-05,10.751391863540887,True
3.9186909999999986,0.7264910500000004,1.1774274864234849e-05,11.633293251680247,True
3.9186909999999986,0.8035569500000004,7.139768399143242e-05,7.13762579168865,True
3.9186909999999986,0.8806228500000004,2.6273432049339238e-05,9.631234213148726,True
3.9186909999999986,0.9576887500000004,6.306411187625405e-05,7.447207093004808,True
3.9186909999999986,1.0347546500000004,1.675577947986559e-05,10.753225208990445,True
3.9186909999999986,1.1118205500000005,6.303774889101779e-05,7.448250031104716,True
3.9186909999999986,1.1888864500000005,1.6750162313083198e-05,10.754061545255052,True
3.9186909999999986,1.2659523500000005,1.185824188317568e-06,17.358995564814805,False
3.9186909999999986,1.3430182500000005,3.4368014691676003e-06,14.704761723842413,True
3.9186909999999986,1.4200841500000005,2.745083744926541e-05,9.521886303692447,True
3.9186909999999986,1.4971500500000006,2.8613065465044734e-05,9.418454125262377,True
3.9186909999999986,1.5742159500000006,8.934597663754908e-05,6.578268374405016,True
3.9186909999999986,1.6512818500000006,0.00020355184051899637,4.5244185798824645,True
3.9186909999999986,1.7283477500000006,0.00011552518411772582,5.937292302088793,True
3.9186909999999986,1.8054136500000006,0.000159570184356073,5.131632592186823,True
3.9186909999999986,1.8824795500000007,2.8595107344635466e-05,9.420020112621213,True
3.9186909999999986,1.9595454500000007,3.5018823168314083e-06,14.657969436391241,True
3.9186909999999986,2.0366113500000007,1.9027537388080476e-05,10.436084939154432,True
3.9186909999999986,2.1136772500000007,2.0208809258984576e-05,10.285847558812314,True
3.9186909999999986,2.1907431500000007,1.9042659077969767e-05,10.434103409082269,True
3.9186909999999986,2.2678090500000008,6.30074846258926e-05,7.44944784445565,True
3.9186909999999986,2.344874950000001,8.41939878129604e-06,12.469841184496557,True
3.9186909999999986,2.421940850000001,8.42500898629624e-06,12.468179653543785,True
3.9186909999999986,2.499006750000001,6.526798731519612e-05,7.361527009416923,True
3.9186909999999986,2.576072650000001,3.462777086831806e-05,8.942552896685026,True
3.9186909999999986,2.653138550000001,1.294884383364105e-05,11.396107949576807,True
3.9186909999999986,2.730204450000001,9.560880978621488e-06,12.152707326211766,True
3.9186909999999986,2.807270350000001,9.55247611379448e-06,12.154901036251715,True
3.9186909999999986,2.884336250000001,7.024667638565346e-05,7.1781648728271055,True
3.9186909999999986,2.961402150000001,7.027694761256084e-05,7.177090225100605,True
3.9186909999999986,3.038468050000001,8.398639039277773e-06,12.475999079554608,True
3.9186909999999986,3.115533950000001,2.0766703800462783e-08,27.448202854213406,False
3.9186909999999986,3.192599850000001,0.0,,False
3.9186909999999986,3.269665750000001,0.0,,False
3.9186909999999986,3.346731650000001,0.0,,False
3.9186909999999986,3.423797550000001,0.0,,False
3.9186909999999986,3.5008634500000007,0.0,,False
3.9186909999999986,3.5779293500000002,0.0,,False
3.9186909999999986,3.6549952500000003,0.0,,False
3.9186909999999986,3.7320611500000003,0.0,,False
3.9186909999999986,3.80912705,0.0,,False
4.001464199999998,-3.82039705,0.0,,False
4.001464199999998,-3.74333115,0.0,,False
4.001464199999998,-3.66626525,0.0,,False
4.001464199999998,-3.58919935,0.0,,False
4.001464199999998,-3.51213345,0.0,,False
4.001464199999998,-3.43506755,0.0,,False
4.001464199999998,-3.35800165,0.0,,False
4.001464199999998,-3.28093575,0.0,,False
4.001464199999998,-3.20386985,0.0,,False
4.001464199999998,-3.1268039499999998,0.0,,False
4.001464199999998,-3.0497380499999998,0.0,,False
4.001464199999998,-2.9726721499999997,0.0,,False
4.001464199999998,-2.8956062499999997,0.0,,False
4.001464199999998,-2.8185403499999997,0.0,,False
4.001464199999998,-2.7414744499999997,0.0,,False
4.001464199999998,-2.6644085499999997,0.0,,False
4.001464199999998,-2.5873426499999996,0.0,,False
4.001464199999998,-2.5102767499999996,0.0,,False
4.001464199999998,-2.4332108499999996,0.0,,False
4.001464199999998,-2.3561449499999996,0.0,,False
4.001464199999998,-2.2790790499999996,0.0,,False
4.001464199999998,-2.2020131499999995,0.0,,False
4.001464199999998,-2.1249472499999995,0.0,,False
4.001464199999998,-2.04788135,0.0,,False
4.001464199999998,-1.97081545,0.0,,False
4.001464199999998,-1.89374955,0.0,,False
4.001464199999998,-1.8166836499999999,6.961782194276772e-12,47.404586091150335,False
4.001464199999998,-1.7396177499999999,2.8155451733905604e-09,32.43237818129086,False
4.001464199999998,-1.6625518499999998,6.507388588161325e-08,24.599237924963756,False
4.001464199999998,-1.5854859499999998,1.677090813153708e-05,10.750974107680726,True
4.001464199999998,-1.5084200499999998,0.00012374992120685042,5.765746112091215,True
4.001464199999998,-1.4313541499999998,1.675577947986559e-05,10.753225208990445,True
4.001464199999998,-1.3542882499999997,1.0377086296256543e-07,23.435225054397755,False
4.001464199999998,-1.2772223499999997,2.918549219185736e-08,26.599327438909793,False
4.001464199999998,-1.2001564499999997,8.380729651343864e-06,12.481323725402001,True
4.001464199999998,-1.1230905499999997,6.415847134632497e-05,7.404293790481479,True
4.001464199999998,-1.0460246499999997,2.6317753154984778e-05,9.627030015104275,True
4.001464199999998,-0.9689587499999996,2.0172920865294814e-05,10.290281139821289,True
4.001464199999998,-0.8918928499999996,7.139769095321461e-05,7.137625548472882,True
4.001464199999998,-0.8148269499999996,9.534517993385214e-06,12.15959466681664,True
4.001464199999998,-0.7377610499999996,1.162255862908103e-06,17.409069975591347,False
4.001464199999998,-0.6606951499999996,8.398646001059967e-06,12.475997011953407,True
4.001464199999998,-0.5836292499999995,2.3104409617314474e-06,15.695270725810467,True
4.001464199999998,-0.5065633499999995,1.6750162313083198e-05,10.754061545255052,True
4.001464199999998,-0.4294974499999995,6.299623636876343e-05,7.4498931799406405,True
4.001464199999998,-0.3524315499999995,8.3750776756505e-06,12.483006478425555,True
4.001464199999998,-0.27536564999999946,2.356832540946479e-08,27.13253744240358,False
4.001464199999998,-0.19829974999999966,1.1358719923252478e-06,17.46634546889086,False
4.001464199999998,-0.12123384999999987,8.413774652731454e-06,12.471507950729283,True
4.001464199999998,-0.044167949999999845,9.508148046366747e-06,12.166502903670036,True
4.001464199999998,0.032897950000000176,6.186879012661177e-05,7.4949387687454765,True
4.001464199999998,0.1099638500000002,8.39302187249538e-06,12.477667898090859,True
4.001464199999998,0.18702975000000022,2.3561363627270515e-08,27.133274347052172,False
4.001464199999998,0.26409565000000024,2.0759742018268505e-08,27.44903919082556,False
4.001464199999998,0.34116155000000026,8.372269092259306e-06,12.48384309555034,True
4.001464199999998,0.4182274500000003,6.186316599804719e-05,7.495165524750339,True
4.001464199999998,0.4952933500000003,8.393028834277574e-06,12.477665829105886,True
4.001464199999998,0.5723592500000003,8.395830455886575e-06,12.47683334925893,True
4.001464199999998,0.6494251500000003,6.188673432345665e-05,7.494215424770722,True
4.001464199999998,0.7264910500000004,9.51376521314914e-06,12.165029748242873,True
4.001464199999998,0.8035569500000004,9.552462190230093e-06,12.154904671969991,True
4.001464199999998,0.8806228500000004,1.0661957273754678e-05,11.880819071541506,True
4.001464199999998,0.9576887500000004,9.516573796540337e-06,12.164293496667744,True
4.001464199999998,1.0347546500000004,3.4227585522116185e-06,14.714974577509043,True
4.001464199999998,1.1118205500000005,2.5119615860169114e-05,9.743252950253797,True
4.001464199999998,1.1888864500000005,6.41292928159153e-05,7.4054284449332455,True
4.001464199999998,1.2659523500000005,8.398659924624354e-06,12.475992876756152,True
4.001464199999998,1.3430182500000005,8.401461546233356e-06,12.475160954972939,True
4.001464199999998,1.4200841500000005,6.1933850088929e-05,7.49231715095056,True
4.001464199999998,1.4971500500000006,9.563689562012682e-06,12.15197470233191,True
4.001464199999998,1.5742159500000006,1.1800665696599899e-05,11.62770870277547,True
4.001464199999998,1.6512818500000006,2.7412140472184457e-05,9.525405011224358,True
4.001464199999998,1.7283477500000006,2.2441849304771924e-05,10.024418711675652,True
4.001464199999998,1.8054136500000006,8.093218806125323e-05,6.824969933647027,True
4.001464199999998,1.8824795500000007,2.0172927827077012e-05,10.290280279011867,True
4.001464199999998,1.9595454500000007,9.560908825750266e-06,12.152700061183328,True
4.001464199999998,2.0366113500000007,9.555277735403483e-06,12.154169585182522,True
4.001464199999998,2.1136772500000007,6.191871447547531e-05,7.492926800787026,True
4.001464199999998,2.1907431500000007,9.531716371776212e-06,12.16032771072639,True
4.001464199999998,2.2678090500000008,8.395844379450964e-06,12.476829212674938,True
4.001464199999998,2.344874950000001,1.135878954107442e-06,17.46633018108533,False
4.001464199999998,2.421940850000001,1.1358928776718304e-06,17.46629960575536,False
4.001464199999998,2.499006750000001,8.401447622668967e-06,12.475165088791236,True
4.001464199999998,2.576072650000001,9.588343622137653e-06,12.145552865886241,True
4.001464199999998,2.653138550000001,7.024666942387128e-05,7.178165120028041,True
4.001464199999998,2.730204450000001,7.023826455904427e-05,7.17846358022238,True
4.001464199999998,2.807270350000001,9.528900826602822e-06,12.161064614836684,True
4.001464199999998,2.884336250000001,9.528893864820626e-06,12.161066437192694,True
4.001464199999998,2.961402150000001,9.526085281429432e-06,12.16180173671537,True
4.001464199999998,3.038468050000001,1.1386805757164441e-06,17.460185521529283,False
4.001464199999998,3.115533950000001,2.815545173390561e-09,32.43237818129086,False
4.001464199999998,3.192599850000001,0.0,,False
4.001464199999998,3.269665750000001,0.0,,False
4.001464199999998,3.346731650000001,0.0,,False
4.001464199999998,3.423797550000001,0.0,,False
4.001464199999998,3.5008634500000007,0.0,,False
4.001464199999998,3.5779293500000002,0.0,,False
4.001464199999998,3.6549952500000003,0.0,,False
4.001464199999998,3.7320611500000003,0.0,,False
4.001464199999998,3.80912705,0.0,,False
4.084237399999998,-3.82039705,0.0,,False
4.084237399999998,-3.74333115,0.0,,False
4.084237399999998,-3.66626525,0.0,,False
4.084237399999998,-3.58919935,0.0,,False
4.084237399999998,-3.51213345,0.0,,False
4.084237399999998,-3.43506755,0.0,,False
4.084237399999998,-3.35800165,0.0,,False
4.084237399999998,-3.28093575,0.0,,False
4.084237399999998,-3.20386985,0.0,,False
4.084237399999998,-3.1268039499999998,0.0,,False
4.084237399999998,-3.0497380499999998,0.0,,False
4.084237399999998,-2.9726721499999997,0.0,,False
4.084237399999998,-2.8956062499999997,0.0,,False
4.084237399999998,-2.8185403499999997,0.0,,False
4.084237399999998,-2.7414744499999997,0.0,,False
4.084237399999998,-2.6644085499999997,0.0,,False
4.084237399999998,-2.5873426499999996,0.0,,False
4.084237399999998,-2.5102767499999996,0.0,,False
4.084237399999998,-2.4332108499999996,0.0,,False
4.084237399999998,-2.3561449499999996,0.0,,False
4.084237399999998,-2.2790790499999996,0.0,,False
4.084237399999998,-2.2020131499999995,0.0,,False
4.084237399999998,-2.1249472499999995,0.0,,False
4.084237399999998,-2.04788135,0.0,,False
4.084237399999998,-1.97081545,0.0,,False
4.084237399999998,-1.89374955,0.0,,False
4.084237399999998,-1.8166836499999999,0.0,,False
4.084237399999998,-1.7396177499999999,2.808583391196284e-09,32.438553378750335,False
4.084237399999998,-1.6625518499999998,1.1414891591076403e-06,17.45404074912868,False
4.084237399999998,-1.5854859499999998,1.177145931906146e-05,11.633889786365197,True
4.084237399999998,-1.5084200499999998,2.6249870685711964e-05,9.633472078020667,True
4.084237399999998,-1.4313541499999998,3.4019988101933504e-06,14.730149326338887,True
4.084237399999998,-1.3542882499999997,8.425750173588851e-09,29.698242137008414,False
4.084237399999998,-1.2772223499999997,2.808583391196284e-09,32.438553378750335,False
4.084237399999998,-1.2001564499999997,1.1538301127345142e-06,17.427218497184203,False
4.084237399999998,-1.1230905499999997,1.6750162313083198e-05,10.754061545255052,True
4.084237399999998,-1.0460246499999997,6.304335909601798e-05,7.448028050949898,True
4.084237399999998,-0.9689587499999996,9.537319614994215e-06,12.15886183827278,True
4.084237399999998,-0.8918928499999996,8.416597159687039e-06,12.470671333604498,True
4.084237399999998,-0.8148269499999996,1.1594403177347127e-06,17.415119799878763,False
4.084237399999998,-0.7377610499999996,9.508155008148942e-06,12.166501077337832,True
4.084237399999998,-0.6606951499999996,7.02382506354799e-05,7.178464074683488,True
4.084237399999998,-0.5836292499999995,9.531702448211824e-06,12.160331354363139,True
4.084237399999998,-0.5065633499999995,1.1801861361885924e-06,17.370883288695484,False
4.084237399999998,-0.4294974499999995,8.375084637432696e-06,12.483004405007637,True
4.084237399999998,-0.3524315499999995,1.1330703707162456e-06,17.472505340650244,False
4.084237399999998,-0.27536564999999946,2.815545173390561e-09,32.43237818129086,False
4.084237399999998,-0.19829974999999966,2.808583391196284e-09,32.438553378750335,False
4.084237399999998,-0.12123384999999987,2.3561363627270515e-08,27.133274347052172,False
4.084237399999998,-0.044167949999999845,1.1358719923252478e-06,17.46634546889086,False
4.084237399999998,0.032897950000000176,8.372276054041499e-06,12.483841021436866,True
4.084237399999998,0.1099638500000002,1.1330634089340514e-06,17.47252066635034,False
4.084237399999998,0.18702975000000022,2.808583391196284e-09,32.438553378750335,False
4.084237399999998,0.26409565000000024,2.808583391196284e-09,32.438553378750335,False
4.084237399999998,0.34116155000000026,1.1330634089340514e-06,17.47252066635034,False
4.084237399999998,0.4182274500000003,8.372269092259306e-06,12.48384309555034,True
4.084237399999998,0.4952933500000003,1.1358719923252476e-06,17.46634546889086,False
4.084237399999998,0.5723592500000003,1.1358719923252476e-06,17.46634546889086,False
4.084237399999998,0.6494251500000003,8.372276054041499e-06,12.483841021436866,True
4.084237399999998,0.7264910500000004,1.156624772561322e-06,17.42118433322631,False
4.084237399999998,0.8035569500000004,8.39583741766877e-06,12.476831280966076,True
4.084237399999998,0.8806228500000004,6.186878316482958e-05,7.494939049420826,True
4.084237399999998,0.9576887500000004,8.413788576295841e-06,12.471503822967442,True
4.084237399999998,1.0347546500000004,8.401447622668967e-06,12.475165088791236,True
4.084237399999998,1.1118205500000005,6.301698914899952e-05,7.449071608000029,True
4.084237399999998,1.1888864500000005,1.6747353729692002e-05,10.754479818567745,True
4.084237399999998,1.2659523500000005,1.1622489011259088e-06,17.40908491644551,False
4.084237399999998,1.3430182500000005,2.2896881814953733e-06,15.71777653563224,True
4.084237399999998,1.4200841500000005,1.6747353729692002e-05,10.754479818567745,True
4.084237399999998,1.4971500500000006,2.268963248388076e-06,15.740456646814398,True
4.084237399999998,1.5742159500000006,3.4802658974249925e-08,26.160268817235448,False
4.084237399999998,1.6512818500000006,7.070497622839438e-08,24.392226200661653,False
4.084237399999998,1.7283477500000006,1.191427431535572e-06,17.347237101681724,False
4.084237399999998,1.8054136500000006,1.6830378774200688e-05,10.742144678861681,True
4.084237399999998,1.8824795500000007,7.137693121119633e-05,7.138350913096805,True
4.084237399999998,1.9595454500000007,7.024388172582667e-05,7.178264108369943,True
4.084237399999998,2.0366113500000007,1.0659148690363483e-05,11.881476219302696,True
4.084237399999998,2.1136772500000007,1.6765297926536878e-05,10.751808653605949,True
4.084237399999998,2.1907431500000007,2.268935401259299e-06,15.740487260179187,True
4.084237399999998,2.2678090500000008,2.6376908800661072e-08,26.85171157720487,False
4.084237399999998,2.344874950000001,5.624128564586845e-09,30.70651997257919,False
4.084237399999998,2.421940850000001,2.356832540946479e-08,27.13253744240358,False
4.084237399999998,2.499006750000001,2.6369947018466797e-08,26.852370006723515,False
4.084237399999998,2.576072650000001,1.1386875374986383e-06,17.46017027143138,False
4.084237399999998,2.653138550000001,9.505339462975551e-06,12.167239807778996,True
4.084237399999998,2.730204450000001,9.505339462975551e-06,12.167239807778996,True
4.084237399999998,2.807270350000001,1.1414961208898347e-06,17.45402553655285,False
4.084237399999998,2.884336250000001,1.1594333559525182e-06,17.4151347770149,False
4.084237399999998,2.961402150000001,8.395830455886577e-06,12.47683334925893,True
4.084237399999998,3.038468050000001,1.135878954107442e-06,17.46633018108533,False
4.084237399999998,3.115533950000001,2.815545173390561e-09,32.43237818129086,False
4.084237399999998,3.192599850000001,0.0,,False
4.084237399999998,3.269665750000001,0.0,,False
4.084237399999998,3.346731650000001,0.0,,False
4.084237399999998,3.423797550000001,0.0,,False
4.084237399999998,3.5008634500000007,0.0,,False
4.084237399999998,3.5779293500000002,0.0,,False
4.084237399999998,3.6549952500000003,0.0,,False
4.084237399999998,3.7320611500000003,0.0,,False
4.084237399999998,3.80912705,0.0,,False
4.1670105999999985,-3.82039705,0.0,,False
4.1670105999999985,-3.74333115,0.0,,False
4.1670105999999985,-3.66626525,0.0,,False
4.1670105999999985,-3.58919935,0.0,,False
4.1670105999999985,-3.51213345,0.0,,False
4.1670105999999985,-3.43506755,0.0,,False
4.1670105999999985,-3.35800165,0.0,,False
4.1670105999999985,-3.28093575,0.0,,False
4.1670105999999985,-3.20386985,0.0,,False
4.1670105999999985,-3.1268039499999998,0.0,,False
4.1670105999999985,-3.0497380499999998,0.0,,False
4.1670105999999985,-2.9726721499999997,0.0,,False
4.1670105999999985,-2.8956062499999997,0.0,,False
4.1670105999999985,-2.8185403499999997,0.0,,False
4.1670105999999985,-2.7414744499999997,0.0,,False
4.1670105999999985,-2.6644085499999997,0.0,,False
4.1670105999999985,-2.5873426499999996,0.0,,False
4.1670105999999985,-2.5102767499999996,0.0,,False
4.1670105999999985,-2.4332108499999996,0.0,,False
4.1670105999999985,-2.3561449499999996,0.0,,False
4.1670105999999985,-2.2790790499999996,0.0,,False
4.1670105999999985,-2.2020131499999995,0.0,,False
4.1670105999999985,-2.1249472499999995,0.0,,False
4.1670105999999985,-2.04788135,0.0,,False
4.1670105999999985,-1.97081545,0.0,,False
4.1670105999999985,-1.89374955,0.0,,False
4.1670105999999985,-1.8166836499999999,0.0,,False
4.1670105999999985,-1.7396177499999999,2.075278023607423e-08,27.449875807950338,False
4.1670105999999985,-1.6625518499999998,8.393035796059768e-06,12.477663760122628,True
4.1670105999999985,-1.5854859499999998,7.02410522570889e-05,7.178364583964238,True
4.1670105999999985,-1.5084200499999998,7.027694065077864e-05,7.177090472195062,True
4.1670105999999985,-1.4313541499999998,8.398646001059966e-06,12.47599701195341,True
4.1670105999999985,-1.3542882499999997,2.3575287191659068e-08,27.131800755395062,False
4.1670105999999985,-1.2772223499999997,2.0759742018268505e-08,27.44903919082556,False
4.1670105999999985,-1.2001564499999997,1.1234333564785137e-08,28.98066558582768,False
4.1670105999999985,-1.1230905499999997,2.2868865598863714e-06,15.720830432797337,True
4.1670105999999985,-1.0460246499999997,1.6747353729692002e-05,10.754479818567745,True
4.1670105999999985,-0.9689587499999996,2.2689423630414932e-06,15.740479606802767,True
4.1670105999999985,-0.8918928499999996,2.6369947018466797e-08,26.852370006723515,False
4.1670105999999985,-0.8148269499999996,2.6369947018466797e-08,26.852370006723515,False
4.1670105999999985,-0.7377610499999996,9.508148046366747e-06,12.166502903670036,True
4.1670105999999985,-0.6606951499999996,7.136849849924056e-05,7.138645620122656,True
4.1670105999999985,-0.5836292499999995,1.7877608555234856e-05,10.59157766645082,True
4.1670105999999985,-0.5065633499999995,1.1594333559525182e-06,17.4151347770149,False
4.1670105999999985,-0.4294974499999995,2.3561363627270515e-08,27.133274347052172,False
4.1670105999999985,-0.3524315499999995,2.808583391196284e-09,32.438553378750335,False
4.1670105999999985,-0.27536564999999946,6.961782194276772e-12,47.404586091150335,False
4.1670105999999985,-0.19829974999999966,0.0,,False
4.1670105999999985,-0.12123384999999987,6.961782194276772e-12,47.404586091150335,False
4.1670105999999985,-0.044167949999999845,2.808583391196284e-09,32.438553378750335,False
4.1670105999999985,0.032897950000000176,2.075278023607423e-08,27.449875807950338,False
4.1670105999999985,0.1099638500000002,2.808583391196284e-09,32.438553378750335,False
4.1670105999999985,0.18702975000000022,6.961782194276772e-12,47.404586091150335,False
4.1670105999999985,0.26409565000000024,6.961782194276772e-12,47.404586091150335,False
4.1670105999999985,0.34116155000000026,2.808583391196284e-09,32.438553378750335,False
4.1670105999999985,0.4182274500000003,2.075278023607423e-08,27.449875807950338,False
4.1670105999999985,0.4952933500000003,2.8155451733905604e-09,32.43237818129086,False
4.1670105999999985,0.5723592500000003,2.8155451733905604e-09,32.43237818129086,False
4.1670105999999985,0.6494251500000003,2.075278023607423e-08,27.449875807950338,False
4.1670105999999985,0.7264910500000004,5.617166782392568e-09,30.70960948228901,False
4.1670105999999985,0.8035569500000004,1.1330703707162456e-06,17.472505340650244,False
4.1670105999999985,0.8806228500000004,8.372269092259306e-06,12.48384309555034,True
4.1670105999999985,0.9576887500000004,1.1358719923252476e-06,17.46634546889086,False
4.1670105999999985,1.0347546500000004,1.135878954107442e-06,17.46633018108533,False
4.1670105999999985,1.1118205500000005,8.375084637432696e-06,12.483004405007637,True
4.1670105999999985,1.1888864500000005,1.1594333559525182e-06,17.4151347770149,False
4.1670105999999985,1.2659523500000005,1.1801930979707866e-06,17.370868574921452,False
4.1670105999999985,1.3430182500000005,1.6750162313083198e-05,10.754061545255052,True
4.1670105999999985,1.4200841500000005,6.301698914899952e-05,7.449071608000029,True
4.1670105999999985,1.4971500500000006,8.377886259041698e-06,12.482170141813402,True
4.1670105999999985,1.5742159500000006,2.0759742018268505e-08,27.44903919082556,False
4.1670105999999985,1.6512818500000006,2.815545173390561e-09,32.43237818129086,False
4.1670105999999985,1.7283477500000006,1.1386805757164441e-06,17.460185521529283,False
4.1670105999999985,1.8054136500000006,9.528893864820628e-06,12.161066437192694,True
4.1670105999999985,1.8824795500000007,1.0641204493518604e-05,11.88567886480487,True
4.1670105999999985,1.9595454500000007,9.528907788385017e-06,12.161062792482005,True
4.1670105999999985,2.0366113500000007,9.51094966797575e-06,12.165768042995062,True
4.1670105999999985,2.1136772500000007,6.188672736167447e-05,7.49421570536469,True
4.1670105999999985,2.1907431500000007,8.3750776756505e-06,12.483006478425555,True
4.1670105999999985,2.2678090500000008,2.356832540946479e-08,27.13253744240358,False
4.1670105999999985,2.344874950000001,1.1330634089340514e-06,17.47252066635034,False
4.1670105999999985,2.421940850000001,8.372269092259306e-06,12.48384309555034,True
4.1670105999999985,2.499006750000001,1.1330703707162456e-06,17.472505340650244,False
4.1670105999999985,2.576072650000001,5.6241285645868454e-09,30.70651997257919,False
4.1670105999999985,2.653138550000001,2.3561363627270515e-08,27.133274347052172,False
4.1670105999999985,2.730204450000001,2.3561363627270515e-08,27.133274347052172,False
4.1670105999999985,2.807270350000001,2.356832540946479e-08,27.13253744240358,False
4.1670105999999985,2.884336250000001,8.372276054041499e-06,12.483841021436866,True
4.1670105999999985,2.961402150000001,6.186316599804719e-05,7.495165524750339,True
4.1670105999999985,3.038468050000001,8.372269092259306e-06,12.48384309555034,True
4.1670105999999985,3.115533950000001,2.075278023607423e-08,27.449875807950338,False
4.1670105999999985,3.192599850000001,0.0,,False
4.1670105999999985,3.269665750000001,0.0,,False
4.1670105999999985,3.346731650000001,0.0,,False
4.1670105999999985,3.423797550000001,0.0,,False
4.1670105999999985,3.5008634500000007,0.0,,False
4.1670105999999985,3.5779293500000002,0.0,,False
4.1670105999999985,3.6549952500000003,0.0,,False
4.1670105999999985,3.7320611500000003,0.0,,False
4.1670105999999985,3.80912705,0.0,,False
4.249783799999999,-3.82039705,0.0,,False
4.249783799999999,-3.74333115,0.0,,False
4.249783799999999,-3.66626525,0.0,,False
4.249783799999999,-3.58919935,0.0,,False
4.249783799999999,-3.51213345,0.0,,False
4.249783799999999,-3.43506755,0.0,,False
4.249783799999999,-3.35800165,0.0,,False
4.249783799999999,-3.28093575,0.0,,False
4.249783799999999,-3.20386985,0.0,,False
4.249783799999999,-3.1268039499999998,0.0,,False
4.249783799999999,-3.0497380499999998,0.0,,False
4.249783799999999,-2.9726721499999997,0.0,,False
4.249783799999999,-2.8956062499999997,0.0,,False
4.249783799999999,-2.8185403499999997,0.0,,False
4.249783799999999,-2.7414744499999997,0.0,,False
4.249783799999999,-2.6644085499999997,0.0,,False
4.249783799999999,-2.5873426499999996,0.0,,False
4.249783799999999,-2.5102767499999996,0.0,,False
4.249783799999999,-2.4332108499999996,0.0,,False
4.249783799999999,-2.3561449499999996,0.0,,False
4.249783799999999,-2.2790790499999996,0.0,,False
4.249783799999999,-2.2020131499999995,0.0,,False
4.249783799999999,-2.1249472499999995,0.0,,False
4.249783799999999,-2.04788135,0.0,,False
4.249783799999999,-1.97081545,0.0,,False
4.249783799999999,-1.89374955,0.0,,False
4.249783799999999,-1.8166836499999999,0.0,,False
4.249783799999999,-1.7396177499999999,2.808583391196284e-09,32.438553378750335,False
4.249783799999999,-1.6625518499999998,1.1358719923252476e-06,17.46634546889086,False
4.249783799999999,-1.5854859499999998,9.505332501193357e-06,12.167241634652175,True
4.249783799999999,-1.5084200499999998,9.505332501193357e-06,12.167241634652175,True
4.249783799999999,-1.4313541499999998,1.138680575716444e-06,17.460185521529283,False
4.249783799999999,-1.3542882499999997,1.1358719923252476e-06,17.46634546889086,False
4.249783799999999,-1.2772223499999997,8.372269092259306e-06,12.48384309555034,True
4.249783799999999,-1.2001564499999997,1.15382315095232e-06,17.427233547143064,False
4.249783799999999,-1.1230905499999997,8.377886259041698e-06,12.482170141813402,True
4.249783799999999,-1.0460246499999997,6.188391877828326e-05,7.494328907625555,True
4.249783799999999,-0.9689587499999996,8.3750776756505e-06,12.483006478425555,True
4.249783799999999,-0.8918928499999996,2.0759742018268505e-08,27.44903919082556,False
4.249783799999999,-0.8148269499999996,2.815545173390561e-09,32.43237818129086,False
4.249783799999999,-0.7377610499999996,1.156624772561322e-06,17.42118433322631,False
4.249783799999999,-0.6606951499999996,1.6765290964754684e-05,10.751809689379186,True
4.249783799999999,-0.5836292499999995,6.299903799037244e-05,7.449782252074845,True
4.249783799999999,-0.5065633499999995,8.375084637432696e-06,12.483004405007637,True
4.249783799999999,-0.4294974499999995,2.075278023607423e-08,27.449875807950338,False
4.249783799999999,-0.3524315499999995,0.0,,False
4.249783799999999,-0.27536564999999946,0.0,,False
4.249783799999999,-0.19829974999999966,0.0,,False
4.249783799999999,-0.12123384999999987,0.0,,False
4.249783799999999,-0.044167949999999845,0.0,,False
4.249783799999999,0.032897950000000176,0.0,,False
4.249783799999999,0.1099638500000002,0.0,,False
4.249783799999999,0.18702975000000022,0.0,,False
4.249783799999999,0.26409565000000024,0.0,,False
4.249783799999999,0.34116155000000026,0.0,,False
4.249783799999999,0.4182274500000003,0.0,,False
4.249783799999999,0.4952933500000003,0.0,,False
4.249783799999999,0.5723592500000003,0.0,,False
4.249783799999999,0.6494251500000003,0.0,,False
4.249783799999999,0.7264910500000004,6.961782194276772e-12,47.404586091150335,False
4.249783799999999,0.8035569500000004,2.808583391196284e-09,32.438553378750335,False
4.249783799999999,0.8806228500000004,2.075278023607423e-08,27.449875807950338,False
4.249783799999999,0.9576887500000004,2.8155451733905604e-09,32.43237818129086,False
4.249783799999999,1.0347546500000004,2.8155451733905604e-09,32.43237818129086,False
4.249783799999999,1.1118205500000005,2.3561363627270515e-08,27.133274347052172,False
4.249783799999999,1.1888864500000005,1.156624772561322e-06,17.42118433322631,False
4.249783799999999,1.2659523500000005,1.6747353729692002e-05,10.754479818567745,True
4.249783799999999,1.3430182500000005,6.41292928159153e-05,7.4054284449332455,True
4.249783799999999,1.4200841500000005,1.6747346767909808e-05,10.75448085545078,True
4.249783799999999,1.4971500500000006,1.1538161891701255e-06,17.427248597192733,False
4.249783799999999,1.5742159500000006,2.808583391196284e-09,32.438553378750335,False
4.249783799999999,1.6512818500000006,2.075278023607423e-08,27.449875807950338,False
4.249783799999999,1.7283477500000006,8.372276054041499e-06,12.483841021436866,True
4.249783799999999,1.8054136500000006,6.186598154322058e-05,7.495052003827117,True
4.249783799999999,1.8824795500000007,8.395830455886575e-06,12.47683334925893,True
4.249783799999999,1.9595454500000007,4.7122727254541024e-08,25.404330450590844,False
4.249783799999999,2.0366113500000007,1.135878954107442e-06,17.46633018108533,False
4.249783799999999,2.1136772500000007,8.372276054041499e-06,12.483841021436866,True
4.249783799999999,2.1907431500000007,1.1330634089340514e-06,17.47252066635034,False
4.249783799999999,2.2678090500000008,2.3561363627270515e-08,27.133274347052172,False
4.249783799999999,2.344874950000001,8.372269092259306e-06,12.48384309555034,True
4.249783799999999,2.421940850000001,6.186316599804719e-05,7.495165524750339,True
4.249783799999999,2.499006750000001,8.372269092259306e-06,12.48384309555034,True
4.249783799999999,2.576072650000001,2.0759742018268505e-08,27.44903919082556,False
4.249783799999999,2.653138550000001,2.808583391196284e-09,32.438553378750335,False
4.249783799999999,2.730204450000001,2.075278023607423e-08,27.449875807950338,False
4.249783799999999,2.807270350000001,5.617166782392568e-09,30.70960948228901,False
4.249783799999999,2.884336250000001,1.1330703707162456e-06,17.472505340650244,False
4.249783799999999,2.961402150000001,8.372269092259306e-06,12.48384309555034,True
4.249783799999999,3.038468050000001,1.1330634089340514e-06,17.47252066635034,False
4.249783799999999,3.115533950000001,2.808583391196284e-09,32.438553378750335,False
4.249783799999999,3.192599850000001,0.0,,False
4.249783799999999,3.269665750000001,0.0,,False
4.249783799999999,3.346731650000001,0.0,,False
4.249783799999999,3.423797550000001,0.0,,False
4.249783799999999,3.5008634500000007,0.0,,False
4.249783799999999,3.5779293500000002,0.0,,False
4.249783799999999,3.6549952500000003,0.0,,False
4.249783799999999,3.7320611500000003,0.0,,False
4.249783799999999,3.80912705,0.0,,False
4.332556999999999,-3.82039705,0.0,,False
4.332556999999999,-3.74333115,0.0,,False
4.332556999999999,-3.66626525,0.0,,False
4.332556999999999,-3.58919935,0.0,,False
4.332556999999999,-3.51213345,0.0,,False
4.332556999999999,-3.43506755,0.0,,False
4.332556999999999,-3.35800165,0.0,,False
4.332556999999999,-3.28093575,0.0,,False
4.332556999999999,-3.20386985,0.0,,False
4.332556999999999,-3.1268039499999998,0.0,,False
4.332556999999999,-3.0497380499999998,0.0,,False
4.332556999999999,-2.9726721499999997,0.0,,False
4.332556999999999,-2.8956062499999997,0.0,,False
4.332556999999999,-2.8185403499999997,0.0,,False
4.332556999999999,-2.7414744499999997,0.0,,False
4.332556999999999,-2.6644085499999997,0.0,,False
4.332556999999999,-2.5873426499999996,0.0,,False
4.332556999999999,-2.5102767499999996,0.0,,False
4.332556999999999,-2.4332108499999996,0.0,,False
4.332556999999999,-2.3561449499999996,0.0,,False
4.332556999999999,-2.2790790499999996,0.0,,False
4.332556999999999,-2.2020131499999995,0.0,,False
4.332556999999999,-2.1249472499999995,0.0,,False
4.332556999999999,-2.04788135,0.0,,False
4.332556999999999,-1.97081545,0.0,,False
4.332556999999999,-1.89374955,0.0,,False
4.332556999999999,-1.8166836499999999,0.0,,False
4.332556999999999,-1.7396177499999999,6.961782194276772e-12,47.404586091150335,False
4.332556999999999,-1.6625518499999998,2.8155451733905604e-09,32.43237818129086,False
4.332556999999999,-1.5854859499999998,2.3561363627270515e-08,27.133274347052172,False
4.332556999999999,-1.5084200499999998,2.3561363627270515e-08,27.133274347052172,False
4.332556999999999,-1.4313541499999998,2.3575287191659068e-08,27.131800755395062,False
4.332556999999999,-1.3542882499999997,8.375084637432696e-06,12.483004405007637,True
4.332556999999999,-1.2772223499999997,6.188391877828326e-05,7.494328907625555,True
4.332556999999999,-1.2001564499999997,8.377886259041698e-06,12.482170141813402,True
4.332556999999999,-1.1230905499999997,1.15382315095232e-06,17.427233547143064,False
4.332556999999999,-1.0460246499999997,8.372269092259306e-06,12.48384309555034,True
4.332556999999999,-0.9689587499999996,1.1330634089340514e-06,17.47252066635034,False
4.332556999999999,-0.8918928499999996,2.808583391196284e-09,32.438553378750335,False
4.332556999999999,-0.8148269499999996,6.961782194276772e-12,47.404586091150335,False
4.332556999999999,-0.7377610499999996,5.617166782392568e-09,30.70960948228901,False
4.332556999999999,-0.6606951499999996,1.1538161891701255e-06,17.427248597192733,False
4.332556999999999,-0.5836292499999995,8.375077675650502e-06,12.483006478425555,True
4.332556999999999,-0.5065633499999995,1.1330703707162456e-06,17.472505340650244,False
4.332556999999999,-0.4294974499999995,2.808583391196284e-09,32.438553378750335,False
4.332556999999999,-0.3524315499999995,0.0,,False
4.332556999999999,-0.27536564999999946,0.0,,False
4.332556999999999,-0.19829974999999966,0.0,,False
4.332556999999999,-0.12123384999999987,0.0,,False
4.332556999999999,-0.044167949999999845,0.0,,False
4.332556999999999,0.032897950000000176,0.0,,False
4.332556999999999,0.1099638500000002,0.0,,False
4.332556999999999,0.18702975000000022,0.0,,False
4.332556999999999,0.26409565000000024,0.0,,False
4.332556999999999,0.34116155000000026,0.0,,False
4.332556999999999,0.4182274500000003,0.0,,False
4.332556999999999,0.4952933500000003,0.0,,False
4.332556999999999,0.5723592500000003,0.0,,False
4.332556999999999,0.6494251500000003,0.0,,False
4.332556999999999,0.7264910500000004,0.0,,False
4.332556999999999,0.8035569500000004,0.0,,False
4.332556999999999,0.8806228500000004,0.0,,False
4.332556999999999,0.9576887500000004,0.0,,False
4.332556999999999,1.0347546500000004,0.0,,False
4.332556999999999,1.1118205500000005,2.075278023607423e-08,27.449875807950338,False
4.332556999999999,1.1888864500000005,8.3750776756505e-06,12.483006478425555,True
4.332556999999999,1.2659523500000005,6.299623636876343e-05,7.4498931799406405,True
4.332556999999999,1.3430182500000005,1.6747346767909808e-05,10.75448085545078,True
4.332556999999999,1.4200841500000005,1.1745689694061999e-06,17.382783586533247,False
4.332556999999999,1.4971500500000006,5.617166782392568e-09,30.70960948228901,False
4.332556999999999,1.5742159500000006,6.961782194276772e-12,47.404586091150335,False
4.332556999999999,1.6512818500000006,2.808583391196284e-09,32.438553378750335,False
4.332556999999999,1.7283477500000006,1.1330634089340514e-06,17.47252066635034,False
4.332556999999999,1.8054136500000006,8.372269092259306e-06,12.48384309555034,True
4.332556999999999,1.8824795500000007,1.1330634089340514e-06,17.47252066635034,False
4.332556999999999,1.9595454500000007,2.815545173390561e-09,32.43237818129086,False
4.332556999999999,2.0366113500000007,2.808583391196284e-09,32.438553378750335,False
4.332556999999999,2.1136772500000007,2.075278023607423e-08,27.449875807950338,False
4.332556999999999,2.1907431500000007,2.808583391196284e-09,32.438553378750335,False
4.332556999999999,2.2678090500000008,2.815545173390561e-09,32.43237818129086,False
4.332556999999999,2.344874950000001,1.1330634089340514e-06,17.47252066635034,False
4.332556999999999,2.421940850000001,8.372269092259306e-06,12.48384309555034,True
4.332556999999999,2.499006750000001,1.1330634089340514e-06,17.47252066635034,False
4.332556999999999,2.576072650000001,5.617166782392568e-09,30.70960948228901,False
4.332556999999999,2.653138550000001,1.1330634089340514e-06,17.47252066635034,False
4.332556999999999,2.730204450000001,8.372269092259306e-06,12.48384309555034,True
4.332556999999999,2.807270350000001,1.1330703707162456e-06,17.472505340650244,False
4.332556999999999,2.884336250000001,5.617166782392568e-09,30.70960948228901,False
4.332556999999999,2.961402150000001,2.075278023607423e-08,27.449875807950338,False
4.332556999999999,3.038468050000001,2.808583391196284e-09,32.438553378750335,False
4.332556999999999,3.115533950000001,6.961782194276772e-12,47.404586091150335,False
4.332556999999999,3.192599850000001,0.0,,False
4.332556999999999,3.269665750000001,0.0,,False
4.332556999999999,3.346731650000001,0.0,,False
4.332556999999999,3.423797550000001,0.0,,False
4.332556999999999,3.5008634500000007,0.0,,False
4.332556999999999,3.5779293500000002,0.0,,False
4.332556999999999,3.6549952500000003,0.0,,False
4.332556999999999,3.7320611500000003,0.0,,False
4.332556999999999,3.80912705,0.0,,False
4.415330199999999,-3.82039705,0.0,,False
4.415330199999999,-3.74333115,0.0,,False
4.415330199999999,-3.66626525,0.0,,False
4.415330199999999,-3.58919935,0.0,,False
4.415330199999999,-3.51213345,0.0,,False
4.415330199999999,-3.43506755,0.0,,False
4.415330199999999,-3.35800165,0.0,,False
4.415330199999999,-3.28093575,0.0,,False
4.415330199999999,-3.20386985,0.0,,False
4.415330199999999,-3.1268039499999998,0.0,,False
4.415330199999999,-3.0497380499999998,0.0,,False
4.415330199999999,-2.9726721499999997,0.0,,False
4.415330199999999,-2.8956062499999997,0.0,,False
4.415330199999999,-2.8185403499999997,0.0,,False
4.415330199999999,-2.7414744499999997,0.0,,False
4.415330199999999,-2.6644085499999997,0.0,,False
4.415330199999999,-2.5873426499999996,0.0,,False
4.415330199999999,-2.5102767499999996,0.0,,False
4.415330199999999,-2.4332108499999996,0.0,,False
4.415330199999999,-2.3561449499999996,0.0,,False
4.415330199999999,-2.2790790499999996,0.0,,False
4.415330199999999,-2.2020131499999995,0.0,,False
4.415330199999999,-2.1249472499999995,0.0,,False
4.415330199999999,-2.04788135,0.0,,False
4.415330199999999,-1.97081545,0.0,,False
4.415330199999999,-1.89374955,0.0,,False
4.415330199999999,-1.8166836499999999,0.0,,False
4.415330199999999,-1.7396177499999999,0.0,,False
4.415330199999999,-1.6625518499999998,0.0,,False
4.415330199999999,-1.5854859499999998,0.0,,False
4.415330199999999,-1.5084200499999998,0.0,,False
4.415330199999999,-1.4313541499999998,5.624128564586845e-09,30.70651997257919,False
4.415330199999999,-1.3542882499999997,2.268935401259299e-06,15.740487260179187,True
4.415330199999999,-1.2772223499999997,1.6765290964754684e-05,10.751809689379186,True
4.415330199999999,-1.2001564499999997,2.2689423630414932e-06,15.740479606802767,True
4.415330199999999,-1.1230905499999997,8.432711955783128e-09,29.696182038738886,False
4.415330199999999,-1.0460246499999997,2.075278023607423e-08,27.449875807950338,False
4.415330199999999,-0.9689587499999996,2.808583391196284e-09,32.438553378750335,False
4.415330199999999,-0.8918928499999996,6.961782194276772e-12,47.404586091150335,False
4.415330199999999,-0.8148269499999996,0.0,,False
4.415330199999999,-0.7377610499999996,6.961782194276772e-12,47.404586091150335,False
4.415330199999999,-0.6606951499999996,2.808583391196284e-09,32.438553378750335,False
4.415330199999999,-0.5836292499999995,2.075278023607423e-08,27.449875807950338,False
4.415330199999999,-0.5065633499999995,2.808583391196284e-09,32.438553378750335,False
4.415330199999999,-0.4294974499999995,6.961782194276772e-12,47.404586091150335,False
4.415330199999999,-0.3524315499999995,0.0,,False
4.415330199999999,-0.27536564999999946,0.0,,False
4.415330199999999,-0.19829974999999966,0.0,,False
4.415330199999999,-0.12123384999999987,0.0,,False
4.415330199999999,-0.044167949999999845,0.0,,False
4.415330199999999,0.032897950000000176,0.0,,False
4.415330199999999,0.1099638500000002,0.0,,False
4.415330199999999,0.18702975000000022,0.0,,False
4.415330199999999,0.26409565000000024,0.0,,False
4.415330199999999,0.34116155000000026,0.0,,False
4.415330199999999,0.4182274500000003,0.0,,False
4.415330199999999,0.4952933500000003,0.0,,False
4.415330199999999,0.5723592500000003,0.0,,False
4.415330199999999,0.6494251500000003,0.0,,False
4.415330199999999,0.7264910500000004,0.0,,False
4.415330199999999,0.8035569500000004,0.0,,False
4.415330199999999,0.8806228500000004,0.0,,False
4.415330199999999,0.9576887500000004,0.0,,False
4.415330199999999,1.0347546500000004,0.0,,False
4.415330199999999,1.1118205500000005,2.808583391196284e-09,32.438553378750335,False
4.415330199999999,1.1888864500000005,1.1330703707162456e-06,17.472505340650244,False
4.415330199999999,1.2659523500000005,8.375077675650502e-06,12.483006478425555,True
4.415330199999999,1.3430182500000005,1.1538161891701255e-06,17.427248597192733,False
4.415330199999999,1.4200841500000005,5.617166782392568e-09,30.70960948228901,False
4.415330199999999,1.4971500500000006,6.961782194276772e-12,47.404586091150335,False
4.415330199999999,1.5742159500000006,0.0,,False
4.415330199999999,1.6512818500000006,6.961782194276772e-12,47.404586091150335,False
4.415330199999999,1.7283477500000006,2.808583391196284e-09,32.438553378750335,False
4.415330199999999,1.8054136500000006,2.075278023607423e-08,27.449875807950338,False
4.415330199999999,1.8824795500000007,2.808583391196284e-09,32.438553378750335,False
4.415330199999999,1.9595454500000007,6.961782194276772e-12,47.404586091150335,False
4.415330199999999,2.0366113500000007,0.0,,False
4.415330199999999,2.1136772500000007,0.0,,False
4.415330199999999,2.1907431500000007,0.0,,False
4.415330199999999,2.2678090500000008,6.961782194276772e-12,47.404586091150335,False
4.415330199999999,2.344874950000001,2.808583391196284e-09,32.438553378750335,False
4.415330199999999,2.421940850000001,2.075278023607423e-08,27.449875807950338,False
4.415330199999999,2.499006750000001,2.808583391196284e-09,32.438553378750335,False
4.415330199999999,2.576072650000001,2.0759742018268505e-08,27.44903919082556,False
4.415330199999999,2.653138550000001,8.372269092259306e-06,12.48384309555034,True
4.415330199999999,2.730204450000001,6.186316599804719e-05,7.495165524750339,True
4.415330199999999,2.807270350000001,8.372269092259306e-06,12.48384309555034,True
4.415330199999999,2.884336250000001,2.075278023607423e-08,27.449875807950338,False
4.415330199999999,2.961402150000001,0.0,,False
4.415330199999999,3.038468050000001,0.0,,False
4.415330199999999,3.115533950000001,0.0,,False
4.415330199999999,3.192599850000001,0.0,,False
4.415330199999999,3.269665750000001,0.0,,False
4.415330199999999,3.346731650000001,0.0,,False
4.415330199999999,3.423797550000001,0.0,,False
4.415330199999999,3.5008634500000007,0.0,,False
4.415330199999999,3.5779293500000002,0.0,,False
4.415330199999999,3.6549952500000003,0.0,,False
4.415330199999999,3.7320611500000003,0.0,,False
4.415330199999999,3.80912705,0.0,,False
4.4981034,-3.82039705,0.0,,False
4.4981034,-3.74333115,0.0,,False
4.4981034,-3.66626525,0.0,,False
4.4981034,-3.58919935,0.0,,False
4.4981034,-3.51213345,0.0,,False
4.4981034,-3.43506755,0.0,,False
4.4981034,-3.35800165,0.0,,False
4.4981034,-3.28093575,0.0,,False
4.4981034,-3.20386985,0.0,,False
4.4981034,-3.1268039499999998,0.0,,False
4.4981034,-3.0497380499999998,0.0,,False
4.4981034,-2.9726721499999997,0.0,,False
4.4981034,-2.8956062499999997,0.0,,False
4.4981034,-2.8185403499999997,0.0,,False
4.4981034,-2.7414744499999997,0.0,,False
4.4981034,-2.6644085499999997,0.0,,False
4.4981034,-2.5873426499999996,0.0,,False
4.4981034,-2.5102767499999996,0.0,,False
4.4981034,-2.4332108499999996,0.0,,False
4.4981034,-2.3561449499999996,0.0,,False
4.4981034,-2.2790790499999996,0.0,,False
4.4981034,-2.2020131499999995,0.0,,False
4.4981034,-2.1249472499999995,0.0,,False
4.4981034,-2.04788135,0.0,,False
4.4981034,-1.97081545,0.0,,False
4.4981034,-1.89374955,0.0,,False
4.4981034,-1.8166836499999999,0.0,,False
4.4981034,-1.7396177499999999,0.0,,False
4.4981034,-1.6625518499999998,0.0,,False
4.4981034,-1.5854859499999998,0.0,,False
4.4981034,-1.5084200499999998,0.0,,False
4.4981034,-1.4313541499999998,2.3575287191659068e-08,27.131800755395062,False
4.4981034,-1.3542882499999997,9.51094966797575e-06,12.165768042995062,True
4.4981034,-1.2772223499999997,7.027694065077865e-05,7.177090472195061,True
4.4981034,-1.2001564499999997,9.51094966797575e-06,12.165768042995062,True
4.4981034,-1.1230905499999997,2.3575287191659068e-08,27.131800755395062,False
4.4981034,-1.0460246499999997,0.0,,False
4.4981034,-0.9689587499999996,0.0,,False
4.4981034,-0.8918928499999996,0.0,,False
4.4981034,-0.8148269499999996,0.0,,False
4.4981034,-0.7377610499999996,0.0,,False
4.4981034,-0.6606951499999996,0.0,,False
4.4981034,-0.5836292499999995,0.0,,False
4.4981034,-0.5065633499999995,0.0,,False
4.4981034,-0.4294974499999995,0.0,,False
4.4981034,-0.3524315499999995,0.0,,False
4.4981034,-0.27536564999999946,0.0,,False
4.4981034,-0.19829974999999966,0.0,,False
4.4981034,-0.12123384999999987,0.0,,False
4.4981034,-0.044167949999999845,0.0,,False
4.4981034,0.032897950000000176,0.0,,False
4.4981034,0.1099638500000002,0.0,,False
4.4981034,0.18702975000000022,0.0,,False
4.4981034,0.26409565000000024,0.0,,False
4.4981034,0.34116155000000026,0.0,,False
4.4981034,0.4182274500000003,0.0,,False
4.4981034,0.4952933500000003,0.0,,False
4.4981034,0.5723592500000003,0.0,,False
4.4981034,0.6494251500000003,0.0,,False
4.4981034,0.7264910500000004,0.0,,False
4.4981034,0.8035569500000004,0.0,,False
4.4981034,0.8806228500000004,0.0,,False
4.4981034,0.9576887500000004,0.0,,False
4.4981034,1.0347546500000004,0.0,,False
4.4981034,1.1118205500000005,6.961782194276772e-12,47.404586091150335,False
4.4981034,1.1888864500000005,2.808583391196284e-09,32.438553378750335,False
4.4981034,1.2659523500000005,2.075278023607423e-08,27.449875807950338,False
4.4981034,1.3430182500000005,2.808583391196284e-09,32.438553378750335,False
4.4981034,1.4200841500000005,6.961782194276772e-12,47.404586091150335,False
4.4981034,1.4971500500000006,0.0,,False
4.4981034,1.5742159500000006,0.0,,False
4.4981034,1.6512818500000006,0.0,,False
4.4981034,1.7283477500000006,0.0,,False
4.4981034,1.8054136500000006,0.0,,False
4.4981034,1.8824795500000007,0.0,,False
4.4981034,1.9595454500000007,0.0,,False
4.4981034,2.0366113500000007,0.0,,False
4.4981034,2.1136772500000007,0.0,,False
4.4981034,2.1907431500000007,0.0,,False
4.4981034,2.2678090500000008,0.0,,False
4.4981034,2.344874950000001,0.0,,False
4.4981034,2.421940850000001,0.0,,False
4.4981034,2.499006750000001,0.0,,False
4.4981034,2.576072650000001,2.808583391196284e-09,32.438553378750335,False
4.4981034,2.653138550000001,1.1330634089340514e-06,17.47252066635034,False
4.4981034,2.730204450000001,8.372269092259306e-06,12.48384309555034,True
4.4981034,2.807270350000001,1.1330634089340514e-06,17.47252066635034,False
4.4981034,2.884336250000001,2.808583391196284e-09,32.438553378750335,False
4.4981034,2.961402150000001,0.0,,False
4.4981034,3.038468050000001,0.0,,False
4.4981034,3.115533950000001,0.0,,False
4.4981034,3.192599850000001,0.0,,False
4.4981034,3.269665750000001,0.0,,False
4.4981034,3.346731650000001,0.0,,False
4.4981034,3.423797550000001,0.0,,False
4.4981034,3.5008634500000007,0.0,,False
4.4981034,3.5779293500000002,0.0,,False
4.4981034,3.6549952500000003,0.0,,False
4.4981034,3.7320611500000003,0.0,,False
4.4981034,3.80912705,0.0,,False
